id,name,sex,year,form,house,tutor,dob,age_sept,heritage,home_language,eal,pupil_premium,sen_status,sen_primary_need,avg_working_grade,reading_age,best_subject,weakest_subject,attendance_pct,lates_this_term,behaviour_points,detentions,suspensions,behaviour_tier,attendance_concern,emotionally_based_school_avoidance,description
HAR1001,Nathaniel Bailey,M,7,7A,Lea,Mr D. Okonjo,2015-04-23,11.4,Black Caribbean / Mixed Black Caribbean,Jamaican Patois,No,Yes,EHCP,ASD - Autism Spectrum Condition,2.8,7y 9m,English,Maths,87.5,21,200,24,2,poor,True,False,"Nathaniel Bailey has ASD - Autism Spectrum Condition and does far better with structure, warning of changes and a bit of patience. Average working grade 2.8. English is well above the rest; Maths is dragging the profile down. Reading age assessed at 7y 9m. Everything else follows from that. 200 behaviour points, 2 suspensions, and a permanent exclusion narrowly avoided after an incident with a vape and a fire alarm. 87.5% attendance. The school has issued a formal warning and a penalty notice is on the table. Lives with an uncle who is also his named carer in a council flat on the fourth floor. Parents' evening attendance is patchy, and it's shift work rather than a lack of interest. Runs anime and manga club and takes it more seriously than most of the staff do. On a pastoral support plan after a difficult autumn term. EHCP names 8 hours of TA support a week and access arrangements for exams."
HAR1002,Sumaiya Mia,F,7,7A,Lea,Mr D. Okonjo,2015-05-20,11.3,British Bangladeshi,Bengali,No,Yes,None,,4.9,10y 10m,Maths,Science,92.5,2,26,2,0,ok,False,False,"Sumaiya Mia is a grafter. Nothing comes easily but she keeps showing up and keeps trying. Currently 4.9 on average - on target in Maths, a full two grades off in Science. 26 behaviour points, mostly talking, phones and being late to period one. 92.5% attendance - enough to trigger a letter home but not a fine. Lives on the flats behind the Roman Road with both parents, both working in the family business, in a flat with a lift that never works. One of the leaders in boxercise; it's the one place she's consistently brilliant."
HAR1003,Danny Boyle,M,7,7A,Lea,Mr D. Okonjo,2015-03-25,11.4,White British,English,No,Yes,None,,2.8,9y 3m,Music,English,92.1,0,183,33,1,poor,False,False,"Danny Boyle is well known to every member of staff in the building, and not for the right reasons. Average working grade 2.8. Music is well above the rest; English is dragging the profile down. Reading age assessed at 9y 3m. Everything else follows from that. 183 points, 33 detentions and 1 fixed-term suspension. Last one was for calling a member of SLT a bitch in front of a Year 7 class. Attendance 92.1%, which the year team are keeping an eye on. Home is in a house with a converted loft room with mum, dad and four siblings. Goes to robotics club every week without fail. Working with the school counsellor weekly."
HAR1004,Ebru Celik,F,7,7A,Lea,Mr D. Okonjo,2015-07-07,11.2,White Other (Turkish / Kurdish),Zazaki,No,No,None,,7.2,11y 4m,Food Technology,RE,98.3,1,15,2,0,ok,False,False,"Ebru Celik reads well above her age and has an answer for everything, usually the right one. Reports are consistent: strong in Food Technology, weak in RE, average grade 7.2. 15 behaviour points and 2 detentions, all for the same three things. Attendance sits at 98.3% with no unauthorised absence. Lives with mum, dad and four siblings in a flat with a lift that never works. English isn't the main language at home, so letters get read by an older sibling. Big into BMX."
HAR1005,Tahmid Hussain,M,7,7A,Lea,Mr D. Okonjo,2015-06-22,11.2,British Bangladeshi,Bengali,Yes - developing,No,None,,4.4,9y 7m,Art,English,86.9,17,138,34,1,poor,True,False,"Tahmid Hussain runs the room if you let him, and most supply teachers let him. Currently 4.4 on average - on target in Art, a full two grades off in English. 138 points, 34 detentions and 1 fixed-term suspension. Last one was for calling a member of SLT a bitch in front of a Year 7 class. 86.9% attendance. The school has issued a formal warning and a penalty notice is on the table. Lives with both parents, both working in the family business in a two-bed flat. Whoever's home in the morning is doing four school runs, so he's largely left to sort himself out. Goes to steel pans every week without fail. Mentored by the school's attendance and inclusion lead."
HAR1006,Mahiya Karim,F,7,7A,Lea,Mr D. Okonjo,2015-03-27,11.4,British Bangladeshi,Bengali,Yes - fluent,No,None,,1.4,7y 6m,Spanish,English,93.3,1,35,6,0,mixed,False,False,"Mahiya Karim is capable but so far behind that catching up now looks unrealistic without serious intervention. Average of 1.4 across the board, with a big spread between Spanish and English. Literacy is the bottleneck: reading age 7y 6m and handwriting that she's embarrassed about. 35 points. Nothing serious, but the pattern is talking over staff and refusing to move seats. Attendance 93.3%. Punctuality is the bigger problem: 1 lates this term. Lives on the flats behind the Roman Road with grandmother as main carer. Parents' evening attendance is patchy, and it's shift work rather than a lack of interest. Goes to peer mentoring every week without fail. Child in Need plan open; social worker attends termly."
HAR1007,Idil Warsame,F,7,7A,Lea,Mr D. Okonjo,2015-06-25,11.2,Black African (Somali),Somali,Yes - fluent,Yes,None,,3.8,9y 0m,Food Technology,Maths,92.7,3,22,3,0,ok,False,False,"Idil Warsame is a grafter. Nothing comes easily but she keeps showing up and keeps trying. Sits on grade 3.8 overall. Teachers in Food Technology rate her highly, staff in Maths much less so. Reading age 9y 0m - well below her actual age of 11y 2m - so she can't access half the exam papers unaided. 22 points. Nothing serious, but the pattern is talking over staff and refusing to move seats. Attendance 92.7%, which the year team are keeping an eye on. Lives with mum and a disabled younger brother in a one-bed with the living room as a bedroom. English isn't the main language at home, so letters get read by an older sibling. Known across the year for cricket."
HAR1008,Poppy Pike,F,7,7A,Lea,Mr D. Okonjo,2015-04-03,11.4,White British,English,No,Yes,None,,2.6,8y 0m,Science,Art,100.0,0,41,8,0,mixed,False,False,"Poppy Pike has decided school isn't for her and spends most lessons proving it. Currently 2.6 on average - on target in Science, a full two grades off in Art. Reading age assessed at 8y 0m. Everything else follows from that. 41 points. Nothing serious, but the pattern is talking over staff and refusing to move seats. Attendance sits at 100.0% with no unauthorised absence. Lives on the Chrisp Street area with grandmother as main carer, in a terraced house shared with an aunt's family. One of the leaders in peer mentoring; it's the one place she's consistently brilliant. Looked-after child, placed with foster carers in the borough since Year 8."
HAR1009,Anum Qureshi,F,7,7A,Lea,Mr D. Okonjo,2015-05-12,11.3,British Pakistani,Punjabi,Yes - fluent,Yes,None,,4.0,10y 5m,Computing,Maths,88.8,10,22,2,0,ok,True,False,"Anum Qureshi is a solid, steady student who does what's asked and not a great deal more. Working at grade 4.0 on average, with Computing the clear strength and Maths the obvious weak spot. 22 behaviour points, mostly talking, phones and being late to period one. 88.8% attendance - enough to trigger a letter home but not a fine. Lives with mum and three younger siblings in a council flat on the fourth floor. Would rather be at chess club than in any lesson and says so openly."
HAR1010,Gurdeep Desai,M,7,7A,Lea,Mr D. Okonjo,2014-10-14,11.9,British Indian,Tamil,Yes - new to English,Yes,None,,2.0,8y 10m,Food Technology,English,93.9,1,15,1,0,ok,False,False,"Gurdeep Desai is a new-to-English arrival who is far cleverer than his written work can show yet. Working at grade 2.0 on average, with Food Technology the clear strength and English the obvious weak spot. Reading age assessed at 8y 10m. Everything else follows from that. 15 behaviour points, mostly talking, phones and being late to period one. Attendance 93.9%. Punctuality is the bigger problem: 1 lates this term. At home it's mum and her partner, in temporary accommodation. Spends every break on football stats and fantasy leagues."
HAR1011,Zahid Ali,M,7,7A,Lea,Mr D. Okonjo,2014-12-27,11.7,British Bangladeshi,Bengali,Yes - developing,No,None,,4.3,11y 1m,PE,English,96.9,0,19,1,0,ok,False,False,"Zahid Ali sits mid-table across the board and is happy there, which frustrates his tutor. Average working grade 4.3. PE is well above the rest; English is dragging the profile down. 19 points. Nothing serious, but the pattern is talking over staff and refusing to move seats. Attendance 96.9%. The only absences are medical and always covered by a note. At home it's mum, dad and grandad, in a house with a converted loft room. Whoever's home in the morning is doing four school runs, so he's largely left to sort himself out. One of the leaders in boxercise; it's the one place he's consistently brilliant."
HAR1012,Latoya Grant,F,7,7A,Lea,Mr D. Okonjo,2015-04-14,11.4,Black Caribbean / Mixed Black Caribbean,English,No,Yes,None,,4.0,10y 4m,History,English,92.3,3,27,4,0,ok,False,False,"Latoya Grant is pleasant, chatty and easily distracted, but the work gets done in the end. Average of 4.0 across the board, with a big spread between History and English. 27 points logged - low-level stuff: chatting, out of seat, phone on the desk. 92.3% attendance - enough to trigger a letter home but not a fine. At home it's mum only, in a council flat on the fourth floor. Supportive at home, but stretched thin. Quietly good at dog walking for money, which nobody at school knew until Year 9."
HAR1013,Sagal Barre,F,7,7A,Lea,Mr D. Okonjo,2015-01-11,11.6,Black African (Somali),Somali,Yes - developing,Yes,None,,3.8,9y 2m,Science,Maths,96.1,0,10,2,0,ok,False,False,"Sagal Barre is pleasant, chatty and easily distracted, but the work gets done in the end. Average working grade 3.8. Science is well above the rest; Maths is dragging the profile down. Literacy is the bottleneck: reading age 9y 2m and handwriting that she's embarrassed about. 10 points logged - low-level stuff: chatting, out of seat, phone on the desk. Attendance 96.1%. The only absences are medical and always covered by a note. At home it's foster carers, in a flat with a lift that never works. The family are on the phone to the office constantly - engaged, if a bit much. Obsessed with drill and UK rap to the point of doing homework about it unprompted."
HAR1014,Shane Wright,M,7,7A,Lea,Mr D. Okonjo,2014-09-21,11.9,White British,English,No,No,SEN Support (K),"SEMH - Social, Emotional & Mental Health",5.4,9y 0m,Maths,Art,91.4,20,204,25,1,poor,False,False,"Shane Wright has SEMH - Social, Emotional & Mental Health and does far better with structure, warning of changes and a bit of patience. Working at grade 5.4 on average, with Maths the clear strength and Art the obvious weak spot. 204 points and 25 detentions. Walked out of Maths shouting ""this lesson is dead"" and slammed the door hard enough to crack the glass. Attendance has slipped to 91.4% and there's a pattern of Monday mornings. Lives on the flats behind the Roman Road with mum, dad and four siblings, in a maisonette off the high street. One of the leaders in photography club; it's the one place he's consistently brilliant."
HAR1015,Talia Beckford,F,7,7A,Lea,Mr D. Okonjo,2014-10-16,11.9,Black Caribbean / Mixed Black Caribbean,English,No,No,None,,2.4,9y 9m,English,Computing,95.3,0,0,0,0,good,False,False,"Talia Beckford has been on the intervention list for two years and progress has been slow at best. Currently 2.4 on average - on target in English, a full two grades off in Computing. Nothing on the behaviour log worth reading - 0 points total. Attendance sits at 95.3% with no unauthorised absence. Home is in a one-bed with the living room as a bedroom with both parents, both working in the family business. Whoever's home in the morning is doing four school runs, so she's largely left to sort herself out. Goes to Eco Club every week without fail. Young carer - registered with the borough."
HAR1016,Farhana Alam,F,7,7A,Lea,Mr D. Okonjo,2014-10-02,11.9,British Bangladeshi,Bengali,No,No,None,,7.5,13y 4m,Science,Maths,91.6,15,2,0,0,good,False,False,"Farhana Alam is a high flyer with the kind of exercise books other teachers photocopy as an example. Average working grade 7.5. Science is well above the rest; Maths is dragging the profile down. 2 behaviour points, which for this school is nothing at all. 91.6% attendance - enough to trigger a letter home but not a fine. Lives on the new blocks by the canal with an uncle who is also her named carer. Housing changed twice in the last two years and you can see it in the exercise books. Talks about doing nails and lashes for cousins constantly, in and out of lesson."
HAR1017,Nasteho Egal,F,7,7A,Lea,Mr D. Okonjo,2015-06-16,11.2,Black African (Somali),Somali,No,Yes,SEN Support (K),MLD - Moderate Learning Difficulty,7.4,11y 4m,Drama,English,95.5,0,85,10,0,mixed,False,False,"Nasteho Egal has MLD - Moderate Learning Difficulty and does far better with structure, warning of changes and a bit of patience. Drama is her best subject by a distance. English is the one her tutor has to chase every report. 85 behaviour points, mostly talking, phones and being late to period one. Attendance 95.5%. The only absences are medical and always covered by a note. Lives on the Carpenters Estate with mum, dad and grandad, above a shop on the parade. The family are on the phone to the office constantly - engaged, if a bit much. Obsessed with Leyton Orient to the point of doing homework about it unprompted. Off-site alternative provision two days a week."
HAR1018,Ollie Doyle,M,7,7A,Lea,Mr D. Okonjo,2015-08-24,11.0,White British,English,No,Yes,SEN Support (K),"SLCN - Speech, Language & Communication",5.7,9y 2m,English,Spanish,97.0,2,125,19,1,poor,False,False,"Ollie Doyle is the loudest voice in every corridor between lessons. Average of 5.7 across the board, with a big spread between English and Spanish. 125 behaviour points, 1 suspension, and a permanent exclusion narrowly avoided after an incident with a vape and a fire alarm. 97.0% attendance and always on time. Home is in a terraced house shared with an aunt's family with foster carers. The commute in is two buses and it shows in the punctuality data. Spends every break on Arsenal. Young carer - registered with the borough."
HAR1019,Nuur Aden,M,7,7A,Lea,Mr D. Okonjo,2015-07-23,11.1,Black African (Somali),Somali,Yes - developing,No,None,,5.9,11y 7m,Drama,English,94.0,0,12,3,0,ok,False,False,"Nuur Aden is pleasant, chatty and easily distracted, but the work gets done in the end. Sits on grade 5.9 overall. Teachers in Drama rate him highly, staff in English much less so. 12 points. Nothing serious, but the pattern is talking over staff and refusing to move seats. Attendance has slipped to 94.0% and there's a pattern of Monday mornings. At home it's mum and three younger siblings, in a one-bed with the living room as a bedroom. The commute in is two buses and it shows in the punctuality data. Goes to steel pans every week without fail."
HAR1020,Tasnim Islam,F,7,7A,Lea,Mr D. Okonjo,2015-02-24,11.5,British Bangladeshi,Sylheti,No,No,None,,5.7,11y 9m,RE,Art,93.2,1,77,10,0,mixed,False,False,"Tasnim Islam is pleasant, chatty and easily distracted, but the work gets done in the end. RE is her best subject by a distance. Art is the one her tutor has to chase every report. 77 points. Nothing serious, but the pattern is talking over staff and refusing to move seats. 93.2% attendance - enough to trigger a letter home but not a fine. At home it's mum, stepdad and a new baby, in a house with a converted loft room. Would rather be at football (girls') than in any lesson and says so openly."
HAR1021,Ruksana Islam,F,7,7A,Lea,Mr D. Okonjo,2014-10-14,11.9,British Bangladeshi,Bengali,Yes - developing,Yes,None,,5.9,11y 3m,Maths,Design & Technology,91.9,13,137,27,1,poor,False,False,"Ruksana Islam runs the room if you let her, and most supply teachers let her. Working at grade 5.9 on average, with Maths the clear strength and Design & Technology the obvious weak spot. 137 points and 27 detentions. Walked out of Maths shouting ""this lesson is dead"" and slammed the door hard enough to crack the glass. Attendance 91.9%. Punctuality is the bigger problem: 13 lates this term. Lives on the new blocks by the canal with aunt and uncle and five cousins. Obsessed with karate to the point of doing homework about it unprompted."
HAR1022,Babatunde Adeleke,M,7,7A,Lea,Mr D. Okonjo,2015-08-03,11.1,Black African (Nigerian),Nigerian Pidgin,Yes - fluent,Yes,None,,4.2,9y 3m,RE,English,100.0,0,6,0,0,good,False,False,"Babatunde Adeleke is reliable in lessons he likes and drifts badly in the ones he doesn't. Currently 4.2 on average - on target in RE, a full two grades off in English. 6 points logged, every one of them for uniform or equipment rather than conduct. Attendance 100.0%. The only absences are medical and always covered by a note. At home it's both parents and twin sisters, in a house with a converted loft room. English isn't the main language at home, so letters get read by an older sibling. Spends every break on cars and car spotting."
HAR1023,Ifeanyi Nnaji,M,7,7A,Lea,Mr D. Okonjo,2015-06-10,11.2,Black African (Nigerian),Igbo,Yes - fluent,Yes,None,,9.0,13y 7m,English,Science,91.9,9,63,6,1,mixed,False,False,"Ifeanyi Nnaji is one of those students who makes a lesson easier just by being in it. Currently 9.0 on average - on target in English, a full two grades off in Science. 63 points logged - low-level stuff: chatting, out of seat, phone on the desk. 91.9% attendance - enough to trigger a letter home but not a fine. At home it's mum and her partner, in a flat with a lift that never works. Nobody at home has the confidence to challenge the school, which staff are conscious of. Goes to boxercise every week without fail. Recently bereaved - lost his grandfather last year and it shows."
HAR1024,Miraj Kabir,M,7,7A,Lea,Mr D. Okonjo,2014-11-20,11.8,British Bangladeshi,Sylheti,Yes - developing,No,None,,6.1,11y 8m,Maths,Science,100.0,2,89,13,0,mixed,False,False,"Miraj Kabir is a solid, steady student who does what's asked and not a great deal more. Currently 6.1 on average - on target in Maths, a full two grades off in Science. 89 points. Nothing serious, but the pattern is talking over staff and refusing to move seats. Attendance 100.0% - never an issue. Lives with an uncle who is also his named carer in a one-bed with the living room as a bedroom. Older siblings came through Harford as well and staff remember the surname. Quietly good at dog walking for money, which nobody at school knew until Year 9."
HAR1025,Naomi Beckford,F,7,7A,Lea,Mr D. Okonjo,2014-10-19,11.9,Black Caribbean / Mixed Black Caribbean,Jamaican Patois,No,No,None,,7.1,13y 4m,Design & Technology,Maths,92.9,4,8,1,0,good,False,False,"Naomi Beckford sits near the front, works from the second the bell goes, and rarely needs telling twice. Design & Technology is her best subject by a distance. Maths is the one her tutor has to chase every report. Nothing on the behaviour log worth reading - 8 points total. Attendance 92.9%, which the year team are keeping an eye on. Lives with an uncle who is also her named carer in a one-bed with the living room as a bedroom. Whoever's home in the morning is doing four school runs, so she's largely left to sort herself out. Obsessed with fixing phones to the point of doing homework about it unprompted. On a pastoral support plan after a difficult autumn term."
HAR1026,Rabeya Aktar,F,7,7A,Lea,Mr D. Okonjo,2015-05-12,11.3,British Bangladeshi,Sylheti,Yes - fluent,Yes,None,,5.0,10y 0m,Maths,RE,94.8,1,29,1,0,ok,False,False,"Rabeya Aktar is quiet to the point of being invisible in some lessons and staff have to make an effort to notice her. Working at grade 5.0 on average, with Maths the clear strength and RE the obvious weak spot. 29 points. Nothing serious, but the pattern is talking over staff and refusing to move seats. Attendance has slipped to 94.8% and there's a pattern of Monday mornings. At home it's both parents and an older brother, in a maisonette off the high street. Supportive at home, but stretched thin. Spends every break on cars and car spotting."
HAR1027,Rahma Sheikh,F,7,7A,Lea,Mr D. Okonjo,2015-04-05,11.4,Black African (Somali),Somali,No,Yes,None,,3.2,9y 10m,RE,Maths,96.5,1,8,0,0,good,False,False,"Rahma Sheikh can do the work when someone sits with her, and almost never does it when nobody does. Working at grade 3.2 on average, with RE the clear strength and Maths the obvious weak spot. 8 points logged, every one of them for uniform or equipment rather than conduct. Attendance sits at 96.5% with no unauthorised absence. At home it's aunt and uncle and five cousins, in a council flat on the fourth floor. The family are on the phone to the office constantly - engaged, if a bit much. Runs Islamic Society lunchtime prayer and takes it more seriously than most of the staff do."
HAR1028,Rifat Rahman,M,7,7A,Lea,Mr D. Okonjo,2015-08-02,11.1,British Bangladeshi,Sylheti,Yes - fluent,Yes,None,,4.2,10y 4m,Computing,English,100.0,3,3,1,0,good,False,False,"Rifat Rahman is pleasant, chatty and easily distracted, but the work gets done in the end. Currently 4.2 on average - on target in Computing, a full two grades off in English. Nothing on the behaviour log worth reading - 3 points total. Attendance sits at 100.0% with no unauthorised absence. Lives on the Carpenters Estate with both parents and an older brother, in a terraced house shared with an aunt's family. Nobody at home has the confidence to challenge the school, which staff are conscious of. Obsessed with producing beats on FL Studio to the point of doing homework about it unprompted."
HAR1029,Reggie Vine,M,7,7A,Lea,Mr D. Okonjo,2014-10-16,11.9,White British,English,No,No,None,,2.1,8y 0m,Food Technology,English,87.9,4,165,33,0,poor,True,False,"Reggie Vine does not walk away from anything, which is most of the problem. Reports are consistent: strong in Food Technology, weak in English, average grade 2.1. Reading age of 8y 0m against a chronological age of 11y 10m, which is the root of most of it. 165 behaviour points and 33 detentions. Told a cover teacher to ""fuck off"" in March and got two days internal. Attendance 87.9% and falling. Weeks go by where nobody sees him. Home is above a shop on the parade with mum only. Supportive at home, but stretched thin. Talks about skateboarding constantly, in and out of lesson."
HAR1030,Shahida Sultana,F,7,7A,Lea,Mr D. Okonjo,2015-07-20,11.1,British Bangladeshi,Bengali,No,No,None,,3.5,9y 6m,Geography,English,100.0,0,11,3,0,ok,False,False,"Shahida Sultana is a decent worker who gets by on effort more than natural ability. Working at grade 3.5 on average, with Geography the clear strength and English the obvious weak spot. 11 behaviour points and 3 detentions, all for the same three things. 100.0% attendance and always on time. Lives in a one-bed with the living room as a bedroom with both parents and an older brother. Nobody at home has the confidence to challenge the school, which staff are conscious of. Runs art club and takes it more seriously than most of the staff do."
HAR1031,Tayyaba Raja,F,7,7B,Roding,Miss H. Prentice,2015-07-15,11.1,British Pakistani,Pashto,No,Yes,None,,4.7,9y 8m,Science,Drama,92.7,1,3,0,0,good,False,False,"Tayyaba Raja is the definition of middle of the road - never in trouble, never top of the class. Science is her best subject by a distance. Drama is the one her tutor has to chase every report. 3 behaviour points, which for this school is nothing at all. Attendance 92.7%, which the year team are keeping an eye on. At home it's both parents, both working in the family business, in a council flat on the fourth floor. Goes to table tennis every week without fail. Managed move in from another East London secondary at the start of Year 7."
HAR1032,Nasteho Gedi,F,7,7B,Roding,Miss H. Prentice,2015-07-15,11.1,Black African (Somali),Somali,Yes - developing,Yes,None,,2.1,8y 5m,Maths,Science,94.8,3,12,1,0,ok,False,False,"Nasteho Gedi is capable but so far behind that catching up now looks unrealistic without serious intervention. Maths is her best subject by a distance. Science is the one her tutor has to chase every report. Reading age of 8y 5m against a chronological age of 11y 1m, which is the root of most of it. 12 behaviour points, mostly talking, phones and being late to period one. Attendance has slipped to 94.8% and there's a pattern of Monday mornings. Lives with an older sister who does most of the parenting in a council flat on the fourth floor. Known across the year for anime."
HAR1033,Zehra Demir,F,7,7B,Roding,Miss H. Prentice,2014-10-17,11.9,White Other (Turkish / Kurdish),Kurdish (Kurmanji),Yes - new to English,No,None,,1.0,8y 7m,Science,Maths,77.7,3,169,40,0,poor,True,False,"Zehra Demir joined Harford last September with almost no English and has come a long way, fast. Average of 1.0 across the board, with a big spread between Science and Maths. Reading age of 8y 7m against a chronological age of 11y 10m, which is the root of most of it. 169 points, 40 detentions. Told her Head of Year, word for word, that the school could ""do one"" - then apologised properly the next day, which is the frustrating bit. Attendance 77.7%. Two attendance meetings held, one missed by the family. Lives with mum, dad and four siblings in a two-bed flat. Would rather be at gym club than in any lesson and says so openly."
HAR1034,Ishani Joshi,F,7,7B,Roding,Miss H. Prentice,2014-09-09,12.0,British Indian,Tamil,Yes - developing,Yes,SEN Support (K),ASD - Autism Spectrum Condition,1.0,6y 4m,Science,English,86.4,19,169,22,0,poor,True,False,"Ishani Joshi is on the SEND register for ASD - Autism Spectrum Condition and has a one-page profile all staff are meant to have read. Working at grade 1.0 on average, with Science the clear strength and English the obvious weak spot. Reading age of 6y 4m against a chronological age of 11y 11m, which is the root of most of it. 169 points, 22 detentions and 0 fixed-term suspensions. Last one was for calling a member of SLT a bitch in front of a Year 7 class. 86.4% attendance. The school has issued a formal warning and a penalty notice is on the table. Lives in a house with a converted loft room with an older sister who does most of the parenting. English isn't the main language at home, so letters get read by an older sibling. Talks about Millwall constantly, in and out of lesson."
HAR1035,Ellie Pike,F,7,7B,Roding,Miss H. Prentice,2015-01-25,11.6,White British,English,No,No,None,,5.4,11y 6m,Maths,English,90.4,19,158,35,0,poor,False,False,"Ellie Pike is funny, sharp and absolutely exhausting to teach. Currently 5.4 on average - on target in Maths, a full two grades off in English. 158 points and 35 detentions. Walked out of Maths shouting ""this lesson is dead"" and slammed the door hard enough to crack the glass. Attendance has slipped to 90.4% and there's a pattern of Monday mornings. Lives on the Bow Common side with dad and stepmum, in a terraced house shared with an aunt's family. One of the leaders in netball; it's the one place she's consistently brilliant."
HAR1036,Bethlehem Asfaw,F,7,7B,Roding,Miss H. Prentice,2015-07-23,11.1,Black African (Horn of Africa),Oromo,Yes - fluent,No,SEN Support (K),SpLD - Dyslexia,3.2,8y 3m,Science,Maths,98.4,1,13,4,0,ok,False,False,"Bethlehem Asfaw has SpLD - Dyslexia and works with the SEN team most weeks. Sits on grade 3.2 overall. Teachers in Science rate her highly, staff in Maths much less so. 13 behaviour points, mostly talking, phones and being late to period one. Attendance 98.4% - never an issue. At home it's mum and a disabled younger brother, in a house with a converted loft room. Parents' evening attendance is patchy, and it's shift work rather than a lack of interest. Goes to netball every week without fail."
HAR1037,Muna Nur,F,7,7B,Roding,Miss H. Prentice,2015-03-28,11.4,Black African (Somali),Somali,Yes - fluent,No,None,,6.0,11y 10m,English,Maths,91.8,18,22,1,0,ok,False,False,"Muna Nur is reliable in lessons she likes and drifts badly in the ones she doesn't. Working at grade 6.0 on average, with English the clear strength and Maths the obvious weak spot. 22 points logged - low-level stuff: chatting, out of seat, phone on the desk. Attendance has slipped to 91.8% and there's a pattern of Monday mornings. At home it's mum only, in a two-bed flat. Whoever's home in the morning is doing four school runs, so she's largely left to sort herself out. Runs football (boys') and takes it more seriously than most of the staff do. Managed move in from another East London secondary at the start of Year 7."
HAR1038,Rabia Akhtar,F,7,7B,Roding,Miss H. Prentice,2015-08-21,11.0,British Pakistani,Punjabi,Yes - new to English,No,None,,2.0,8y 5m,Music,PE,78.5,21,225,14,0,poor,True,False,"Rabia Akhtar is a new-to-English arrival who is far cleverer than her written work can show yet. Sits on grade 2.0 overall. Teachers in Music rate her highly, staff in PE much less so. Reading age 8y 5m - well below her actual age of 11y 0m - so she can't access half the exam papers unaided. 225 points, 14 detentions. Told her Head of Year, word for word, that the school could ""do one"" - then apologised properly the next day, which is the frustrating bit. Attendance 78.5% - persistently absent and now with the Education Welfare Officer. Lives in a maisonette off the high street with foster carers. Money is tight and everyone in the house knows it. One of the leaders in football (boys'); it's the one place she's consistently brilliant."
HAR1039,Farah Nasser,F,7,7B,Roding,Miss H. Prentice,2015-01-15,11.6,Arab,Arabic (Sudanese),Yes - fluent,Yes,None,,5.5,11y 7m,Spanish,English,97.0,1,4,1,0,good,False,False,"Farah Nasser sits mid-table across the board and is happy there, which frustrates her tutor. Average working grade 5.5. Spanish is well above the rest; English is dragging the profile down. 4 points logged, every one of them for uniform or equipment rather than conduct. 97.0% attendance and always on time. Home is in a house with a converted loft room with dad and stepmum. Older siblings came through Harford as well and staff remember the surname. Would rather be at gaming club than in any lesson and says so openly. Recently bereaved - lost her grandfather last year and it shows."
HAR1040,Hasibur Chowdhury,M,7,7B,Roding,Miss H. Prentice,2015-06-17,11.2,British Bangladeshi,Bengali,Yes - fluent,Yes,None,,4.3,9y 8m,English,Food Technology,94.4,2,2,0,0,good,False,False,Hasibur Chowdhury is quiet to the point of being invisible in some lessons and staff have to make an effort to notice him. English is his best subject by a distance. Food Technology is the one his tutor has to chase every report. 2 behaviour points and no detentions. Staff use him as the example. Attendance 94.4%. Punctuality is the bigger problem: 2 lates this term. Home is in a terraced house shared with an aunt's family with dad and stepmum. It's a full house and a quiet space to do homework doesn't really exist. One of the leaders in library monitors; it's the one place he's consistently brilliant.
HAR1041,Sadaf Aslam,F,7,7B,Roding,Miss H. Prentice,2014-10-24,11.9,British Pakistani,Punjabi,Yes - developing,Yes,SEN Support (K),ADHD (SEMH/medical),4.8,9y 6m,Science,Maths,92.3,4,3,1,0,good,False,False,"Sadaf Aslam is on the SEND register for ADHD (SEMH/medical) and has a one-page profile all staff are meant to have read. Working at grade 4.8 on average, with Science the clear strength and Maths the obvious weak spot. 3 points logged, every one of them for uniform or equipment rather than conduct. Attendance has slipped to 92.3% and there's a pattern of Monday mornings. Lives on the Carpenters Estate with dad and stepmum. Obsessed with BMX to the point of doing homework about it unprompted. Child in Need plan open; social worker attends termly."
HAR1042,Miraj Hussain,M,7,7B,Roding,Miss H. Prentice,2015-05-07,11.3,British Bangladeshi,Bengali,Yes - developing,Yes,SEN Support (K),Hearing Impairment,2.0,6y 2m,RE,Art,97.3,1,42,10,0,mixed,False,False,"Miraj Hussain is significantly behind where he should be and the gap is widening every term. Average of 2.0 across the board, with a big spread between RE and Art. Literacy is the bottleneck: reading age 6y 2m and handwriting that he's embarrassed about. 42 points. Nothing serious, but the pattern is talking over staff and refusing to move seats. Attendance sits at 97.3% with no unauthorised absence. Lives on the estate off Barking Road with grandmother as main carer, in a one-bed with the living room as a bedroom. Parents' evening attendance is patchy, and it's shift work rather than a lack of interest. Big into cars and car spotting."
HAR1043,Aaliyah Campbell,F,7,7B,Roding,Miss H. Prentice,2015-03-06,11.5,Black Caribbean / Mixed Black Caribbean,English,No,No,None,,4.3,10y 2m,Music,Food Technology,96.2,1,2,0,0,good,False,False,"Aaliyah Campbell sits mid-table across the board and is happy there, which frustrates her tutor. Average working grade 4.3. Music is well above the rest; Food Technology is dragging the profile down. 2 behaviour points, which for this school is nothing at all. 96.2% attendance and always on time. Lives with aunt and uncle and five cousins in a council flat on the fourth floor. Whoever's home in the morning is doing four school runs, so she's largely left to sort herself out. Would rather be at Warhammer club than in any lesson and says so openly."
HAR1044,Adam Saleh,M,7,7B,Roding,Miss H. Prentice,2015-05-04,11.3,Arab,Arabic (Sudanese),Yes - fluent,Yes,None,,1.3,8y 1m,Maths,French,87.5,10,29,3,0,ok,True,False,"Adam Saleh is one of the lowest attainers in Year 7 and the department has run out of easy ideas. Sits on grade 1.3 overall. Teachers in Maths rate him highly, staff in French much less so. Reading age assessed at 8y 1m. Everything else follows from that. 29 behaviour points and 3 detentions, all for the same three things. Attendance 87.5% and falling. Weeks go by where nobody sees him. At home it's dad, who works two jobs, in a council flat on the fourth floor. Housing changed twice in the last two years and you can see it in the exercise books. Obsessed with drawing manga to the point of doing homework about it unprompted."
HAR1045,Ifeoma Adeyemi,F,7,7B,Roding,Miss H. Prentice,2014-12-01,11.8,Black African (Nigerian),Yoruba,Yes - developing,Yes,None,,2.0,8y 0m,English,French,95.8,4,62,5,1,mixed,False,False,"Ifeoma Adeyemi is significantly behind where she should be and the gap is widening every term. Average of 2.0 across the board, with a big spread between English and French. Literacy is the bottleneck: reading age 8y 0m and handwriting that she's embarrassed about. 62 behaviour points and 5 detentions, all for the same three things. Attendance sits at 95.8% with no unauthorised absence. Lives with mum, stepdad and a new baby above a shop on the parade. Supportive at home, but stretched thin. Goes to basketball every week without fail."
HAR1046,Sadman Chowdhury,M,7,7B,Roding,Miss H. Prentice,2015-08-08,11.1,British Bangladeshi,Sylheti,Yes - developing,Yes,None,,4.3,9y 9m,English,Maths,91.1,17,8,1,0,good,False,False,"Sadman Chowdhury is a grafter. Nothing comes easily but he keeps showing up and keeps trying. Average of 4.3 across the board, with a big spread between English and Maths. Nothing on the behaviour log worth reading - 8 points total. Attendance has slipped to 91.1% and there's a pattern of Monday mornings. Lives on the estate off Barking Road with mum, dad and four siblings. Housing changed twice in the last two years and you can see it in the exercise books. Spends every break on streaming on Twitch."
HAR1047,Leanne Harris,F,7,7B,Roding,Miss H. Prentice,2015-07-04,11.2,White British,English,No,No,None,,7.9,13y 2m,English,Maths,95.9,4,15,4,0,ok,False,False,"Leanne Harris sits near the front, works from the second the bell goes, and rarely needs telling twice. English is her best subject by a distance. Maths is the one her tutor has to chase every report. 15 points logged - low-level stuff: chatting, out of seat, phone on the desk. 95.9% attendance and always on time. Lives on the Chrisp Street area with an uncle who is also her named carer, in a council flat on the fourth floor. Supportive at home, but stretched thin. Runs photography club and takes it more seriously than most of the staff do. Referred to CAMHS, still on the waiting list."
HAR1048,Georgia Sparrow,F,7,7B,Roding,Miss H. Prentice,2014-11-14,11.8,White British,English,No,Yes,None,,4.5,11y 2m,Spanish,Science,94.5,1,6,0,0,good,False,False,"Georgia Sparrow is a grafter. Nothing comes easily but she keeps showing up and keeps trying. Average working grade 4.5. Spanish is well above the rest; Science is dragging the profile down. 6 points logged, every one of them for uniform or equipment rather than conduct. Attendance 94.5%, which the year team are keeping an eye on. Lives in a maisonette off the high street with both parents and an older brother. Parents' evening attendance is patchy, and it's shift work rather than a lack of interest. Talks about dog walking for money constantly, in and out of lesson."
HAR1049,Areeba Akhtar,F,7,7B,Roding,Miss H. Prentice,2015-03-18,11.5,British Pakistani,Pashto,Yes - fluent,Yes,None,,7.5,13y 1m,Maths,English,91.4,14,3,1,0,good,False,False,"Areeba Akhtar is one of the strongest students in Year 7, and staff talk about her as a genuine top-set kid. Currently 7.5 on average - on target in Maths, a full two grades off in English. Nothing on the behaviour log worth reading - 3 points total. Attendance 91.4%, which the year team are keeping an eye on. At home it's an uncle who is also her named carer, in a maisonette off the high street. Would rather be at school production than in any lesson and says so openly."
HAR1050,Maryam Iqbal,F,7,7B,Roding,Miss H. Prentice,2015-06-23,11.2,British Pakistani,Urdu,Yes - fluent,Yes,None,,4.5,9y 8m,Science,English,93.5,0,8,0,0,good,False,False,"Maryam Iqbal is a solid, steady student who does what's asked and not a great deal more. Average of 4.5 across the board, with a big spread between Science and English. 8 points logged, every one of them for uniform or equipment rather than conduct. Attendance 93.5%. Punctuality is the bigger problem: 0 lates this term. Home is in temporary accommodation with mum and her partner. The family are on the phone to the office constantly - engaged, if a bit much. Spends every break on cars and car spotting. Young carer - registered with the borough."
HAR1051,Jannatul Karim,F,7,7B,Roding,Miss H. Prentice,2015-04-06,11.4,British Bangladeshi,Sylheti,No,Yes,None,,6.1,11y 5m,History,Maths,95.6,4,17,3,0,ok,False,False,"Jannatul Karim sits mid-table across the board and is happy there, which frustrates her tutor. Currently 6.1 on average - on target in History, a full two grades off in Maths. 17 behaviour points, mostly talking, phones and being late to period one. 95.6% attendance and always on time. At home it's mum and three younger siblings, in a council flat on the fourth floor. Parents' evening attendance is patchy, and it's shift work rather than a lack of interest. Talks about Leyton Orient constantly, in and out of lesson."
HAR1052,Iqra Hussain,F,7,7B,Roding,Miss H. Prentice,2015-08-14,11.0,British Pakistani,Pashto,Yes - developing,Yes,None,,3.7,10y 1m,Maths,Design & Technology,93.0,2,23,2,0,ok,False,False,"Iqra Hussain is quiet to the point of being invisible in some lessons and staff have to make an effort to notice her. Reports are consistent: strong in Maths, weak in Design & Technology, average grade 3.7. 23 points. Nothing serious, but the pattern is talking over staff and refusing to move seats. Attendance has slipped to 93.0% and there's a pattern of Monday mornings. At home it's both parents, both working in the family business, in a house with a converted loft room. Runs gaming club and takes it more seriously than most of the staff do. Free school meals and school-funded uniform; family declined a food bank referral."
HAR1053,Klaudio Berisha,M,7,7B,Roding,Miss H. Prentice,2014-10-14,11.9,White Other (Albanian),Albanian,Yes - developing,Yes,None,,1.4,7y 9m,Art,English,63.5,4,9,4,0,ok,True,True,"Klaudio Berisha is anxious, capable and constantly convinced he's failing when he isn't. Average working grade 1.4. Art is well above the rest; English is dragging the profile down. Reading age of 7y 9m against a chronological age of 11y 10m, which is the root of most of it. 9 behaviour points and 4 detentions, all for the same three things. 63.5% attendance. The school has issued a formal warning and a penalty notice is on the table. Lives on the Carpenters Estate with mum, dad and grandad, in a house with a converted loft room. Quietly good at pigeons, which nobody at school knew until Year 9."
HAR1054,Halima Aden,F,7,7B,Roding,Miss H. Prentice,2015-04-13,11.4,Black African (Somali),Somali,Yes - developing,Yes,None,,7.7,12y 0m,Maths,Science,97.4,0,11,1,0,ok,False,False,"Halima Aden is one of the strongest students in Year 7, and staff talk about her as a genuine top-set kid. Maths is her best subject by a distance. Science is the one her tutor has to chase every report. 11 points. Nothing serious, but the pattern is talking over staff and refusing to move seats. Attendance 97.4%. The only absences are medical and always covered by a note. Home is in a maisonette off the high street with grandmother as main carer. The family are on the phone to the office constantly - engaged, if a bit much. One of the leaders in photography club; it's the one place she's consistently brilliant."
HAR1055,Ashton Wright,M,7,7B,Roding,Miss H. Prentice,2014-11-25,11.8,White British,English,No,Yes,None,,7.2,13y 5m,Maths,English,100.0,4,14,2,0,ok,False,False,"Ashton Wright sits near the front, works from the second the bell goes, and rarely needs telling twice. Average of 7.2 across the board, with a big spread between Maths and English. 14 points logged - low-level stuff: chatting, out of seat, phone on the desk. Attendance 100.0% - never an issue. Home is in temporary accommodation with mum and a disabled younger brother. Spends every break on FIFA and Call of Duty."
HAR1056,Harjit Kapoor,M,7,7B,Roding,Miss H. Prentice,2015-05-04,11.3,British Indian,Punjabi,No,No,None,,6.5,11y 7m,English,Science,65.0,20,109,15,1,poor,True,True,"Harjit Kapoor is anxious, capable and constantly convinced he's failing when he isn't. Average of 6.5 across the board, with a big spread between English and Science. 109 behaviour points and 1 suspension. Refuses to accept a sanction from anyone he hasn't decided he likes. Attendance 65.0% and falling. Weeks go by where nobody sees him. Lives on the flats behind the Roman Road with mum and a disabled younger brother. Parents' evening attendance is patchy, and it's shift work rather than a lack of interest. Big into drill and UK rap. On a pastoral support plan after a difficult autumn term."
HAR1057,Adaeze Okafor,F,7,7B,Roding,Miss H. Prentice,2015-05-22,11.3,Black African (Nigerian),Igbo,Yes - fluent,No,None,,1.8,8y 0m,Art,Science,82.8,17,209,18,0,poor,True,False,"Adaeze Okafor has a temper that goes from nought to shouting in about four seconds. Currently 1.8 on average - on target in Art, a full two grades off in Science. Reading age of 8y 0m against a chronological age of 11y 3m, which is the root of most of it. 209 points, 18 detentions and 0 fixed-term suspensions. Last one was for calling a member of SLT a bitch in front of a Year 7 class. Attendance 82.8%. Two attendance meetings held, one missed by the family. Lives in a two-bed flat with grandmother as main carer. Obsessed with Tottenham to the point of doing homework about it unprompted."
HAR1058,Deepa Sekhon,F,7,7B,Roding,Miss H. Prentice,2015-06-23,11.2,British Indian,Malayalam,Yes - fluent,Yes,None,,3.6,8y 11m,Science,Design & Technology,89.5,19,8,0,0,good,True,False,"Deepa Sekhon is pleasant, chatty and easily distracted, but the work gets done in the end. Reports are consistent: strong in Science, weak in Design & Technology, average grade 3.6. Reading age of 8y 11m against a chronological age of 11y 2m, which is the root of most of it. Behaviour record is spotless: 8 points on the system all year. Attendance has slipped to 89.5% and there's a pattern of Monday mornings. Lives on the Carpenters Estate with dad, who works two jobs. Runs YouTube/editing club and takes it more seriously than most of the staff do. Mentored by the school's attendance and inclusion lead."
HAR1059,Natalia Wojcik,F,7,7B,Roding,Miss H. Prentice,2015-02-06,11.6,White Other (Polish),Polish,Yes - fluent,No,None,,2.8,8y 10m,Science,English,98.6,0,31,4,0,mixed,False,False,"Natalia Wojcik is one of the lowest attainers in Year 7 and the department has run out of easy ideas. Science is her best subject by a distance. English is the one her tutor has to chase every report. Reading age of 8y 10m against a chronological age of 11y 6m, which is the root of most of it. 31 behaviour points, mostly talking, phones and being late to period one. Attendance sits at 98.6% with no unauthorised absence. Lives on the houses off Green Street with mum, dad and grandad. English isn't the main language at home, so letters get read by an older sibling. Spends every break on Arsenal."
HAR1060,Talha Bashir,M,7,7B,Roding,Miss H. Prentice,2015-01-06,11.7,British Pakistani,Pashto,Yes - developing,No,None,,2.1,8y 9m,English,Computing,93.7,3,92,12,0,mixed,False,False,"Talha Bashir is significantly behind where he should be and the gap is widening every term. Currently 2.1 on average - on target in English, a full two grades off in Computing. 92 behaviour points and 12 detentions, all for the same three things. Attendance has slipped to 93.7% and there's a pattern of Monday mornings. Lives on the Plaistow side with dad and stepmum, in a two-bed flat. The family are on the phone to the office constantly - engaged, if a bit much. Obsessed with drawing manga to the point of doing homework about it unprompted."
HAR1061,Simisola Adeleke,F,7,7C,Channelsea,Mrs S. Kaur,2015-03-10,11.5,Black African (Nigerian),Igbo,No,No,None,,4.9,10y 1m,English,Computing,95.0,1,0,0,0,good,False,False,"Simisola Adeleke is quiet to the point of being invisible in some lessons and staff have to make an effort to notice her. English is her best subject by a distance. Computing is the one her tutor has to chase every report. Nothing on the behaviour log worth reading - 0 points total. Attendance 95.0%. The only absences are medical and always covered by a note. At home it's both parents, both working in the family business, in a one-bed with the living room as a bedroom. Supportive at home, but stretched thin. One of the leaders in cricket in the summer term; it's the one place she's consistently brilliant."
HAR1062,Hodan Aden,F,7,7C,Channelsea,Mrs S. Kaur,2015-05-12,11.3,Black African (Somali),Somali,Yes - fluent,No,SEN Support (K),ASD - Autism Spectrum Condition,5.4,9y 8m,English,Maths,90.0,13,0,1,0,good,False,False,"Hodan Aden is the definition of middle of the road - never in trouble, never top of the class. Reports are consistent: strong in English, weak in Maths, average grade 5.4. 0 points logged, every one of them for uniform or equipment rather than conduct. Attendance 90.0%. Punctuality is the bigger problem: 13 lates this term. At home it's aunt and uncle and five cousins, in a flat with a lift that never works. Quietly good at doing nails and lashes for cousins, which nobody at school knew until Year 9. Free school meals and school-funded uniform; family declined a food bank referral."
HAR1063,Sanjay Kaur,M,7,7C,Channelsea,Mrs S. Kaur,2015-01-12,11.6,British Indian,Tamil,Yes - fluent,Yes,SEN Support (K),"SLCN - Speech, Language & Communication",1.8,7y 6m,Computing,English,87.4,7,130,23,1,poor,True,False,"Sanjay Kaur has SLCN - Speech, Language & Communication and does far better with structure, warning of changes and a bit of patience. Reports are consistent: strong in Computing, weak in English, average grade 1.8. Reading age of 7y 6m against a chronological age of 11y 7m, which is the root of most of it. 130 points and 23 detentions. Walked out of Maths shouting ""this lesson is dead"" and slammed the door hard enough to crack the glass. Attendance 87.4% - persistently absent and now with the Education Welfare Officer. Lives with mum and three younger siblings in temporary accommodation. Parents' evening attendance is patchy, and it's shift work rather than a lack of interest. Goes to dance troupe every week without fail. Working with the school counsellor weekly."
HAR1064,Amber Mallory,F,7,7C,Channelsea,Mrs S. Kaur,2015-07-16,11.1,White British,English,No,Yes,None,,4.5,9y 7m,English,Science,88.3,4,52,9,1,mixed,True,False,"Amber Mallory is a decent worker who gets by on effort more than natural ability. Working at grade 4.5 on average, with English the clear strength and Science the obvious weak spot. 52 points logged - low-level stuff: chatting, out of seat, phone on the desk. 88.3% attendance - enough to trigger a letter home but not a fine. Home is above a shop on the parade with both parents and twin sisters. Housing changed twice in the last two years and you can see it in the exercise books. Quietly good at Leyton Orient, which nobody at school knew until Year 9."
HAR1065,Alina Ciobanu,F,7,7C,Channelsea,Mrs S. Kaur,2015-01-04,11.7,White Other (Romanian),Romanian,No,Yes,None,,4.7,10y 0m,Science,Geography,92.5,2,7,1,0,good,False,False,"Alina Ciobanu is quiet to the point of being invisible in some lessons and staff have to make an effort to notice her. Currently 4.7 on average - on target in Science, a full two grades off in Geography. Nothing on the behaviour log worth reading - 7 points total. Attendance 92.5%. Punctuality is the bigger problem: 2 lates this term. Lives on the new blocks by the canal with mum and three younger siblings, above a shop on the parade. One of the leaders in gospel choir; it's the one place she's consistently brilliant."
HAR1066,Tunde Bello,M,7,7C,Channelsea,Mrs S. Kaur,2015-07-27,11.1,Black African (Nigerian),Igbo,Yes - fluent,No,None,,6.4,11y 1m,Science,Design & Technology,82.8,15,150,24,1,poor,True,False,"Tunde Bello is bright enough to be doing well and chooses, daily, not to. Currently 6.4 on average - on target in Science, a full two grades off in Design & Technology. 150 behaviour points, 24 detentions, 1 suspension - the worst being a fight in the DT corridor that took three staff to break up. 82.8% attendance. The school has issued a formal warning and a penalty notice is on the table. Lives in a one-bed with the living room as a bedroom with mum, stepdad and a new baby. Would rather be at YouTube/editing club than in any lesson and says so openly."
HAR1067,Rabeya Begum,F,7,7C,Channelsea,Mrs S. Kaur,2015-07-03,11.2,British Bangladeshi,Sylheti,No,Yes,None,,7.4,11y 8m,Science,English,96.1,3,5,1,0,good,False,False,"Rabeya Begum is a high flyer with the kind of exercise books other teachers photocopy as an example. Average of 7.4 across the board, with a big spread between Science and English. Nothing on the behaviour log worth reading - 5 points total. Attendance 96.1%. The only absences are medical and always covered by a note. Lives in a council flat on the fourth floor with dad and stepmum. English isn't the main language at home, so letters get read by an older sibling. Runs Islamic Society lunchtime prayer and takes it more seriously than most of the staff do."
HAR1068,Chidi Ogunleye,M,7,7C,Channelsea,Mrs S. Kaur,2015-02-15,11.5,Black African (Nigerian),Igbo,No,No,EHCP,MLD - Moderate Learning Difficulty,2.0,7y 9m,Science,Maths,96.6,4,15,3,0,ok,False,False,"Chidi Ogunleye is on the SEND register for MLD - Moderate Learning Difficulty and has a one-page profile all staff are meant to have read. Sits on grade 2.0 overall. Teachers in Science rate him highly, staff in Maths much less so. 15 behaviour points and 3 detentions, all for the same three things. Attendance 96.6% - never an issue. Lives in a house with a converted loft room with mum only. English isn't the main language at home, so letters get read by an older sibling. Quietly good at sewing and altering clothes, which nobody at school knew until Year 9. Free school meals and school-funded uniform; family declined a food bank referral. EHCP names 20 hours of TA support a week and access arrangements for exams."
HAR1069,Musa Islam,M,7,7C,Channelsea,Mrs S. Kaur,2014-09-14,12.0,British Bangladeshi,Sylheti,No,No,None,,3.1,10y 0m,History,Science,94.8,4,15,1,0,ok,False,False,"Musa Islam can do the work when someone sits with him, and almost never does it when nobody does. Average working grade 3.1. History is well above the rest; Science is dragging the profile down. Literacy is the bottleneck: reading age 10y 0m and handwriting that he's embarrassed about. 15 points logged - low-level stuff: chatting, out of seat, phone on the desk. Attendance 94.8%. Punctuality is the bigger problem: 4 lates this term. Lives on the Plaistow side with dad, who works two jobs. Big into drawing manga."
HAR1070,Lacey Nash,F,7,7C,Channelsea,Mrs S. Kaur,2014-11-18,11.8,White British,English,No,Yes,None,,6.6,11y 11m,Science,Design & Technology,89.3,19,12,2,0,ok,True,False,"Lacey Nash sits near the front, works from the second the bell goes, and rarely needs telling twice. Science is her best subject by a distance. Design & Technology is the one her tutor has to chase every report. 12 behaviour points, mostly talking, phones and being late to period one. 89.3% attendance - enough to trigger a letter home but not a fine. Lives on the Manor Park end with both parents and an older brother, in temporary accommodation. Older siblings came through Harford as well and staff remember the surname. Big into BMX."
HAR1071,Zuzanna Lewandowska,F,7,7C,Channelsea,Mrs S. Kaur,2014-11-02,11.8,White Other (Polish),Polish,Yes - developing,No,None,,4.7,10y 4m,French,PE,89.7,3,7,1,0,good,True,False,"Zuzanna Lewandowska is a grafter. Nothing comes easily but she keeps showing up and keeps trying. Sits on grade 4.7 overall. Teachers in French rate her highly, staff in PE much less so. 7 behaviour points and no detentions. Staff use her as the example. 89.7% attendance - enough to trigger a letter home but not a fine. Home is in a council flat on the fourth floor with both parents and an older brother. Money is tight and everyone in the house knows it. Big into boxing."
HAR1072,Kaleem Gayle,M,7,7C,Channelsea,Mrs S. Kaur,2015-05-12,11.3,Black Caribbean / Mixed Black Caribbean,Jamaican Patois,No,No,None,,7.7,13y 1m,English,Art,96.9,1,5,1,0,good,False,False,"Kaleem Gayle reads well above his age and has an answer for everything, usually the right one. English is his best subject by a distance. Art is the one his tutor has to chase every report. 5 behaviour points and no detentions. Staff use him as the example. Attendance 96.9%. The only absences are medical and always covered by a note. At home it's aunt and uncle and five cousins, in a council flat on the fourth floor. Older siblings came through Harford as well and staff remember the surname. Known across the year for karate."
HAR1073,Lewis Prosser,M,7,7C,Channelsea,Mrs S. Kaur,2014-12-23,11.7,White British,English,No,No,SEN Support (K),Hearing Impairment,7.0,11y 9m,Music,English,95.0,3,24,3,0,ok,False,False,"Lewis Prosser reads well above his age and has an answer for everything, usually the right one. Working at grade 7.0 on average, with Music the clear strength and English the obvious weak spot. 24 points. Nothing serious, but the pattern is talking over staff and refusing to move seats. Attendance sits at 95.0% with no unauthorised absence. Lives on the Chrisp Street area with mum and her partner. The commute in is two buses and it shows in the punctuality data. Obsessed with fixing phones to the point of doing homework about it unprompted."
HAR1074,Lacey Turner,F,7,7C,Channelsea,Mrs S. Kaur,2015-06-12,11.2,White British,English,No,No,None,,6.8,11y 5m,Spanish,Science,90.6,5,25,4,0,ok,False,False,"Lacey Turner reads well above her age and has an answer for everything, usually the right one. Currently 6.8 on average - on target in Spanish, a full two grades off in Science. 25 points. Nothing serious, but the pattern is talking over staff and refusing to move seats. Attendance 90.6%. Punctuality is the bigger problem: 5 lates this term. At home it's both parents and an older brother, in a flat with a lift that never works. English isn't the main language at home, so letters get read by an older sibling. Big into 3D printing."
HAR1075,Hafsa Zaman,F,7,7C,Channelsea,Mrs S. Kaur,2015-03-03,11.5,British Pakistani,Pashto,No,No,None,,1.5,8y 11m,History,Maths,100.0,0,10,4,0,ok,False,False,"Hafsa Zaman has been on the intervention list for two years and progress has been slow at best. Average working grade 1.5. History is well above the rest; Maths is dragging the profile down. Literacy is the bottleneck: reading age 8y 11m and handwriting that she's embarrassed about. 10 behaviour points and 4 detentions, all for the same three things. 100.0% attendance and always on time. At home it's grandmother as main carer, in a house with a converted loft room. Runs Duke of Edinburgh Bronze and takes it more seriously than most of the staff do."
HAR1076,Tuan Nguyen,M,7,7C,Channelsea,Mrs S. Kaur,2015-06-20,11.2,Asian Other (Vietnamese),Vietnamese,Yes - fluent,Yes,None,,5.2,10y 2m,English,Maths,90.5,4,39,6,0,mixed,False,False,"Tuan Nguyen is quiet to the point of being invisible in some lessons and staff have to make an effort to notice him. Reports are consistent: strong in English, weak in Maths, average grade 5.2. 39 behaviour points, mostly talking, phones and being late to period one. Attendance 90.5%, which the year team are keeping an eye on. At home it's mum and a disabled younger brother, in temporary accommodation. Spends every break on BMX."
HAR1077,Tasnim Khan,F,7,7C,Channelsea,Mrs S. Kaur,2015-06-19,11.2,British Bangladeshi,Bengali,Yes - fluent,No,None,,4.9,10y 2m,French,English,100.0,2,85,8,0,mixed,False,False,"Tasnim Khan is pleasant, chatty and easily distracted, but the work gets done in the end. French is her best subject by a distance. English is the one her tutor has to chase every report. 85 behaviour points, mostly talking, phones and being late to period one. Attendance 100.0% - never an issue. Lives on the towers on Devons Road with an uncle who is also her named carer. Known across the year for 3D printing."
HAR1078,Louie Kemp,M,7,7C,Channelsea,Mrs S. Kaur,2014-11-25,11.8,White British,English,No,Yes,None,,4.2,10y 3m,Music,Computing,99.8,0,73,11,0,mixed,False,False,"Louie Kemp is a solid, steady student who does what's asked and not a great deal more. Currently 4.2 on average - on target in Music, a full two grades off in Computing. 73 points. Nothing serious, but the pattern is talking over staff and refusing to move seats. 99.8% attendance and always on time. Home is in a maisonette off the high street with both parents and twin sisters. Nobody at home has the confidence to challenge the school, which staff are conscious of. Runs basketball and takes it more seriously than most of the staff do."
HAR1079,Filsan Farah,F,7,7C,Channelsea,Mrs S. Kaur,2014-10-16,11.9,Black African (Somali),Somali,Yes - developing,No,SEN Support (K),ASD - Autism Spectrum Condition,1.0,7y 3m,English,Maths,98.5,2,25,3,0,ok,False,False,"Filsan Farah is on the SEND register for ASD - Autism Spectrum Condition and has a one-page profile all staff are meant to have read. Currently 1.0 on average - on target in English, a full two grades off in Maths. Literacy is the bottleneck: reading age 7y 3m and handwriting that she's embarrassed about. 25 behaviour points, mostly talking, phones and being late to period one. 98.5% attendance and always on time. Home is in a maisonette off the high street with mum and three younger siblings. English isn't the main language at home, so letters get read by an older sibling. Goes to rugby every week without fail."
HAR1080,Sanjay Dhillon,M,7,7C,Channelsea,Mrs S. Kaur,2015-07-10,11.1,British Indian,Tamil,Yes - developing,Yes,None,,1.9,8y 9m,English,Maths,92.0,8,64,4,0,mixed,False,False,"Sanjay Dhillon has been on the intervention list for two years and progress has been slow at best. Average working grade 1.9. English is well above the rest; Maths is dragging the profile down. Reading age assessed at 8y 9m. Everything else follows from that. 64 behaviour points, mostly talking, phones and being late to period one. 92.0% attendance - enough to trigger a letter home but not a fine. Home is in a one-bed with the living room as a bedroom with an older sister who does most of the parenting. Older siblings came through Harford as well and staff remember the surname. Big into anime."
HAR1081,Kwabena Asante,M,7,7C,Channelsea,Mrs S. Kaur,2015-08-02,11.1,Black African (Ghanaian),Ga,Yes - new to English,No,None,,7.4,12y 4m,PE,English,100.0,3,28,1,0,ok,False,False,"Kwabena Asante is a new-to-English arrival who is far cleverer than his written work can show yet. Average working grade 7.4. PE is well above the rest; English is dragging the profile down. 28 behaviour points, mostly talking, phones and being late to period one. 100.0% attendance and always on time. Lives on the new blocks by the canal with dad and stepmum. Money is tight and everyone in the house knows it. Goes to boxercise every week without fail."
HAR1082,Amal Barre,F,7,7C,Channelsea,Mrs S. Kaur,2015-04-09,11.4,Black African (Somali),Somali,No,No,None,,4.4,10y 0m,English,Spanish,97.1,3,28,4,0,ok,False,False,"Amal Barre is pleasant, chatty and easily distracted, but the work gets done in the end. Average of 4.4 across the board, with a big spread between English and Spanish. 28 behaviour points, mostly talking, phones and being late to period one. 97.1% attendance and always on time. Lives in a flat with a lift that never works with mum and a disabled younger brother. Parents' evening attendance is patchy, and it's shift work rather than a lack of interest. Goes to athletics every week without fail."
HAR1083,Muna Warsame,F,7,7C,Channelsea,Mrs S. Kaur,2015-01-03,11.7,Black African (Somali),Somali,Yes - fluent,Yes,None,,8.7,13y 4m,English,PE,94.2,3,26,4,0,ok,False,False,"Muna Warsame is quietly brilliant - the sort of student who hands work in early and then asks for more. Currently 8.7 on average - on target in English, a full two grades off in PE. 26 behaviour points and 4 detentions, all for the same three things. Attendance 94.2%. Punctuality is the bigger problem: 3 lates this term. Lives in a council flat on the fourth floor with an older sister who does most of the parenting. Known across the year for Roblox and Minecraft."
HAR1084,Aminul Karim,M,7,7C,Channelsea,Mrs S. Kaur,2014-12-15,11.7,British Bangladeshi,Bengali,No,Yes,None,,1.0,8y 9m,English,Maths,94.0,4,209,36,1,poor,False,False,"Aminul Karim does not walk away from anything, which is most of the problem. Reports are consistent: strong in English, weak in Maths, average grade 1.0. Reading age 8y 9m - well below his actual age of 11y 8m - so he can't access half the exam papers unaided. 209 behaviour points, 1 suspension, and a permanent exclusion narrowly avoided after an incident with a vape and a fire alarm. 94.0% attendance - enough to trigger a letter home but not a fine. Home is in a one-bed with the living room as a bedroom with both parents and an older brother. Parents' evening attendance is patchy, and it's shift work rather than a lack of interest. Runs cricket in the summer term and takes it more seriously than most of the staff do."
HAR1085,Ariana Berisha,F,7,7C,Channelsea,Mrs S. Kaur,2014-09-01,12.0,White Other (Albanian),Albanian,Yes - fluent,Yes,None,,5.0,11y 2m,PE,Maths,90.2,12,3,0,0,good,False,False,"Ariana Berisha sits mid-table across the board and is happy there, which frustrates her tutor. Sits on grade 5.0 overall. Teachers in PE rate her highly, staff in Maths much less so. Behaviour record is spotless: 3 points on the system all year. Attendance 90.2%. Punctuality is the bigger problem: 12 lates this term. Lives with mum, dad and four siblings in a house with a converted loft room. Whoever's home in the morning is doing four school runs, so she's largely left to sort herself out. Obsessed with Afrobeats to the point of doing homework about it unprompted."
HAR1086,Yasir Iqbal,M,7,7C,Channelsea,Mrs S. Kaur,2014-09-08,12.0,British Pakistani,Pashto,Yes - fluent,No,None,,4.8,11y 5m,Science,PE,100.0,0,4,0,0,good,False,False,"Yasir Iqbal is a grafter. Nothing comes easily but he keeps showing up and keeps trying. Working at grade 4.8 on average, with Science the clear strength and PE the obvious weak spot. Nothing on the behaviour log worth reading - 4 points total. Attendance 100.0% - never an issue. Lives with grandmother as main carer in a terraced house shared with an aunt's family. Quietly good at MMA, which nobody at school knew until Year 9."
HAR1087,Kwabena Mensah,M,7,7C,Channelsea,Mrs S. Kaur,2014-10-15,11.9,Black African (Ghanaian),Ga,No,Yes,None,,2.9,10y 4m,Art,PE,96.4,2,82,5,0,mixed,False,False,"Kwabena Mensah can do the work when someone sits with him, and almost never does it when nobody does. Average working grade 2.9. Art is well above the rest; PE is dragging the profile down. 82 behaviour points and 5 detentions, all for the same three things. 96.4% attendance and always on time. Lives in a terraced house shared with an aunt's family with both parents, both working in the family business. The family are on the phone to the office constantly - engaged, if a bit much. Would rather be at Warhammer club than in any lesson and says so openly. Recently bereaved - lost his grandfather last year and it shows."
HAR1088,Haris Qureshi,M,7,7C,Channelsea,Mrs S. Kaur,2015-02-02,11.6,British Pakistani,Urdu,Yes - fluent,No,None,,6.2,11y 11m,Music,History,93.9,4,19,2,0,ok,False,False,"Haris Qureshi is a grafter. Nothing comes easily but he keeps showing up and keeps trying. Currently 6.2 on average - on target in Music, a full two grades off in History. 19 behaviour points, mostly talking, phones and being late to period one. Attendance has slipped to 93.9% and there's a pattern of Monday mornings. Lives on the new blocks by the canal with mum, dad and grandad. The commute in is two buses and it shows in the punctuality data. Big into pigeons."
HAR1089,Anaya Nair,F,7,7C,Channelsea,Mrs S. Kaur,2015-03-04,11.5,British Indian,Tamil,Yes - fluent,Yes,SEN Support (K),"SEMH - Social, Emotional & Mental Health",5.6,11y 0m,English,Maths,95.6,3,16,1,0,ok,False,False,"Anaya Nair has SEMH - Social, Emotional & Mental Health, which shapes how she copes with a full timetable in a building this loud. Average working grade 5.6. English is well above the rest; Maths is dragging the profile down. 16 behaviour points and 1 detentions, all for the same three things. 95.6% attendance and always on time. Lives on the Manor Park end with mum, dad and grandad. Quietly good at streaming on Twitch, which nobody at school knew until Year 9."
HAR1090,Duc Tran,M,7,7C,Channelsea,Mrs S. Kaur,2015-08-01,11.1,Asian Other (Vietnamese),Vietnamese,No,Yes,None,,4.7,9y 11m,Science,Drama,95.7,2,3,0,0,good,False,False,"Duc Tran is quiet to the point of being invisible in some lessons and staff have to make an effort to notice him. Reports are consistent: strong in Science, weak in Drama, average grade 4.7. 3 points logged, every one of them for uniform or equipment rather than conduct. Attendance sits at 95.7% with no unauthorised absence. Lives with dad, who works two jobs in a council flat on the fourth floor. One of the leaders in school production; it's the one place he's consistently brilliant."
HAR1091,Sumaiya Islam,F,7,7D,Ravensbourne,Mr T. Ballard,2015-05-25,11.3,British Bangladeshi,Sylheti,Yes - developing,No,None,,5.8,10y 6m,English,Maths,92.2,3,7,0,0,good,False,False,"Sumaiya Islam is quiet to the point of being invisible in some lessons and staff have to make an effort to notice her. English is her best subject by a distance. Maths is the one her tutor has to chase every report. 7 points logged, every one of them for uniform or equipment rather than conduct. Attendance has slipped to 92.2% and there's a pattern of Monday mornings. Lives on the estate off Barking Road with grandmother as main carer. Runs reading buddies and takes it more seriously than most of the staff do."
HAR1092,Jamal Anderson,M,7,7D,Ravensbourne,Mr T. Ballard,2015-08-18,11.0,Black Caribbean / Mixed Black Caribbean,English,No,Yes,SEN Support (K),ASD - Autism Spectrum Condition,2.5,7y 10m,Drama,English,97.4,3,84,6,0,mixed,False,False,"Jamal Anderson has ASD - Autism Spectrum Condition and works with the SEN team most weeks. Reports are consistent: strong in Drama, weak in English, average grade 2.5. 84 points. Nothing serious, but the pattern is talking over staff and refusing to move seats. Attendance 97.4% - never an issue. Home is in a one-bed with the living room as a bedroom with mum and her partner. Big into drill and UK rap. Reduced timetable agreed with parents until Christmas."
HAR1093,Chiamaka Ogunleye,F,7,7D,Ravensbourne,Mr T. Ballard,2014-09-17,12.0,Black African (Nigerian),Edo,No,No,None,,4.7,11y 2m,English,History,93.2,4,8,1,0,good,False,False,"Chiamaka Ogunleye is a solid, steady student who does what's asked and not a great deal more. Sits on grade 4.7 overall. Teachers in English rate her highly, staff in History much less so. 8 behaviour points, which for this school is nothing at all. Attendance 93.2%, which the year team are keeping an eye on. Home is in a one-bed with the living room as a bedroom with mum only. Obsessed with trainspotting to the point of doing homework about it unprompted."
HAR1094,Magdalena Mazur,F,7,7D,Ravensbourne,Mr T. Ballard,2014-09-26,11.9,White Other (Polish),Polish,Yes - fluent,Yes,None,,6.9,12y 6m,English,Food Technology,100.0,2,1,0,0,good,False,False,"Magdalena Mazur is one of those students who makes a lesson easier just by being in it. Working at grade 6.9 on average, with English the clear strength and Food Technology the obvious weak spot. 1 behaviour points, which for this school is nothing at all. Attendance sits at 100.0% with no unauthorised absence. Lives with an older sister who does most of the parenting in a house with a converted loft room. Talks about BMX constantly, in and out of lesson. On the school's Prevent-adjacent watch list only for online content shared in a group chat; resolved, no further concern."
HAR1095,Daniela Dumitru,F,7,7D,Ravensbourne,Mr T. Ballard,2015-04-11,11.4,White Other (Romanian),Romani,No,No,None,,4.2,9y 6m,English,Drama,90.5,17,7,1,0,good,False,False,"Daniela Dumitru is a decent worker who gets by on effort more than natural ability. Working at grade 4.2 on average, with English the clear strength and Drama the obvious weak spot. 7 points logged, every one of them for uniform or equipment rather than conduct. Attendance 90.5%, which the year team are keeping an eye on. Home is in temporary accommodation with foster carers. Money is tight and everyone in the house knows it. Obsessed with swimming to the point of doing homework about it unprompted. Free school meals and school-funded uniform; family declined a food bank referral."
HAR1096,Nabeel Bashir,M,7,7D,Ravensbourne,Mr T. Ballard,2014-09-25,11.9,British Pakistani,Pashto,Yes - developing,No,None,,3.3,9y 10m,PE,Drama,94.2,4,9,3,0,ok,False,False,"Nabeel Bashir has been on the intervention list for two years and progress has been slow at best. PE is his best subject by a distance. Drama is the one his tutor has to chase every report. Reading age assessed at 9y 10m. Everything else follows from that. 9 points. Nothing serious, but the pattern is talking over staff and refusing to move seats. 94.2% attendance - enough to trigger a letter home but not a fine. Home is in a terraced house shared with an aunt's family with an uncle who is also his named carer. English isn't the main language at home, so letters get read by an older sibling. Talks about football stats and fantasy leagues constantly, in and out of lesson."
HAR1097,Sanjida Karim,F,7,7D,Ravensbourne,Mr T. Ballard,2014-10-07,11.9,British Bangladeshi,Bengali,Yes - fluent,Yes,None,,4.2,11y 2m,Design & Technology,Art,95.3,2,8,1,0,good,False,False,"Sanjida Karim is reliable in lessons she likes and drifts badly in the ones she doesn't. Design & Technology is her best subject by a distance. Art is the one her tutor has to chase every report. 8 points logged, every one of them for uniform or equipment rather than conduct. Attendance sits at 95.3% with no unauthorised absence. Lives on the houses off Green Street with mum, dad and grandad. Housing changed twice in the last two years and you can see it in the exercise books. Goes to LGBTQ+ alliance every week without fail. On a pastoral support plan after a difficult autumn term."
HAR1098,Wiktoria Zielinski,F,7,7D,Ravensbourne,Mr T. Ballard,2014-11-13,11.8,White Other (Polish),Polish,No,No,EHCP,ASD - Autism Spectrum Condition,2.7,9y 4m,English,Maths,94.2,0,27,3,0,ok,False,False,"Wiktoria Zielinski has ASD - Autism Spectrum Condition and does far better with structure, warning of changes and a bit of patience. Average working grade 2.7. English is well above the rest; Maths is dragging the profile down. Literacy is the bottleneck: reading age 9y 4m and handwriting that she's embarrassed about. 27 points logged - low-level stuff: chatting, out of seat, phone on the desk. Attendance 94.2%. Punctuality is the bigger problem: 0 lates this term. Home is in temporary accommodation with dad, who works two jobs. Quietly good at Afrobeats, which nobody at school knew until Year 9. Referred to CAMHS, still on the waiting list. EHCP names 20 hours of TA support a week and access arrangements for exams."
HAR1099,Bukola Balogun,F,7,7D,Ravensbourne,Mr T. Ballard,2014-10-07,11.9,Black African (Nigerian),Yoruba,Yes - fluent,Yes,None,,3.0,8y 10m,English,Maths,96.1,0,58,12,0,mixed,False,False,"Bukola Balogun can do the work when someone sits with her, and almost never does it when nobody does. Sits on grade 3.0 overall. Teachers in English rate her highly, staff in Maths much less so. Reading age 8y 10m - well below her actual age of 11y 10m - so she can't access half the exam papers unaided. 58 points logged - low-level stuff: chatting, out of seat, phone on the desk. Attendance 96.1% - never an issue. Lives with mum and her partner in a house with a converted loft room. Would rather be at steel pans than in any lesson and says so openly."
HAR1100,Oskar Wisniewska,M,7,7D,Ravensbourne,Mr T. Ballard,2015-01-20,11.6,White Other (Polish),Polish,Yes - fluent,Yes,EHCP,ADHD (SEMH/medical),4.1,8y 1m,Spanish,Computing,42.6,7,16,1,0,ok,True,True,"Oskar Wisniewska finds school genuinely hard to be in, and some days he doesn't make it past the front gate. Currently 4.1 on average - on target in Spanish, a full two grades off in Computing. 16 behaviour points, mostly talking, phones and being late to period one. Attendance 42.6% and falling. Weeks go by where nobody sees him. Lives with mum only in a flat with a lift that never works. Would rather be at art club than in any lesson and says so openly. Mentored by the school's attendance and inclusion lead. EHCP names 15 hours of TA support a week and access arrangements for exams."
HAR1101,Haris Younis,M,7,7D,Ravensbourne,Mr T. Ballard,2015-08-13,11.1,British Pakistani,Urdu,No,No,None,,4.9,10y 6m,English,History,94.2,2,32,9,0,mixed,False,False,"Haris Younis sits mid-table across the board and is happy there, which frustrates his tutor. Currently 4.9 on average - on target in English, a full two grades off in History. 32 points logged - low-level stuff: chatting, out of seat, phone on the desk. Attendance 94.2%. Punctuality is the bigger problem: 2 lates this term. Lives on the Aldgate side of the borough with mum, dad and four siblings. English isn't the main language at home, so letters get read by an older sibling. Goes to photography club every week without fail."
HAR1102,Sahra Jama,F,7,7D,Ravensbourne,Mr T. Ballard,2015-03-05,11.5,Black African (Somali),Somali,Yes - developing,No,EHCP,ASD - Autism Spectrum Condition,1.3,6y 3m,French,English,96.8,1,211,20,1,poor,False,False,"Sahra Jama has ASD - Autism Spectrum Condition and works with the SEN team most weeks. Sits on grade 1.3 overall. Teachers in French rate her highly, staff in English much less so. Reading age 6y 3m - well below her actual age of 11y 5m - so she can't access half the exam papers unaided. 211 points, 20 detentions and 1 fixed-term suspension. Last one was for calling a member of SLT a bitch in front of a Year 7 class. 96.8% attendance and always on time. Home is in a two-bed flat with mum, dad and grandad. Whoever's home in the morning is doing four school runs, so she's largely left to sort herself out. Runs athletics and takes it more seriously than most of the staff do. Mentored by the school's attendance and inclusion lead. EHCP names 10 hours of TA support a week and access arrangements for exams."
HAR1103,Akosua Frimpong,F,7,7D,Ravensbourne,Mr T. Ballard,2015-02-24,11.5,Black African (Ghanaian),Ga,No,No,EHCP,"SLCN - Speech, Language & Communication",2.4,7y 9m,English,History,97.9,3,57,6,0,mixed,False,False,"Akosua Frimpong has SLCN - Speech, Language & Communication and does far better with structure, warning of changes and a bit of patience. Working at grade 2.4 on average, with English the clear strength and History the obvious weak spot. Reading age 7y 9m - well below her actual age of 11y 6m - so she can't access half the exam papers unaided. 57 points logged - low-level stuff: chatting, out of seat, phone on the desk. Attendance 97.9%. The only absences are medical and always covered by a note. Lives on the towers on Devons Road with mum, stepdad and a new baby. Supportive at home, but stretched thin. Goes to LGBTQ+ alliance every week without fail. EHCP names 20 hours of TA support a week and access arrangements for exams."
HAR1104,Ifeoma Adewale,F,7,7D,Ravensbourne,Mr T. Ballard,2014-09-13,12.0,Black African (Nigerian),Edo,Yes - fluent,Yes,None,,6.5,12y 8m,Science,Maths,95.5,4,44,8,0,mixed,False,False,"Ifeoma Adewale is a high flyer with the kind of exercise books other teachers photocopy as an example. Working at grade 6.5 on average, with Science the clear strength and Maths the obvious weak spot. 44 behaviour points and 8 detentions, all for the same three things. Attendance sits at 95.5% with no unauthorised absence. At home it's both parents and twin sisters, above a shop on the parade. Obsessed with West Ham to the point of doing homework about it unprompted."
HAR1105,Roxanne Prosser,F,7,7D,Ravensbourne,Mr T. Ballard,2015-02-07,11.6,White British,English,No,No,EHCP,SpLD - Dyslexia,5.3,9y 11m,English,Maths,94.0,3,0,1,0,good,False,False,"Roxanne Prosser is pleasant, chatty and easily distracted, but the work gets done in the end. Working at grade 5.3 on average, with English the clear strength and Maths the obvious weak spot. 0 points logged, every one of them for uniform or equipment rather than conduct. 94.0% attendance - enough to trigger a letter home but not a fine. Lives with dad, who works two jobs in a house with a converted loft room. Supportive at home, but stretched thin. Runs choir and takes it more seriously than most of the staff do. EHCP names 20 hours of TA support a week and access arrangements for exams."
HAR1106,Selam Asfaw,F,7,7D,Ravensbourne,Mr T. Ballard,2015-01-06,11.7,Black African (Horn of Africa),Amharic,Yes - fluent,Yes,SEN Support (K),ADHD (SEMH/medical),4.5,8y 5m,English,Computing,88.4,19,27,3,0,ok,True,False,"Selam Asfaw is a grafter. Nothing comes easily but she keeps showing up and keeps trying. Currently 4.5 on average - on target in English, a full two grades off in Computing. 27 points logged - low-level stuff: chatting, out of seat, phone on the desk. Attendance has slipped to 88.4% and there's a pattern of Monday mornings. Lives with mum, dad and grandad in a council flat on the fourth floor. Money is tight and everyone in the house knows it. Runs netball and takes it more seriously than most of the staff do."
HAR1107,Danielle Small,F,7,7D,Ravensbourne,Mr T. Ballard,2015-03-07,11.5,Black Caribbean / Mixed Black Caribbean,Jamaican Patois,No,No,None,,6.0,12y 1m,English,Spanish,98.6,1,3,1,0,good,False,False,"Danielle Small is a solid, steady student who does what's asked and not a great deal more. English is her best subject by a distance. Spanish is the one her tutor has to chase every report. 3 behaviour points, which for this school is nothing at all. 98.6% attendance and always on time. Lives on the towers on Devons Road with grandmother as main carer, in a council flat on the fourth floor. One of the leaders in young carers group; it's the one place she's consistently brilliant."
HAR1108,Bukola Ibeh,F,7,7D,Ravensbourne,Mr T. Ballard,2015-08-01,11.1,Black African (Nigerian),Igbo,Yes - developing,Yes,SEN Support (K),SpLD - Dyslexia,3.3,7y 6m,History,Design & Technology,98.7,3,18,1,0,ok,False,False,"Bukola Ibeh has been on the intervention list for two years and progress has been slow at best. Reports are consistent: strong in History, weak in Design & Technology, average grade 3.3. Literacy is the bottleneck: reading age 7y 6m and handwriting that she's embarrassed about. 18 points. Nothing serious, but the pattern is talking over staff and refusing to move seats. Attendance 98.7%. The only absences are medical and always covered by a note. Lives on the flats behind the Roman Road with both parents and an older brother. Big into cars and car spotting."
HAR1109,Abdi Aden,M,7,7D,Ravensbourne,Mr T. Ballard,2015-04-13,11.4,Black African (Somali),Somali,Yes - fluent,No,None,,6.6,11y 5m,English,Science,93.7,4,23,3,0,ok,False,False,"Abdi Aden sits near the front, works from the second the bell goes, and rarely needs telling twice. Working at grade 6.6 on average, with English the clear strength and Science the obvious weak spot. 23 points logged - low-level stuff: chatting, out of seat, phone on the desk. Attendance 93.7%, which the year team are keeping an eye on. Lives with mum and three younger siblings above a shop on the parade. Nobody at home has the confidence to challenge the school, which staff are conscious of. Would rather be at LGBTQ+ alliance than in any lesson and says so openly."
HAR1110,Shoaib Aslam,M,7,7D,Ravensbourne,Mr T. Ballard,2015-04-16,11.4,British Pakistani,Punjabi,Yes - developing,No,None,,8.2,13y 6m,Spanish,Maths,92.2,0,5,0,0,good,False,False,"Shoaib Aslam is one of those students who makes a lesson easier just by being in it. Sits on grade 8.2 overall. Teachers in Spanish rate him highly, staff in Maths much less so. Nothing on the behaviour log worth reading - 5 points total. Attendance 92.2%. Punctuality is the bigger problem: 0 lates this term. Lives with an older sister who does most of the parenting in a council flat on the fourth floor. Supportive at home, but stretched thin. Quietly good at cricket, which nobody at school knew until Year 9."
HAR1111,Ikran Nur,F,7,7D,Ravensbourne,Mr T. Ballard,2014-10-04,11.9,Black African (Somali),Somali,Yes - developing,No,None,,1.6,7y 0m,English,Maths,100.0,3,19,1,0,ok,False,False,"Ikran Nur is capable but so far behind that catching up now looks unrealistic without serious intervention. English is her best subject by a distance. Maths is the one her tutor has to chase every report. Literacy is the bottleneck: reading age 7y 0m and handwriting that she's embarrassed about. 19 points logged - low-level stuff: chatting, out of seat, phone on the desk. Attendance 100.0% - never an issue. At home it's mum only, in a council flat on the fourth floor. Runs robotics club and takes it more seriously than most of the staff do."
HAR1112,Nabila Karim,F,7,7D,Ravensbourne,Mr T. Ballard,2014-11-22,11.8,British Bangladeshi,Sylheti,Yes - fluent,No,None,,3.0,10y 0m,Maths,English,90.1,16,136,33,1,poor,False,False,"Nabila Karim does not walk away from anything, which is most of the problem. Currently 3.0 on average - on target in Maths, a full two grades off in English. 136 points and 33 detentions. Screamed ""I don't give a shit"" across a full canteen and was removed for the afternoon. Attendance 90.1%, which the year team are keeping an eye on. Lives on the estate off Barking Road with mum and three younger siblings, above a shop on the parade. The commute in is two buses and it shows in the punctuality data. One of the leaders in Duke of Edinburgh Bronze; it's the one place she's consistently brilliant. On the school's Prevent-adjacent watch list only for online content shared in a group chat; resolved, no further concern."
HAR1113,Daniela Ferreira,F,7,7D,Ravensbourne,Mr T. Ballard,2015-08-10,11.1,White Other (Portuguese / Brazilian),Portuguese,Yes - fluent,No,None,,5.6,10y 1m,English,Maths,94.0,1,29,2,0,ok,False,False,"Daniela Ferreira is a decent worker who gets by on effort more than natural ability. Sits on grade 5.6 overall. Teachers in English rate her highly, staff in Maths much less so. 29 points. Nothing serious, but the pattern is talking over staff and refusing to move seats. Attendance 94.0%, which the year team are keeping an eye on. Lives on the flats behind the Roman Road with dad, who works two jobs, in a flat with a lift that never works. Goes to debate club every week without fail."
HAR1114,Jodie Larkin,F,7,7D,Ravensbourne,Mr T. Ballard,2015-04-28,11.3,White British,English,No,Yes,None,,3.0,9y 2m,PE,Geography,82.1,16,192,35,1,poor,True,False,"Jodie Larkin does not walk away from anything, which is most of the problem. Working at grade 3.0 on average, with PE the clear strength and Geography the obvious weak spot. Reading age assessed at 9y 2m. Everything else follows from that. 192 behaviour points and 35 detentions. Told a cover teacher to ""fuck off"" in March and got two days internal. Attendance 82.1%. Two attendance meetings held, one missed by the family. Home is in temporary accommodation with an uncle who is also her named carer. Spends every break on Leyton Orient. Mentored by the school's attendance and inclusion lead."
HAR1115,Lewis Hollis,M,7,7D,Ravensbourne,Mr T. Ballard,2015-05-21,11.3,White British,English,No,No,None,,3.7,9y 5m,Maths,English,94.7,3,23,1,0,ok,False,False,"Lewis Hollis is a decent worker who gets by on effort more than natural ability. Working at grade 3.7 on average, with Maths the clear strength and English the obvious weak spot. Reading age assessed at 9y 5m. Everything else follows from that. 23 points logged - low-level stuff: chatting, out of seat, phone on the desk. Attendance has slipped to 94.7% and there's a pattern of Monday mornings. At home it's both parents and an older brother, in a one-bed with the living room as a bedroom. Known across the year for cooking with her nan."
HAR1116,Connor Hughes,M,7,7D,Ravensbourne,Mr T. Ballard,2015-08-19,11.0,White British,English,No,No,SEN Support (K),ADHD (SEMH/medical),4.3,8y 4m,Computing,English,46.6,8,221,33,0,poor,True,True,"Connor Hughes has had long spells out of lessons and is being reintegrated slowly. Average working grade 4.3. Computing is well above the rest; English is dragging the profile down. 221 behaviour points and 0 suspensions. Refuses to accept a sanction from anyone he hasn't decided he likes. Attendance 46.6%. Two attendance meetings held, one missed by the family. Home is in a maisonette off the high street with foster carers. Runs chess club and takes it more seriously than most of the staff do."
HAR1117,Julia Dabrowski,F,7,7D,Ravensbourne,Mr T. Ballard,2014-09-27,11.9,White Other (Polish),Polish,Yes - developing,No,None,,4.0,10y 2m,Maths,Science,93.8,0,17,3,0,ok,False,False,"Julia Dabrowski is quiet to the point of being invisible in some lessons and staff have to make an effort to notice her. Reports are consistent: strong in Maths, weak in Science, average grade 4.0. 17 behaviour points and 3 detentions, all for the same three things. Attendance 93.8%. Punctuality is the bigger problem: 0 lates this term. Lives in a maisonette off the high street with mum, dad and grandad. Parents' evening attendance is patchy, and it's shift work rather than a lack of interest. Spends every break on West Ham. Off-site alternative provision two days a week."
HAR1118,Erjona Hoxha,F,7,7D,Ravensbourne,Mr T. Ballard,2014-10-27,11.8,White Other (Albanian),Albanian,No,Yes,None,,2.5,9y 10m,Music,English,97.4,1,14,1,0,ok,False,False,"Erjona Hoxha is significantly behind where she should be and the gap is widening every term. Average working grade 2.5. Music is well above the rest; English is dragging the profile down. Reading age of 9y 10m against a chronological age of 11y 10m, which is the root of most of it. 14 behaviour points, mostly talking, phones and being late to period one. Attendance 97.4%. The only absences are medical and always covered by a note. At home it's aunt and uncle and five cousins, in a one-bed with the living room as a bedroom. The family are on the phone to the office constantly - engaged, if a bit much. Would rather be at gospel choir than in any lesson and says so openly."
HAR1119,Thivyan Joshi,M,7,7D,Ravensbourne,Mr T. Ballard,2015-08-08,11.1,British Indian,Gujarati,Yes - new to English,No,None,,4.2,9y 3m,RE,Computing,97.7,2,53,8,0,mixed,False,False,"Thivyan Joshi joined Harford two years ago with almost no English and has come a long way, fast. Sits on grade 4.2 overall. Teachers in RE rate him highly, staff in Computing much less so. 53 behaviour points and 8 detentions, all for the same three things. Attendance sits at 97.7% with no unauthorised absence. Lives on the Chrisp Street area with dad, who works two jobs. Supportive at home, but stretched thin. Big into drawing manga."
HAR1120,Diogo Pereira,M,7,7D,Ravensbourne,Mr T. Ballard,2015-02-23,11.5,White Other (Portuguese / Brazilian),Portuguese,Yes - fluent,Yes,SEN Support (K),"SLCN - Speech, Language & Communication",7.1,11y 11m,Geography,Science,93.3,3,72,10,0,mixed,False,False,"Diogo Pereira has been on the gifted and talented register since Year 7 and has never dropped off it. Sits on grade 7.1 overall. Teachers in Geography rate him highly, staff in Science much less so. 72 points logged - low-level stuff: chatting, out of seat, phone on the desk. Attendance has slipped to 93.3% and there's a pattern of Monday mornings. Lives in a one-bed with the living room as a bedroom with aunt and uncle and five cousins. Nobody at home has the confidence to challenge the school, which staff are conscious of. Goes to peer mentoring every week without fail."
HAR1121,Trang Do,F,7,7E,Beam,Ms N. Achebe,2014-09-06,12.0,Asian Other (Vietnamese),Vietnamese,No,No,None,,4.2,11y 5m,Science,Maths,93.9,0,8,0,0,good,False,False,"Trang Do is reliable in lessons she likes and drifts badly in the ones she doesn't. Average of 4.2 across the board, with a big spread between Science and Maths. Behaviour record is spotless: 8 points on the system all year. Attendance has slipped to 93.9% and there's a pattern of Monday mornings. At home it's grandmother as main carer, in a flat with a lift that never works. Runs STEM club and takes it more seriously than most of the staff do."
HAR1122,Ayse Arslan,F,7,7E,Beam,Ms N. Achebe,2015-01-05,11.7,White Other (Turkish / Kurdish),Zazaki,Yes - fluent,No,SEN Support (K),ADHD (SEMH/medical),5.2,9y 0m,English,Computing,85.0,15,143,32,2,poor,True,False,"Ayse Arslan is on the SEND register for ADHD (SEMH/medical) and has a one-page profile all staff are meant to have read. Average of 5.2 across the board, with a big spread between English and Computing. 143 points, 32 detentions. Told her Head of Year, word for word, that the school could ""do one"" - then apologised properly the next day, which is the frustrating bit. Attendance 85.0% - persistently absent and now with the Education Welfare Officer. Home is in a flat with a lift that never works with mum only. Big into baking."
HAR1123,Georgia Stubbs,F,7,7E,Beam,Ms N. Achebe,2015-08-07,11.1,White British,English,No,No,SEN Support (K),Hearing Impairment,5.8,8y 0m,Science,Drama,98.5,2,4,1,0,good,False,False,"Georgia Stubbs is on the SEND register for Hearing Impairment and has a one-page profile all staff are meant to have read. Working at grade 5.8 on average, with Science the clear strength and Drama the obvious weak spot. 4 points logged, every one of them for uniform or equipment rather than conduct. 98.5% attendance and always on time. At home it's an uncle who is also her named carer, in a maisonette off the high street. One of the leaders in Islamic Society lunchtime prayer; it's the one place she's consistently brilliant."
HAR1124,Hakan Dogan,M,7,7E,Beam,Ms N. Achebe,2014-12-14,11.7,White Other (Turkish / Kurdish),Zazaki,Yes - fluent,Yes,None,,4.7,10y 11m,Maths,Science,91.3,4,29,1,0,ok,False,False,"Hakan Dogan is a grafter. Nothing comes easily but he keeps showing up and keeps trying. Maths is his best subject by a distance. Science is the one his tutor has to chase every report. 29 points logged - low-level stuff: chatting, out of seat, phone on the desk. Attendance has slipped to 91.3% and there's a pattern of Monday mornings. At home it's mum, dad and grandad, above a shop on the parade. The family are on the phone to the office constantly - engaged, if a bit much. One of the leaders in steel pans; it's the one place he's consistently brilliant."
HAR1125,Georgia Vine,F,7,7E,Beam,Ms N. Achebe,2015-04-13,11.4,White British,English,No,Yes,None,,4.5,9y 9m,Science,Maths,94.7,0,8,0,0,good,False,False,"Georgia Vine is a solid, steady student who does what's asked and not a great deal more. Science is her best subject by a distance. Maths is the one her tutor has to chase every report. Nothing on the behaviour log worth reading - 8 points total. Attendance has slipped to 94.7% and there's a pattern of Monday mornings. Home is in temporary accommodation with mum and three younger siblings. Older siblings came through Harford as well and staff remember the surname. Talks about TikTok edits constantly, in and out of lesson."
HAR1126,Georgia Hendricks,F,7,7E,Beam,Ms N. Achebe,2014-09-28,11.9,White British,English,No,Yes,None,,7.7,12y 6m,Spanish,Science,92.6,4,3,0,0,good,False,False,"Georgia Hendricks is a high flyer with the kind of exercise books other teachers photocopy as an example. Reports are consistent: strong in Spanish, weak in Science, average grade 7.7. 3 points logged, every one of them for uniform or equipment rather than conduct. Attendance 92.6%. Punctuality is the bigger problem: 4 lates this term. At home it's mum, dad and four siblings, in a two-bed flat. One of the leaders in rugby; it's the one place she's consistently brilliant."
HAR1127,Idil Hersi,F,7,7E,Beam,Ms N. Achebe,2015-04-13,11.4,Black African (Somali),Somali,Yes - fluent,No,None,,4.0,9y 4m,Science,Music,91.9,18,40,5,0,mixed,False,False,"Idil Hersi is pleasant, chatty and easily distracted, but the work gets done in the end. Average working grade 4.0. Science is well above the rest; Music is dragging the profile down. 40 points. Nothing serious, but the pattern is talking over staff and refusing to move seats. 91.9% attendance - enough to trigger a letter home but not a fine. At home it's mum and three younger siblings, in a terraced house shared with an aunt's family. Parents' evening attendance is patchy, and it's shift work rather than a lack of interest. Big into streaming on Twitch. Recently bereaved - lost her grandfather last year and it shows."
HAR1128,Sabina Uddin,F,7,7E,Beam,Ms N. Achebe,2015-04-16,11.4,British Bangladeshi,Sylheti,Yes - developing,No,None,,5.5,10y 7m,Spanish,Maths,99.7,2,4,1,0,good,False,False,"Sabina Uddin is reliable in lessons she likes and drifts badly in the ones she doesn't. Average of 5.5 across the board, with a big spread between Spanish and Maths. Behaviour record is spotless: 4 points on the system all year. 99.7% attendance and always on time. Lives on the Aldgate side of the borough with mum, dad and four siblings, in a house with a converted loft room. It's a full house and a quiet space to do homework doesn't really exist. Obsessed with roller skating to the point of doing homework about it unprompted. Off-site alternative provision two days a week."
HAR1129,Emilia Kaminski,F,7,7E,Beam,Ms N. Achebe,2015-06-08,11.2,White Other (Polish),Polish,Yes - fluent,No,None,,2.2,9y 1m,Maths,Science,87.4,18,177,35,1,poor,True,False,"Emilia Kaminski has a temper that goes from nought to shouting in about four seconds. Average of 2.2 across the board, with a big spread between Maths and Science. Reading age 9y 1m - well below her actual age of 11y 2m - so she can't access half the exam papers unaided. 177 points and 35 detentions. Screamed ""I don't give a shit"" across a full canteen and was removed for the afternoon. 87.4% attendance. The school has issued a formal warning and a penalty notice is on the table. Lives on the Carpenters Estate with mum, dad and grandad. Money is tight and everyone in the house knows it. Talks about sewing and altering clothes constantly, in and out of lesson."
HAR1130,Tanvir Mia,M,7,7E,Beam,Ms N. Achebe,2015-02-23,11.5,British Bangladeshi,Sylheti,Yes - developing,Yes,None,,4.8,9y 10m,English,RE,88.5,15,216,18,0,poor,True,False,"Tanvir Mia runs the room if you let him, and most supply teachers let him. Average working grade 4.8. English is well above the rest; RE is dragging the profile down. 216 points and 18 detentions. Walked out of Maths shouting ""this lesson is dead"" and slammed the door hard enough to crack the glass. Attendance 88.5%, which the year team are keeping an eye on. Home is in a council flat on the fourth floor with mum, stepdad and a new baby. Parents' evening attendance is patchy, and it's shift work rather than a lack of interest. Runs music tech club and takes it more seriously than most of the staff do."
HAR1131,Karolis Navickas,M,7,7E,Beam,Ms N. Achebe,2014-11-23,11.8,White Other (Lithuanian),Lithuanian,Yes - fluent,Yes,None,,3.2,9y 2m,French,Science,93.7,2,19,1,0,ok,False,False,"Karolis Navickas arrived below expectations and, honestly, hasn't closed much ground since. Reports are consistent: strong in French, weak in Science, average grade 3.2. Reading age of 9y 2m against a chronological age of 11y 9m, which is the root of most of it. 19 points. Nothing serious, but the pattern is talking over staff and refusing to move seats. Attendance has slipped to 93.7% and there's a pattern of Monday mornings. Lives with both parents, both working in the family business in a maisonette off the high street. Goes to young carers group every week without fail."
HAR1132,Rania Fares,F,7,7E,Beam,Ms N. Achebe,2015-06-16,11.2,Arab,Arabic (Sudanese),Yes - developing,No,None,,6.7,11y 2m,Music,Maths,89.9,13,14,1,0,ok,True,False,"Rania Fares is quietly brilliant - the sort of student who hands work in early and then asks for more. Working at grade 6.7 on average, with Music the clear strength and Maths the obvious weak spot. 14 behaviour points, mostly talking, phones and being late to period one. Attendance 89.9%. Punctuality is the bigger problem: 13 lates this term. At home it's aunt and uncle and five cousins, in temporary accommodation. It's a full house and a quiet space to do homework doesn't really exist. Spends every break on fixing up mopeds."
HAR1133,Nayeem Choudhury,M,7,7E,Beam,Ms N. Achebe,2014-11-07,11.8,British Bangladeshi,Bengali,Yes - developing,No,None,,3.3,9y 7m,Music,Geography,92.0,3,70,9,0,mixed,False,False,"Nayeem Choudhury is capable but so far behind that catching up now looks unrealistic without serious intervention. Average working grade 3.3. Music is well above the rest; Geography is dragging the profile down. Reading age of 9y 7m against a chronological age of 11y 9m, which is the root of most of it. 70 points. Nothing serious, but the pattern is talking over staff and refusing to move seats. 92.0% attendance - enough to trigger a letter home but not a fine. Home is in a maisonette off the high street with both parents and an older brother. Known across the year for Arsenal."
HAR1134,Hakan Kaya,M,7,7E,Beam,Ms N. Achebe,2015-08-04,11.1,White Other (Turkish / Kurdish),Turkish,Yes - new to English,No,None,,3.0,9y 7m,Maths,Design & Technology,92.1,2,25,3,0,ok,False,False,"Hakan Kaya speaks Turkish at home and is at the stage where he understands nearly everything and says almost nothing. Currently 3.0 on average - on target in Maths, a full two grades off in Design & Technology. 25 behaviour points and 3 detentions, all for the same three things. Attendance 92.1%. Punctuality is the bigger problem: 2 lates this term. At home it's both parents and twin sisters, above a shop on the parade. Talks about anime constantly, in and out of lesson. On a pastoral support plan after a difficult autumn term."
HAR1135,Kamrul Sarker,M,7,7E,Beam,Ms N. Achebe,2015-06-05,11.2,British Bangladeshi,Bengali,No,Yes,None,,4.6,10y 8m,RE,Geography,90.6,8,5,1,0,good,False,False,"Kamrul Sarker is reliable in lessons he likes and drifts badly in the ones he doesn't. Average working grade 4.6. RE is well above the rest; Geography is dragging the profile down. 5 points logged, every one of them for uniform or equipment rather than conduct. Attendance has slipped to 90.6% and there's a pattern of Monday mornings. Home is in temporary accommodation with an uncle who is also his named carer. Spends every break on Millwall. Free school meals and school-funded uniform; family declined a food bank referral."
HAR1136,Ashton Tanner,M,7,7E,Beam,Ms N. Achebe,2015-03-08,11.5,White British,English,No,Yes,EHCP,ASD - Autism Spectrum Condition,4.2,8y 6m,Maths,Science,94.2,4,0,1,0,good,False,False,"Ashton Tanner is a decent worker who gets by on effort more than natural ability. Average of 4.2 across the board, with a big spread between Maths and Science. Behaviour record is spotless: 0 points on the system all year. Attendance has slipped to 94.2% and there's a pattern of Monday mornings. Lives on the Beckton end with both parents and twin sisters, in a flat with a lift that never works. Older siblings came through Harford as well and staff remember the surname. Would rather be at gospel choir than in any lesson and says so openly. EHCP names 20 hours of TA support a week and access arrangements for exams."
HAR1137,Tanzila Begum,F,7,7E,Beam,Ms N. Achebe,2014-09-01,12.0,British Bangladeshi,Sylheti,Yes - developing,No,None,,5.7,11y 9m,RE,Maths,79.3,17,84,4,0,mixed,True,False,"Tanzila Begum is reliable in lessons she likes and drifts badly in the ones she doesn't. Average working grade 5.7. RE is well above the rest; Maths is dragging the profile down. 84 behaviour points, mostly talking, phones and being late to period one. 79.3% attendance. The school has issued a formal warning and a penalty notice is on the table. Home is in a two-bed flat with both parents and an older brother. Housing changed twice in the last two years and you can see it in the exercise books. Known across the year for cooking with her nan."
HAR1138,Rupali Hoque,F,7,7E,Beam,Ms N. Achebe,2015-03-05,11.5,British Bangladeshi,Bengali,No,Yes,SEN Support (K),"SLCN - Speech, Language & Communication",1.0,6y 5m,English,English,90.4,12,85,5,0,mixed,False,False,"Rupali Hoque has SLCN - Speech, Language & Communication and does far better with structure, warning of changes and a bit of patience. Average working grade 1.0. English is well above the rest; English is dragging the profile down. Literacy is the bottleneck: reading age 6y 5m and handwriting that she's embarrassed about. 85 behaviour points, mostly talking, phones and being late to period one. 90.4% attendance - enough to trigger a letter home but not a fine. Home is in a house with a converted loft room with aunt and uncle and five cousins. Older siblings came through Harford as well and staff remember the surname. Talks about chess puzzles constantly, in and out of lesson."
HAR1139,Lewis Wright,M,7,7E,Beam,Ms N. Achebe,2015-02-01,11.6,White British,English,No,No,SEN Support (K),SpLD - Dyscalculia,6.9,10y 8m,Geography,Maths,97.1,3,12,1,0,ok,False,False,"Lewis Wright is one of the strongest students in Year 7, and staff talk about him as a genuine top-set kid. Reports are consistent: strong in Geography, weak in Maths, average grade 6.9. 12 points. Nothing serious, but the pattern is talking over staff and refusing to move seats. 97.1% attendance and always on time. Lives with grandmother as main carer in a terraced house shared with an aunt's family. Spends every break on karate."
HAR1140,Fatima Chowdhury,F,7,7E,Beam,Ms N. Achebe,2015-06-15,11.2,British Bangladeshi,Bengali,No,Yes,None,,3.3,8y 0m,English,Science,92.0,4,2,0,0,good,False,False,"Fatima Chowdhury can do the work when someone sits with her, and almost never does it when nobody does. Reports are consistent: strong in English, weak in Science, average grade 3.3. Reading age assessed at 8y 0m. Everything else follows from that. 2 points logged, every one of them for uniform or equipment rather than conduct. Attendance 92.0%. Punctuality is the bigger problem: 4 lates this term. Lives in a house with a converted loft room with mum only. It's a full house and a quiet space to do homework doesn't really exist. Goes to Eco Club every week without fail."
HAR1141,Kotryna Petraitis,F,7,7E,Beam,Ms N. Achebe,2015-08-22,11.0,White Other (Lithuanian),Lithuanian,Yes - developing,Yes,EHCP,Hearing Impairment,1.1,7y 0m,Maths,English,91.3,15,17,1,0,ok,False,False,"Kotryna Petraitis has Hearing Impairment and does far better with structure, warning of changes and a bit of patience. Average working grade 1.1. Maths is well above the rest; English is dragging the profile down. Reading age 7y 0m - well below her actual age of 11y 0m - so she can't access half the exam papers unaided. 17 behaviour points and 1 detentions, all for the same three things. Attendance 91.3%, which the year team are keeping an eye on. Lives above a shop on the parade with mum, stepdad and a new baby. One of the leaders in cheerleading; it's the one place she's consistently brilliant. Reduced timetable agreed with parents until Christmas. EHCP names 12 hours of TA support a week and access arrangements for exams."
HAR1142,Danielle Campbell,F,7,7E,Beam,Ms N. Achebe,2015-08-14,11.0,Black Caribbean / Mixed Black Caribbean,Jamaican Patois,No,No,None,,2.1,8y 6m,French,Geography,100.0,4,68,9,0,mixed,False,False,"Danielle Campbell is capable but so far behind that catching up now looks unrealistic without serious intervention. Average working grade 2.1. French is well above the rest; Geography is dragging the profile down. Reading age of 8y 6m against a chronological age of 11y 0m, which is the root of most of it. 68 behaviour points and 9 detentions, all for the same three things. 100.0% attendance and always on time. Lives on the Bow Common side with mum and a disabled younger brother. One of the leaders in STEM club; it's the one place she's consistently brilliant."
HAR1143,Fatjon Krasniqi,M,7,7E,Beam,Ms N. Achebe,2014-09-14,12.0,White Other (Albanian),Albanian,No,Yes,None,,3.7,9y 5m,Maths,English,95.8,0,29,3,0,ok,False,False,"Fatjon Krasniqi is a solid, steady student who does what's asked and not a great deal more. Average of 3.7 across the board, with a big spread between Maths and English. Reading age assessed at 9y 5m. Everything else follows from that. 29 behaviour points, mostly talking, phones and being late to period one. Attendance 95.8% - never an issue. Lives on the towers on Devons Road with grandmother as main carer. Whoever's home in the morning is doing four school runs, so he's largely left to sort himself out. Goes to music tech club every week without fail. Working with the school counsellor weekly."
HAR1144,Ollie Larkin,M,7,7E,Beam,Ms N. Achebe,2014-10-06,11.9,White British,English,No,No,None,,6.6,11y 8m,Maths,Science,98.3,3,7,0,0,good,False,False,"Ollie Larkin is a high flyer with the kind of exercise books other teachers photocopy as an example. Average working grade 6.6. Maths is well above the rest; Science is dragging the profile down. 7 points logged, every one of them for uniform or equipment rather than conduct. Attendance sits at 98.3% with no unauthorised absence. Home is in a one-bed with the living room as a bedroom with mum, dad and grandad. Older siblings came through Harford as well and staff remember the surname. Talks about baking constantly, in and out of lesson."
HAR1145,Zahid Khan,M,7,7E,Beam,Ms N. Achebe,2015-06-09,11.2,British Bangladeshi,Bengali,Yes - developing,Yes,None,,5.5,10y 2m,Design & Technology,Drama,92.7,3,91,13,0,mixed,False,False,"Zahid Khan is pleasant, chatty and easily distracted, but the work gets done in the end. Average working grade 5.5. Design & Technology is well above the rest; Drama is dragging the profile down. 91 points. Nothing serious, but the pattern is talking over staff and refusing to move seats. Attendance 92.7%, which the year team are keeping an eye on. Lives in a maisonette off the high street with mum and her partner. Older siblings came through Harford as well and staff remember the surname. One of the leaders in dance troupe; it's the one place he's consistently brilliant."
HAR1146,Tia Harris,F,7,7E,Beam,Ms N. Achebe,2014-12-26,11.7,White British,English,No,No,None,,5.4,11y 7m,Science,English,93.3,1,18,4,0,ok,False,False,"Tia Harris is reliable in lessons she likes and drifts badly in the ones she doesn't. Average of 5.4 across the board, with a big spread between Science and English. 18 points logged - low-level stuff: chatting, out of seat, phone on the desk. Attendance 93.3%, which the year team are keeping an eye on. At home it's grandmother as main carer, in a two-bed flat. Whoever's home in the morning is doing four school runs, so she's largely left to sort herself out. Obsessed with fixing up mopeds to the point of doing homework about it unprompted."
HAR1147,Afia Asante,F,7,7E,Beam,Ms N. Achebe,2015-08-01,11.1,Black African (Ghanaian),Ewe,Yes - developing,Yes,None,,2.1,8y 4m,Maths,English,99.7,2,24,3,0,ok,False,False,"Afia Asante is significantly behind where she should be and the gap is widening every term. Average working grade 2.1. Maths is well above the rest; English is dragging the profile down. Reading age assessed at 8y 4m. Everything else follows from that. 24 points logged - low-level stuff: chatting, out of seat, phone on the desk. 99.7% attendance and always on time. Lives on the Bow Common side with aunt and uncle and five cousins. Obsessed with swimming to the point of doing homework about it unprompted."
HAR1148,Imtiaz Mia,M,7,7E,Beam,Ms N. Achebe,2015-03-13,11.5,British Bangladeshi,Sylheti,Yes - fluent,Yes,SEN Support (K),SpLD - Dyslexia,1.0,7y 5m,Science,English,94.1,3,21,4,0,ok,False,False,"Imtiaz Mia struggles across almost every subject and has more or less stopped pretending otherwise. Average working grade 1.0. Science is well above the rest; English is dragging the profile down. 21 points. Nothing serious, but the pattern is talking over staff and refusing to move seats. Attendance 94.1%. Punctuality is the bigger problem: 3 lates this term. Lives with mum, dad and grandad in a house with a converted loft room. The family are on the phone to the office constantly - engaged, if a bit much. Big into dog walking for money."
HAR1149,Roxanne Harris,F,7,7E,Beam,Ms N. Achebe,2015-08-06,11.1,White British,English,No,No,None,,7.9,12y 10m,English,Spanish,100.0,0,7,0,0,good,False,False,"Roxanne Harris is quietly brilliant - the sort of student who hands work in early and then asks for more. Average of 7.9 across the board, with a big spread between English and Spanish. 7 behaviour points and no detentions. Staff use her as the example. Attendance sits at 100.0% with no unauthorised absence. Lives on the houses off Green Street with foster carers, in a council flat on the fourth floor. Parents' evening attendance is patchy, and it's shift work rather than a lack of interest. One of the leaders in steel pans; it's the one place she's consistently brilliant."
HAR1150,Bradley Doyle,M,7,7E,Beam,Ms N. Achebe,2014-09-17,12.0,White British,English,No,Yes,SEN Support (K),"SLCN - Speech, Language & Communication",4.7,9y 6m,Music,Science,84.3,12,16,2,0,ok,True,False,"Bradley Doyle has SLCN - Speech, Language & Communication and does far better with structure, warning of changes and a bit of patience. Currently 4.7 on average - on target in Music, a full two grades off in Science. 16 behaviour points and 2 detentions, all for the same three things. 84.3% attendance. The school has issued a formal warning and a penalty notice is on the table. Lives on the Manor Park end with mum and three younger siblings. Spends every break on pigeons."
HAR1151,Danny Ward,M,7,7F,Rom,Mr R. Whitlock,2015-06-12,11.2,White British,English,No,No,SEN Support (K),MLD - Moderate Learning Difficulty,2.5,6y 2m,English,Maths,85.4,21,212,37,1,poor,True,False,"Danny Ward has MLD - Moderate Learning Difficulty and does far better with structure, warning of changes and a bit of patience. Working at grade 2.5 on average, with English the clear strength and Maths the obvious weak spot. Reading age assessed at 6y 2m. Everything else follows from that. 212 behaviour points and 1 suspension. Refuses to accept a sanction from anyone he hasn't decided he likes. Attendance 85.4% - persistently absent and now with the Education Welfare Officer. Home is in a council flat on the fourth floor with an older sister who does most of the parenting. Would rather be at boxing club at the community gym than in any lesson and says so openly. Free school meals and school-funded uniform; family declined a food bank referral."
HAR1152,Yusuf Yilmaz,M,7,7F,Rom,Mr R. Whitlock,2015-02-17,11.5,White Other (Turkish / Kurdish),Turkish,Yes - developing,No,None,,6.4,12y 6m,Food Technology,Art,88.7,13,6,0,0,good,True,False,"Yusuf Yilmaz is a grafter. Nothing comes easily but he keeps showing up and keeps trying. Working at grade 6.4 on average, with Food Technology the clear strength and Art the obvious weak spot. 6 behaviour points, which for this school is nothing at all. Attendance has slipped to 88.7% and there's a pattern of Monday mornings. Home is in a two-bed flat with mum only. Talks about skateboarding constantly, in and out of lesson. Looked-after child, placed with foster carers in the borough since Year 8."
HAR1153,Jubayer Talukder,M,7,7F,Rom,Mr R. Whitlock,2014-12-11,11.7,British Bangladeshi,Bengali,Yes - new to English,No,None,,3.3,9y 10m,Science,English,82.2,16,16,4,0,ok,True,False,"Jubayer Talukder is a new-to-English arrival who is far cleverer than his written work can show yet. Working at grade 3.3 on average, with Science the clear strength and English the obvious weak spot. Reading age 9y 10m - well below his actual age of 11y 8m - so he can't access half the exam papers unaided. 16 behaviour points and 4 detentions, all for the same three things. Attendance 82.2% - persistently absent and now with the Education Welfare Officer. Lives on the Manor Park end with aunt and uncle and five cousins. It's a full house and a quiet space to do homework doesn't really exist. Known across the year for graffiti and lettering."
HAR1154,Sadia Sarker,F,7,7F,Rom,Mr R. Whitlock,2014-12-18,11.7,British Bangladeshi,Bengali,Yes - fluent,Yes,None,,3.6,9y 9m,Spanish,Food Technology,90.6,12,10,1,0,ok,False,False,"Sadia Sarker sits mid-table across the board and is happy there, which frustrates her tutor. Working at grade 3.6 on average, with Spanish the clear strength and Food Technology the obvious weak spot. Reading age of 9y 9m against a chronological age of 11y 8m, which is the root of most of it. 10 points. Nothing serious, but the pattern is talking over staff and refusing to move seats. Attendance has slipped to 90.6% and there's a pattern of Monday mornings. Lives in a maisonette off the high street with both parents and an older brother. Obsessed with cars and car spotting to the point of doing homework about it unprompted."
HAR1155,Emre Arslan,M,7,7F,Rom,Mr R. Whitlock,2014-12-18,11.7,White Other (Turkish / Kurdish),Turkish,Yes - fluent,Yes,None,,5.6,11y 9m,History,Food Technology,95.4,4,14,4,0,ok,False,False,"Emre Arslan is a grafter. Nothing comes easily but he keeps showing up and keeps trying. History is his best subject by a distance. Food Technology is the one his tutor has to chase every report. 14 behaviour points, mostly talking, phones and being late to period one. Attendance 95.4%. The only absences are medical and always covered by a note. Lives with mum only above a shop on the parade. Housing changed twice in the last two years and you can see it in the exercise books. Runs boxing club at the community gym and takes it more seriously than most of the staff do."
HAR1156,Paige Vine,F,7,7F,Rom,Mr R. Whitlock,2015-05-13,11.3,White British,English,No,No,SEN Support (K),SpLD - Dyslexia,2.4,6y 10m,Science,Music,93.6,1,149,36,2,poor,False,False,"Paige Vine is the reason three departments have moved seating plans this year. Average working grade 2.4. Science is well above the rest; Music is dragging the profile down. Literacy is the bottleneck: reading age 6y 10m and handwriting that she's embarrassed about. 149 behaviour points, 2 suspensions, and a permanent exclusion narrowly avoided after an incident with a vape and a fire alarm. 93.6% attendance - enough to trigger a letter home but not a fine. At home it's an uncle who is also her named carer, in a terraced house shared with an aunt's family. Talks about FIFA and Call of Duty constantly, in and out of lesson."
HAR1157,Pooja Patel,F,7,7F,Rom,Mr R. Whitlock,2014-11-05,11.8,British Indian,Punjabi,Yes - fluent,No,SEN Support (K),MLD - Moderate Learning Difficulty,3.7,8y 9m,Music,Science,93.0,0,72,8,0,mixed,False,False,"Pooja Patel is reliable in lessons she likes and drifts badly in the ones she doesn't. Average of 3.7 across the board, with a big spread between Music and Science. Literacy is the bottleneck: reading age 8y 9m and handwriting that she's embarrassed about. 72 points logged - low-level stuff: chatting, out of seat, phone on the desk. Attendance 93.0%. Punctuality is the bigger problem: 0 lates this term. Lives on the Bow Common side with foster carers. Spends every break on Chelsea."
HAR1158,Kojo Boateng,M,7,7F,Rom,Mr R. Whitlock,2015-05-18,11.3,Black African (Ghanaian),Twi,Yes - developing,Yes,None,,6.4,11y 9m,Science,RE,97.4,3,22,1,0,ok,False,False,"Kojo Boateng is the definition of middle of the road - never in trouble, never top of the class. Working at grade 6.4 on average, with Science the clear strength and RE the obvious weak spot. 22 points. Nothing serious, but the pattern is talking over staff and refusing to move seats. Attendance 97.4%. The only absences are medical and always covered by a note. Lives with an uncle who is also his named carer in a two-bed flat. Spends every break on West Ham. Referred to CAMHS, still on the waiting list."
HAR1159,Tanvir Sarker,M,7,7F,Rom,Mr R. Whitlock,2015-05-08,11.3,British Bangladeshi,Sylheti,Yes - fluent,No,None,,5.4,11y 1m,Spanish,Science,96.1,0,19,2,0,ok,False,False,"Tanvir Sarker is reliable in lessons he likes and drifts badly in the ones he doesn't. Average of 5.4 across the board, with a big spread between Spanish and Science. 19 points. Nothing serious, but the pattern is talking over staff and refusing to move seats. Attendance 96.1%. The only absences are medical and always covered by a note. Lives on the houses off Green Street with mum and her partner, above a shop on the parade. One of the leaders in table tennis; it's the one place he's consistently brilliant."
HAR1160,Charlie Wright,M,7,7F,Rom,Mr R. Whitlock,2014-11-14,11.8,White British,English,No,No,None,,4.8,10y 5m,Computing,Science,90.1,14,108,26,1,poor,False,False,"Charlie Wright runs the room if you let him, and most supply teachers let him. Sits on grade 4.8 overall. Teachers in Computing rate him highly, staff in Science much less so. 108 points, 26 detentions. Told his Head of Year, word for word, that the school could ""do one"" - then apologised properly the next day, which is the frustrating bit. Attendance has slipped to 90.1% and there's a pattern of Monday mornings. Lives on the Carpenters Estate with foster carers, in a one-bed with the living room as a bedroom. Older siblings came through Harford as well and staff remember the surname. Would rather be at art club than in any lesson and says so openly. Off-site alternative provision two days a week."
HAR1161,Yewande Adeleke,F,7,7F,Rom,Mr R. Whitlock,2015-04-23,11.4,Black African (Nigerian),Nigerian Pidgin,Yes - fluent,Yes,None,,3.3,9y 9m,PE,Spanish,88.4,18,4,1,0,good,True,False,"Yewande Adeleke has decided school isn't for her and spends most lessons proving it. Average of 3.3 across the board, with a big spread between PE and Spanish. Behaviour record is spotless: 4 points on the system all year. 88.4% attendance - enough to trigger a letter home but not a fine. Home is in a one-bed with the living room as a bedroom with dad and stepmum. Supportive at home, but stretched thin. Spends every break on streaming on Twitch. Looked-after child, placed with foster carers in the borough since Year 8."
HAR1162,Marius Stan,M,7,7F,Rom,Mr R. Whitlock,2015-01-18,11.6,White Other (Romanian),Romani,Yes - fluent,No,None,,2.1,8y 3m,English,Drama,95.7,2,11,4,0,ok,False,False,"Marius Stan struggles across almost every subject and has more or less stopped pretending otherwise. Average working grade 2.1. English is well above the rest; Drama is dragging the profile down. Reading age of 8y 3m against a chronological age of 11y 7m, which is the root of most of it. 11 points. Nothing serious, but the pattern is talking over staff and refusing to move seats. Attendance sits at 95.7% with no unauthorised absence. At home it's both parents and an older brother, in a two-bed flat. Supportive at home, but stretched thin. One of the leaders in LGBTQ+ alliance; it's the one place he's consistently brilliant."
HAR1163,Nur Celik,F,7,7F,Rom,Mr R. Whitlock,2015-08-01,11.1,White Other (Turkish / Kurdish),Zazaki,Yes - fluent,No,None,,6.5,11y 1m,English,PE,98.7,1,75,11,0,mixed,False,False,"Nur Celik is quietly brilliant - the sort of student who hands work in early and then asks for more. Sits on grade 6.5 overall. Teachers in English rate her highly, staff in PE much less so. 75 behaviour points and 11 detentions, all for the same three things. Attendance 98.7% - never an issue. Lives on the flats behind the Roman Road with both parents, both working in the family business. Nobody at home has the confidence to challenge the school, which staff are conscious of. Would rather be at reading buddies than in any lesson and says so openly."
HAR1164,Demi Crabtree,F,7,7F,Rom,Mr R. Whitlock,2015-03-13,11.5,White British,English,No,Yes,None,,8.8,12y 11m,Maths,Computing,97.2,1,40,10,0,mixed,False,False,"Demi Crabtree has been on the gifted and talented register since Year 7 and has never dropped off it. Average of 8.8 across the board, with a big spread between Maths and Computing. 40 behaviour points, mostly talking, phones and being late to period one. Attendance 97.2% - never an issue. Lives above a shop on the parade with both parents and an older brother. Talks about boxing constantly, in and out of lesson. Working with the school counsellor weekly."
HAR1165,Rabeya Hussain,F,7,7F,Rom,Mr R. Whitlock,2015-05-15,11.3,British Bangladeshi,Bengali,Yes - fluent,No,None,,4.4,10y 3m,Science,RE,97.3,1,31,9,0,mixed,False,False,"Rabeya Hussain is pleasant, chatty and easily distracted, but the work gets done in the end. Reports are consistent: strong in Science, weak in RE, average grade 4.4. 31 points logged - low-level stuff: chatting, out of seat, phone on the desk. Attendance 97.3%. The only absences are medical and always covered by a note. Lives on the houses off Green Street with mum, dad and four siblings, in a two-bed flat. Runs boxercise and takes it more seriously than most of the staff do."
HAR1166,Razvan Barbu,M,7,7F,Rom,Mr R. Whitlock,2015-06-12,11.2,White Other (Romanian),Romani,Yes - fluent,No,None,,2.6,9y 1m,English,Art,87.7,7,147,24,1,poor,True,False,"Razvan Barbu is funny, sharp and absolutely exhausting to teach. Reports are consistent: strong in English, weak in Art, average grade 2.6. Reading age assessed at 9y 1m. Everything else follows from that. 147 points and 24 detentions. Walked out of Maths shouting ""this lesson is dead"" and slammed the door hard enough to crack the glass. 87.7% attendance. The school has issued a formal warning and a penalty notice is on the table. Lives with mum only in a council flat on the fourth floor. Whoever's home in the morning is doing four school runs, so he's largely left to sort himself out. Big into Roblox and Minecraft. Off-site alternative provision two days a week."
HAR1167,Ugne Petraitis,F,7,7F,Rom,Mr R. Whitlock,2015-04-02,11.4,White Other (Lithuanian),Lithuanian,Yes - fluent,Yes,None,,3.1,9y 0m,Music,Science,88.5,18,110,19,2,poor,True,False,"Ugne Petraitis is bright enough to be doing well and chooses, daily, not to. Average working grade 3.1. Music is well above the rest; Science is dragging the profile down. Reading age of 9y 0m against a chronological age of 11y 5m, which is the root of most of it. 110 behaviour points and 19 detentions. Told a cover teacher to ""fuck off"" in March and got two days internal. Attendance has slipped to 88.5% and there's a pattern of Monday mornings. Lives with both parents and an older brother in temporary accommodation. The commute in is two buses and it shows in the punctuality data. Obsessed with hairdressing to the point of doing homework about it unprompted. Referred to CAMHS, still on the waiting list."
HAR1168,Ebru Kurt,F,7,7F,Rom,Mr R. Whitlock,2015-02-28,11.5,White Other (Turkish / Kurdish),Turkish,Yes - fluent,No,None,,5.3,10y 6m,Geography,Maths,98.3,1,9,2,0,ok,False,False,"Ebru Kurt sits mid-table across the board and is happy there, which frustrates her tutor. Working at grade 5.3 on average, with Geography the clear strength and Maths the obvious weak spot. 9 behaviour points, mostly talking, phones and being late to period one. 98.3% attendance and always on time. At home it's mum and her partner, in a one-bed with the living room as a bedroom. Nobody at home has the confidence to challenge the school, which staff are conscious of. Goes to photography club every week without fail."
HAR1169,Vithushan Selvarajah,M,7,7F,Rom,Mr R. Whitlock,2014-09-26,11.9,Asian Other (Sri Lankan Tamil),Tamil,Yes - developing,No,SEN Support (K),"SEMH - Social, Emotional & Mental Health",3.7,8y 5m,Maths,English,93.4,4,12,2,0,ok,False,False,"Vithushan Selvarajah is on the SEND register for SEMH - Social, Emotional & Mental Health and has a one-page profile all staff are meant to have read. Working at grade 3.7 on average, with Maths the clear strength and English the obvious weak spot. Reading age of 8y 5m against a chronological age of 11y 11m, which is the root of most of it. 12 behaviour points, mostly talking, phones and being late to period one. Attendance has slipped to 93.4% and there's a pattern of Monday mornings. Lives with aunt and uncle and five cousins in a terraced house shared with an aunt's family. It's a full house and a quiet space to do homework doesn't really exist. Runs Islamic Society lunchtime prayer and takes it more seriously than most of the staff do."
HAR1170,Fatima Aktar,F,7,7F,Rom,Mr R. Whitlock,2015-05-28,11.3,British Bangladeshi,Bengali,Yes - fluent,Yes,None,,5.6,11y 2m,Music,Science,100.0,3,11,3,0,ok,False,False,"Fatima Aktar is pleasant, chatty and easily distracted, but the work gets done in the end. Reports are consistent: strong in Music, weak in Science, average grade 5.6. 11 points logged - low-level stuff: chatting, out of seat, phone on the desk. 100.0% attendance and always on time. Lives on the Chrisp Street area with foster carers. The commute in is two buses and it shows in the punctuality data. One of the leaders in cooking club; it's the one place she's consistently brilliant."
HAR1171,Ayse Yilmaz,F,7,7F,Rom,Mr R. Whitlock,2015-04-14,11.4,White Other (Turkish / Kurdish),Turkish,No,Yes,None,,7.7,11y 11m,Drama,English,95.0,2,2,1,0,good,False,False,"Ayse Yilmaz is quietly brilliant - the sort of student who hands work in early and then asks for more. Reports are consistent: strong in Drama, weak in English, average grade 7.7. Behaviour record is spotless: 2 points on the system all year. Attendance 95.0%. The only absences are medical and always covered by a note. Lives with both parents and twin sisters in a two-bed flat. Money is tight and everyone in the house knows it. Goes to photography club every week without fail. Mentored by the school's attendance and inclusion lead."
HAR1172,Maisha Choudhury,F,7,7F,Rom,Mr R. Whitlock,2015-06-01,11.3,British Bangladeshi,Sylheti,No,No,SEN Support (K),"SEMH - Social, Emotional & Mental Health",4.9,7y 10m,Science,Design & Technology,84.3,3,11,1,0,ok,True,False,"Maisha Choudhury is quiet to the point of being invisible in some lessons and staff have to make an effort to notice her. Reports are consistent: strong in Science, weak in Design & Technology, average grade 4.9. 11 behaviour points and 1 detentions, all for the same three things. Attendance 84.3% - persistently absent and now with the Education Welfare Officer. Home is in a flat with a lift that never works with mum and three younger siblings. Spends every break on producing beats on FL Studio."
HAR1173,Rohan Menon,M,7,7F,Rom,Mr R. Whitlock,2015-04-03,11.4,British Indian,Gujarati,No,Yes,None,,6.1,10y 9m,Maths,PE,90.1,15,48,12,0,mixed,False,False,"Rohan Menon is the definition of middle of the road - never in trouble, never top of the class. Working at grade 6.1 on average, with Maths the clear strength and PE the obvious weak spot. 48 points logged - low-level stuff: chatting, out of seat, phone on the desk. Attendance 90.1%, which the year team are keeping an eye on. Lives with dad and stepmum in a one-bed with the living room as a bedroom. Obsessed with drawing manga to the point of doing homework about it unprompted."
HAR1174,Mahfuz Talukder,M,7,7F,Rom,Mr R. Whitlock,2015-01-23,11.6,British Bangladeshi,Bengali,Yes - fluent,Yes,None,,6.2,11y 7m,Science,English,96.6,3,8,4,0,ok,False,False,"Mahfuz Talukder is the definition of middle of the road - never in trouble, never top of the class. Science is his best subject by a distance. English is the one his tutor has to chase every report. 8 points. Nothing serious, but the pattern is talking over staff and refusing to move seats. Attendance sits at 96.6% with no unauthorised absence. Lives with mum and three younger siblings in a two-bed flat. Talks about Leyton Orient constantly, in and out of lesson."
HAR1175,Demi Tanner,F,7,7F,Rom,Mr R. Whitlock,2015-03-03,11.5,White British,English,No,No,SEN Support (K),"SLCN - Speech, Language & Communication",2.4,7y 3m,Music,English,90.9,11,10,1,0,ok,False,False,"Demi Tanner is one of the lowest attainers in Year 7 and the department has run out of easy ideas. Sits on grade 2.4 overall. Teachers in Music rate her highly, staff in English much less so. Reading age assessed at 7y 3m. Everything else follows from that. 10 behaviour points and 1 detentions, all for the same three things. Attendance has slipped to 90.9% and there's a pattern of Monday mornings. Lives with dad, who works two jobs in a flat with a lift that never works. Talks about baking constantly, in and out of lesson. Mentored by the school's attendance and inclusion lead."
HAR1176,Hasibur Sarker,M,7,7F,Rom,Mr R. Whitlock,2014-10-18,11.9,British Bangladeshi,Sylheti,Yes - developing,No,None,,5.0,11y 7m,RE,Maths,93.9,3,82,8,0,mixed,False,False,"Hasibur Sarker is pleasant, chatty and easily distracted, but the work gets done in the end. RE is his best subject by a distance. Maths is the one his tutor has to chase every report. 82 points. Nothing serious, but the pattern is talking over staff and refusing to move seats. Attendance 93.9%, which the year team are keeping an eye on. Lives in a flat with a lift that never works with grandmother as main carer. The family are on the phone to the office constantly - engaged, if a bit much. Talks about Chelsea constantly, in and out of lesson."
HAR1177,Roxanne Kemp,F,7,7F,Rom,Mr R. Whitlock,2015-03-08,11.5,White British,English,No,Yes,None,,3.2,9y 9m,Maths,English,48.7,4,68,11,0,mixed,True,True,"Roxanne Kemp has had long spells out of lessons and is being reintegrated slowly. Average working grade 3.2. Maths is well above the rest; English is dragging the profile down. 68 points logged - low-level stuff: chatting, out of seat, phone on the desk. 48.7% attendance. The school has issued a formal warning and a penalty notice is on the table. Home is in a maisonette off the high street with mum and her partner. The commute in is two buses and it shows in the punctuality data. Known across the year for drill and UK rap. Looked-after child, placed with foster carers in the borough since Year 8."
HAR1178,Iqra Akhtar,F,7,7F,Rom,Mr R. Whitlock,2015-02-16,11.5,British Pakistani,Pashto,Yes - fluent,Yes,None,,5.1,11y 7m,Food Technology,Science,87.2,16,17,1,0,ok,True,False,"Iqra Akhtar is pleasant, chatty and easily distracted, but the work gets done in the end. Currently 5.1 on average - on target in Food Technology, a full two grades off in Science. 17 points logged - low-level stuff: chatting, out of seat, phone on the desk. 87.2% attendance. The school has issued a formal warning and a penalty notice is on the table. Lives on the towers on Devons Road with mum and her partner, in temporary accommodation. Would rather be at choir than in any lesson and says so openly."
HAR1179,Anwar Zahra,M,7,7F,Rom,Mr R. Whitlock,2015-08-22,11.0,Arab,Arabic (Sudanese),Yes - fluent,Yes,SEN Support (K),"SEMH - Social, Emotional & Mental Health",7.4,10y 3m,Maths,English,68.1,7,8,0,0,good,True,False,"Anwar Zahra has SEMH - Social, Emotional & Mental Health and does far better with structure, warning of changes and a bit of patience. Currently 7.4 on average - on target in Maths, a full two grades off in English. Nothing on the behaviour log worth reading - 8 points total. 68.1% attendance. The school has issued a formal warning and a penalty notice is on the table. Lives in a house with a converted loft room with aunt and uncle and five cousins. Spends every break on cars and car spotting."
HAR1180,Frankie Wright,F,7,7F,Rom,Mr R. Whitlock,2015-05-24,11.3,White British,English,No,No,None,,6.1,12y 1m,Art,Maths,100.0,1,77,10,0,mixed,False,False,"Frankie Wright is pleasant, chatty and easily distracted, but the work gets done in the end. Average working grade 6.1. Art is well above the rest; Maths is dragging the profile down. 77 behaviour points, mostly talking, phones and being late to period one. Attendance 100.0% - never an issue. Lives in a flat with a lift that never works with mum, stepdad and a new baby. Nobody at home has the confidence to challenge the school, which staff are conscious of. One of the leaders in drama club; it's the one place she's consistently brilliant. Recently bereaved - lost her grandfather last year and it shows."
HAR1181,Shane Nash,M,8,8A,Lea,Mrs J. Farrow,2013-10-21,12.9,White British,English,No,No,None,,5.4,11y 11m,English,Drama,94.9,0,7,1,0,good,False,False,"Shane Nash is a grafter. Nothing comes easily but he keeps showing up and keeps trying. Sits on grade 5.4 overall. Teachers in English rate him highly, staff in Drama much less so. Behaviour record is spotless: 7 points on the system all year. 94.9% attendance - enough to trigger a letter home but not a fine. Lives with foster carers in a one-bed with the living room as a bedroom. Supportive at home, but stretched thin. Spends every break on Arsenal."
HAR1182,Rahim Hussain,M,8,8A,Lea,Mrs J. Farrow,2014-06-28,12.2,British Bangladeshi,Sylheti,Yes - fluent,Yes,None,,3.5,10y 2m,RE,Food Technology,45.1,5,50,12,0,mixed,True,True,"Rahim Hussain has had long spells out of lessons and is being reintegrated slowly. Reports are consistent: strong in RE, weak in Food Technology, average grade 3.5. 50 points. Nothing serious, but the pattern is talking over staff and refusing to move seats. Attendance 45.1% - persistently absent and now with the Education Welfare Officer. Lives on the Beckton end with both parents and twin sisters. The family are on the phone to the office constantly - engaged, if a bit much. One of the leaders in rugby; it's the one place he's consistently brilliant."
HAR1183,Adebayo Eze,M,8,8A,Lea,Mrs J. Farrow,2013-11-02,12.8,Black African (Nigerian),Nigerian Pidgin,Yes - developing,Yes,None,,3.9,10y 0m,English,Geography,97.9,4,10,3,0,ok,False,False,"Adebayo Eze is the definition of middle of the road - never in trouble, never top of the class. Average of 3.9 across the board, with a big spread between English and Geography. 10 points logged - low-level stuff: chatting, out of seat, phone on the desk. 97.9% attendance and always on time. At home it's mum and a disabled younger brother, in a flat with a lift that never works. The commute in is two buses and it shows in the punctuality data. Spends every break on swimming."
HAR1184,Elif Demir,F,8,8A,Lea,Mrs J. Farrow,2013-10-20,12.9,White Other (Turkish / Kurdish),Zazaki,Yes - developing,Yes,SEN Support (K),MLD - Moderate Learning Difficulty,4.9,11y 4m,Art,Music,100.0,3,8,1,0,good,False,False,"Elif Demir is on the SEND register for MLD - Moderate Learning Difficulty and has a one-page profile all staff are meant to have read. Average working grade 4.9. Art is well above the rest; Music is dragging the profile down. 8 behaviour points, which for this school is nothing at all. Attendance 100.0% - never an issue. Home is in a maisonette off the high street with foster carers. Obsessed with BMX to the point of doing homework about it unprompted. Referred to the borough's youth violence reduction team after being robbed for her phone on the way home."
HAR1185,Ionut Dumitru,M,8,8A,Lea,Mrs J. Farrow,2014-04-12,12.4,White Other (Romanian),Romani,Yes - new to English,No,None,,4.3,11y 9m,History,Science,94.0,0,3,0,0,good,False,False,"Ionut Dumitru is a new-to-English arrival who is far cleverer than his written work can show yet. Average of 4.3 across the board, with a big spread between History and Science. 3 behaviour points, which for this school is nothing at all. Attendance 94.0%. Punctuality is the bigger problem: 0 lates this term. Lives on the houses off Green Street with mum and her partner. Whoever's home in the morning is doing four school runs, so he's largely left to sort himself out. Talks about Afrobeats constantly, in and out of lesson."
HAR1186,Jamal Marshall,M,8,8A,Lea,Mrs J. Farrow,2014-07-21,12.1,Black Caribbean / Mixed Black Caribbean,English,No,No,None,,5.8,12y 7m,Science,English,96.0,1,55,10,0,mixed,False,False,"Jamal Marshall is a solid, steady student who does what's asked and not a great deal more. Average of 5.8 across the board, with a big spread between Science and English. 55 points logged - low-level stuff: chatting, out of seat, phone on the desk. 96.0% attendance and always on time. Lives on the new blocks by the canal with foster carers. Whoever's home in the morning is doing four school runs, so he's largely left to sort himself out. Big into streaming on Twitch."
HAR1187,Ellie Doyle,F,8,8A,Lea,Mrs J. Farrow,2013-10-25,12.9,White British,English,No,No,None,,1.8,9y 0m,Maths,Science,89.5,14,9,2,0,ok,True,False,"Ellie Doyle arrived below expectations and, honestly, hasn't closed much ground since. Average of 1.8 across the board, with a big spread between Maths and Science. Reading age 9y 0m - well below her actual age of 12y 10m - so she can't access half the exam papers unaided. 9 behaviour points, mostly talking, phones and being late to period one. Attendance 89.5%. Punctuality is the bigger problem: 14 lates this term. Lives with an uncle who is also her named carer in a flat with a lift that never works. Supportive at home, but stretched thin. Quietly good at cooking with her nan, which nobody at school knew until Year 9."
HAR1188,Kiran Akhtar,F,8,8A,Lea,Mrs J. Farrow,2014-03-16,12.5,British Pakistani,Pashto,Yes - developing,Yes,None,,4.5,11y 2m,English,RE,95.6,0,15,2,0,ok,False,False,"Kiran Akhtar is a solid, steady student who does what's asked and not a great deal more. Average of 4.5 across the board, with a big spread between English and RE. 15 points logged - low-level stuff: chatting, out of seat, phone on the desk. 95.6% attendance and always on time. At home it's mum, stepdad and a new baby, in a maisonette off the high street. Money is tight and everyone in the house knows it. Spends every break on MMA. Recently bereaved - lost her grandfather last year and it shows."
HAR1189,Melike Ozturk,F,8,8A,Lea,Mrs J. Farrow,2013-09-08,13.0,White Other (Turkish / Kurdish),Kurdish (Kurmanji),Yes - developing,Yes,None,,1.0,9y 0m,Computing,Maths,95.5,1,15,3,0,ok,False,False,"Melike Ozturk arrived below expectations and, honestly, hasn't closed much ground since. Reports are consistent: strong in Computing, weak in Maths, average grade 1.0. Reading age 9y 0m - well below her actual age of 12y 11m - so she can't access half the exam papers unaided. 15 behaviour points and 3 detentions, all for the same three things. 95.5% attendance and always on time. Lives on the estate off Barking Road with mum, dad and grandad. Parents' evening attendance is patchy, and it's shift work rather than a lack of interest. Would rather be at netball than in any lesson and says so openly."
HAR1190,Sana Mirza,F,8,8A,Lea,Mrs J. Farrow,2013-11-18,12.8,British Pakistani,Pashto,Yes - fluent,Yes,None,,1.5,9y 9m,Geography,English,88.6,16,201,25,2,poor,True,False,"Sana Mirza is the loudest voice in every corridor between lessons. Currently 1.5 on average - on target in Geography, a full two grades off in English. Reading age 9y 9m - well below her actual age of 12y 9m - so she can't access half the exam papers unaided. 201 points, 25 detentions and 2 fixed-term suspensions. Last one was for calling a member of SLT a bitch in front of a Year 7 class. Attendance has slipped to 88.6% and there's a pattern of Monday mornings. At home it's both parents, both working in the family business, in a house with a converted loft room. Quietly good at Afrobeats, which nobody at school knew until Year 9. Looked-after child, placed with foster carers in the borough since Year 8."
HAR1191,Lacey Cooper,F,8,8A,Lea,Mrs J. Farrow,2013-12-07,12.7,White British,English,No,No,None,,4.9,11y 11m,Science,Food Technology,90.5,20,2,1,0,good,False,False,"Lacey Cooper is pleasant, chatty and easily distracted, but the work gets done in the end. Reports are consistent: strong in Science, weak in Food Technology, average grade 4.9. 2 points logged, every one of them for uniform or equipment rather than conduct. Attendance 90.5%, which the year team are keeping an eye on. Lives in temporary accommodation with mum and three younger siblings. Nobody at home has the confidence to challenge the school, which staff are conscious of. Would rather be at table tennis than in any lesson and says so openly."
HAR1192,Grace Hughes,F,8,8A,Lea,Mrs J. Farrow,2014-04-03,12.4,White British,English,No,Yes,None,,2.6,9y 11m,Music,Science,94.2,4,108,14,1,poor,False,False,"Grace Hughes is well known to every member of staff in the building, and not for the right reasons. Currently 2.6 on average - on target in Music, a full two grades off in Science. Reading age of 9y 11m against a chronological age of 12y 4m, which is the root of most of it. 108 points and 14 detentions. Screamed ""I don't give a shit"" across a full canteen and was removed for the afternoon. Attendance has slipped to 94.2% and there's a pattern of Monday mornings. Lives with grandmother as main carer in a council flat on the fourth floor. It's a full house and a quiet space to do homework doesn't really exist. Known across the year for cars and car spotting."
HAR1193,Ikran Mohamud,F,8,8A,Lea,Mrs J. Farrow,2014-06-06,12.2,Black African (Somali),Somali,Yes - developing,No,None,,5.7,12y 7m,English,Design & Technology,92.6,1,3,1,0,good,False,False,"Ikran Mohamud is a grafter. Nothing comes easily but she keeps showing up and keeps trying. Sits on grade 5.7 overall. Teachers in English rate her highly, staff in Design & Technology much less so. 3 behaviour points, which for this school is nothing at all. Attendance 92.6%, which the year team are keeping an eye on. Lives on the houses off Green Street with mum only. Nobody at home has the confidence to challenge the school, which staff are conscious of. Talks about Roblox and Minecraft constantly, in and out of lesson."
HAR1194,Diogo Santos,M,8,8A,Lea,Mrs J. Farrow,2014-08-14,12.0,White Other (Portuguese / Brazilian),Portuguese,No,No,None,,7.3,12y 10m,Maths,English,84.8,17,49,6,0,mixed,True,False,"Diogo Santos is one of the strongest students in Year 8, and staff talk about him as a genuine top-set kid. Currently 7.3 on average - on target in Maths, a full two grades off in English. 49 behaviour points, mostly talking, phones and being late to period one. Attendance 84.8% - persistently absent and now with the Education Welfare Officer. At home it's mum and three younger siblings, in a house with a converted loft room. The commute in is two buses and it shows in the punctuality data. Would rather be at school council than in any lesson and says so openly."
HAR1195,Chanelle Reid,F,8,8A,Lea,Mrs J. Farrow,2014-06-25,12.2,Black Caribbean / Mixed Black Caribbean,English,No,Yes,None,,1.7,8y 6m,Maths,English,88.5,6,216,32,3,poor,True,False,"Chanelle Reid is the loudest voice in every corridor between lessons. Reports are consistent: strong in Maths, weak in English, average grade 1.7. Reading age of 8y 6m against a chronological age of 12y 2m, which is the root of most of it. 216 behaviour points, 32 detentions, 3 suspensions - the worst being a fight in the DT corridor that took three staff to break up. 88.5% attendance - enough to trigger a letter home but not a fine. Lives on the Bow Common side with foster carers. Big into 3D printing."
HAR1196,Dev Menon,M,8,8A,Lea,Mrs J. Farrow,2013-12-12,12.7,British Indian,Malayalam,Yes - developing,Yes,None,,3.5,11y 7m,English,Computing,100.0,0,2,1,0,good,False,False,"Dev Menon is a grafter. Nothing comes easily but he keeps showing up and keeps trying. Currently 3.5 on average - on target in English, a full two grades off in Computing. 2 points logged, every one of them for uniform or equipment rather than conduct. Attendance sits at 100.0% with no unauthorised absence. Lives in a council flat on the fourth floor with an uncle who is also his named carer. The commute in is two buses and it shows in the punctuality data. Known across the year for hairdressing."
HAR1197,Bao Do,M,8,8A,Lea,Mrs J. Farrow,2014-05-20,12.3,Asian Other (Vietnamese),Vietnamese,Yes - fluent,Yes,None,,3.8,10y 9m,Design & Technology,English,93.2,3,8,2,0,ok,False,False,"Bao Do sits mid-table across the board and is happy there, which frustrates his tutor. Average of 3.8 across the board, with a big spread between Design & Technology and English. 8 behaviour points and 2 detentions, all for the same three things. Attendance 93.2%, which the year team are keeping an eye on. Lives with mum and a disabled younger brother in a maisonette off the high street. Older siblings came through Harford as well and staff remember the surname. Talks about karate constantly, in and out of lesson."
HAR1198,Demi Prosser,F,8,8A,Lea,Mrs J. Farrow,2014-04-08,12.4,White British,English,No,No,None,,6.2,11y 9m,English,Maths,94.9,3,76,13,0,mixed,False,False,"Demi Prosser is quiet to the point of being invisible in some lessons and staff have to make an effort to notice her. Sits on grade 6.2 overall. Teachers in English rate her highly, staff in Maths much less so. 76 behaviour points and 13 detentions, all for the same three things. Attendance has slipped to 94.9% and there's a pattern of Monday mornings. Lives on the Plaistow side with both parents and twin sisters. Nobody at home has the confidence to challenge the school, which staff are conscious of. Goes to robotics club every week without fail."
HAR1199,Areeba Mahmood,F,8,8A,Lea,Mrs J. Farrow,2013-12-08,12.7,British Pakistani,Pashto,Yes - fluent,No,None,,3.1,10y 11m,Science,English,89.0,14,150,32,1,poor,True,False,"Areeba Mahmood is the reason three departments have moved seating plans this year. Currently 3.1 on average - on target in Science, a full two grades off in English. 150 points, 32 detentions and 1 fixed-term suspension. Last one was for calling a member of SLT a bitch in front of a Year 7 class. Attendance 89.0%, which the year team are keeping an eye on. Lives on the houses off Green Street with an uncle who is also her named carer, in a flat with a lift that never works. Goes to robotics club every week without fail."
HAR1200,Zainab Butt,F,8,8A,Lea,Mrs J. Farrow,2013-12-14,12.7,British Pakistani,Punjabi,Yes - fluent,Yes,None,,1.9,9y 8m,French,Music,100.0,1,52,6,0,mixed,False,False,"Zainab Butt is one of the lowest attainers in Year 8 and the department has run out of easy ideas. Working at grade 1.9 on average, with French the clear strength and Music the obvious weak spot. Reading age assessed at 9y 8m. Everything else follows from that. 52 behaviour points, mostly talking, phones and being late to period one. Attendance 100.0% - never an issue. Home is above a shop on the parade with dad, who works two jobs. Big into swimming."
HAR1201,Klaudio Hoxha,M,8,8A,Lea,Mrs J. Farrow,2014-08-21,12.0,White Other (Albanian),Albanian,Yes - fluent,No,None,,2.6,9y 11m,Spanish,English,85.3,22,239,18,2,poor,True,False,"Klaudio Hoxha is well known to every member of staff in the building, and not for the right reasons. Average of 2.6 across the board, with a big spread between Spanish and English. Reading age 9y 11m - well below his actual age of 12y 0m - so he can't access half the exam papers unaided. 239 behaviour points, 2 suspensions, and a permanent exclusion narrowly avoided after an incident with a vape and a fire alarm. Attendance 85.3% and falling. Weeks go by where nobody sees him. At home it's both parents and an older brother, in a two-bed flat. Known across the year for drill and UK rap. Referred to CAMHS, still on the waiting list."
HAR1202,Ruksana Ahmed,F,8,8A,Lea,Mrs J. Farrow,2013-09-08,13.0,British Bangladeshi,Bengali,Yes - fluent,No,None,,5.7,12y 7m,French,History,60.6,11,4,0,0,good,True,True,"Ruksana Ahmed has had long spells out of lessons and is being reintegrated slowly. Working at grade 5.7 on average, with French the clear strength and History the obvious weak spot. 4 behaviour points and no detentions. Staff use her as the example. Attendance 60.6% and falling. Weeks go by where nobody sees her. Lives in a terraced house shared with an aunt's family with mum, dad and four siblings. Obsessed with drawing manga to the point of doing homework about it unprompted."
HAR1203,Prashant Nair,M,8,8A,Lea,Mrs J. Farrow,2014-02-14,12.5,British Indian,Malayalam,No,Yes,None,,1.7,8y 7m,Design & Technology,English,85.8,10,204,40,0,poor,True,False,"Prashant Nair is well known to every member of staff in the building, and not for the right reasons. Design & Technology is his best subject by a distance. English is the one his tutor has to chase every report. 204 behaviour points, 0 suspensions, and a permanent exclusion narrowly avoided after an incident with a vape and a fire alarm. Attendance 85.8% and falling. Weeks go by where nobody sees him. At home it's an older sister who does most of the parenting, in a terraced house shared with an aunt's family. Obsessed with fixing up mopeds to the point of doing homework about it unprompted."
HAR1204,Tanzila Talukder,F,8,8A,Lea,Mrs J. Farrow,2014-01-27,12.6,British Bangladeshi,Sylheti,Yes - fluent,Yes,None,,1.3,8y 11m,Maths,English,91.8,7,12,1,0,ok,False,False,"Tanzila Talukder is significantly behind where she should be and the gap is widening every term. Working at grade 1.3 on average, with Maths the clear strength and English the obvious weak spot. Reading age of 8y 11m against a chronological age of 12y 7m, which is the root of most of it. 12 behaviour points, mostly talking, phones and being late to period one. Attendance 91.8%, which the year team are keeping an eye on. Lives on the estate off Barking Road with mum only. The family are on the phone to the office constantly - engaged, if a bit much. Big into chess puzzles."
HAR1205,Junaid Miah,M,8,8A,Lea,Mrs J. Farrow,2014-08-21,12.0,British Bangladeshi,Bengali,Yes - developing,No,None,,3.5,10y 11m,Science,English,87.5,5,234,25,0,poor,True,False,"Junaid Miah is well known to every member of staff in the building, and not for the right reasons. Average of 3.5 across the board, with a big spread between Science and English. 234 behaviour points, 0 suspensions, and a permanent exclusion narrowly avoided after an incident with a vape and a fire alarm. Attendance 87.5% - persistently absent and now with the Education Welfare Officer. At home it's foster carers, in a one-bed with the living room as a bedroom. The family are on the phone to the office constantly - engaged, if a bit much. Would rather be at Warhammer club than in any lesson and says so openly."
HAR1206,Aisha Younis,F,8,8A,Lea,Mrs J. Farrow,2013-10-27,12.8,British Pakistani,Punjabi,Yes - new to English,No,SEN Support (K),ASD - Autism Spectrum Condition,6.0,11y 10m,French,English,94.2,0,93,9,0,mixed,False,False,"Aisha Younis arrived mid-year from Nigeria and is still finding her feet. Currently 6.0 on average - on target in French, a full two grades off in English. 93 points logged - low-level stuff: chatting, out of seat, phone on the desk. Attendance 94.2%, which the year team are keeping an eye on. Lives in a council flat on the fourth floor with both parents and twin sisters. The commute in is two buses and it shows in the punctuality data. Big into producing beats on FL Studio."
HAR1207,Tyler Hollis,M,8,8A,Lea,Mrs J. Farrow,2014-03-03,12.5,White British,English,No,No,None,,3.3,10y 0m,English,History,100.0,2,77,13,1,mixed,False,False,"Tyler Hollis has been on the intervention list for two years and progress has been slow at best. Average working grade 3.3. English is well above the rest; History is dragging the profile down. 77 points logged - low-level stuff: chatting, out of seat, phone on the desk. Attendance 100.0%. The only absences are medical and always covered by a note. Home is in a one-bed with the living room as a bedroom with mum, dad and grandad. Parents' evening attendance is patchy, and it's shift work rather than a lack of interest. Big into sewing and altering clothes."
HAR1208,Segun Bello,M,8,8A,Lea,Mrs J. Farrow,2014-04-06,12.4,Black African (Nigerian),Edo,No,No,SEN Support (K),ASD - Autism Spectrum Condition,1.7,8y 0m,Maths,Science,92.5,2,20,3,0,ok,False,False,"Segun Bello is one of the lowest attainers in Year 8 and the department has run out of easy ideas. Average working grade 1.7. Maths is well above the rest; Science is dragging the profile down. Reading age 8y 0m - well below his actual age of 12y 4m - so he can't access half the exam papers unaided. 20 points. Nothing serious, but the pattern is talking over staff and refusing to move seats. Attendance 92.5%. Punctuality is the bigger problem: 2 lates this term. Lives on the Beckton end with mum, dad and four siblings, in a maisonette off the high street. Housing changed twice in the last two years and you can see it in the exercise books. Quietly good at cricket, which nobody at school knew until Year 9."
HAR1209,Manpreet Chauhan,M,8,8A,Lea,Mrs J. Farrow,2013-11-06,12.8,British Indian,Gujarati,Yes - fluent,Yes,None,,4.7,11y 1m,English,Drama,100.0,4,6,0,0,good,False,False,"Manpreet Chauhan sits mid-table across the board and is happy there, which frustrates his tutor. Currently 4.7 on average - on target in English, a full two grades off in Drama. Nothing on the behaviour log worth reading - 6 points total. Attendance sits at 100.0% with no unauthorised absence. Lives on the Bow Common side with mum and her partner. Quietly good at producing beats on FL Studio, which nobody at school knew until Year 9."
HAR1210,Shohel Kabir,M,8,8A,Lea,Mrs J. Farrow,2013-12-01,12.8,British Bangladeshi,Sylheti,Yes - developing,No,None,,3.5,10y 11m,History,Design & Technology,100.0,0,24,4,0,ok,False,False,"Shohel Kabir is a decent worker who gets by on effort more than natural ability. Working at grade 3.5 on average, with History the clear strength and Design & Technology the obvious weak spot. Reading age of 10y 11m against a chronological age of 12y 9m, which is the root of most of it. 24 behaviour points, mostly talking, phones and being late to period one. Attendance 100.0% - never an issue. Lives on the Carpenters Estate with an uncle who is also his named carer, above a shop on the parade. English isn't the main language at home, so letters get read by an older sibling. Big into MMA. Looked-after child, placed with foster carers in the borough since Year 8."
HAR1211,Nirmal Rajan,M,8,8B,Roding,Mr K. Adeyemi,2013-12-04,12.7,British Indian,Tamil,No,Yes,None,,6.4,12y 10m,Spanish,Maths,94.7,1,61,13,0,mixed,False,False,"Nirmal Rajan is quiet to the point of being invisible in some lessons and staff have to make an effort to notice him. Spanish is his best subject by a distance. Maths is the one his tutor has to chase every report. 61 points. Nothing serious, but the pattern is talking over staff and refusing to move seats. Attendance has slipped to 94.7% and there's a pattern of Monday mornings. Lives on the Beckton end with mum only, in temporary accommodation. Housing changed twice in the last two years and you can see it in the exercise books. One of the leaders in chess club; it's the one place he's consistently brilliant."
HAR1212,Uche Nnaji,M,8,8B,Roding,Mr K. Adeyemi,2013-10-21,12.9,Black African (Nigerian),Igbo,No,No,None,,4.8,11y 6m,Science,Food Technology,48.5,16,2,0,0,good,True,True,"Uche Nnaji finds school genuinely hard to be in, and some days he doesn't make it past the front gate. Working at grade 4.8 on average, with Science the clear strength and Food Technology the obvious weak spot. Behaviour record is spotless: 2 points on the system all year. Attendance 48.5%. Two attendance meetings held, one missed by the family. Lives on the Plaistow side with mum and a disabled younger brother, in temporary accommodation. Whoever's home in the morning is doing four school runs, so he's largely left to sort himself out. Big into swimming."
HAR1213,Adaeze Ojo,F,8,8B,Roding,Mr K. Adeyemi,2013-11-09,12.8,Black African (Nigerian),Nigerian Pidgin,Yes - fluent,Yes,SEN Support (K),SpLD - Dyslexia,2.6,7y 9m,Maths,English,92.0,13,22,4,0,ok,False,False,"Adaeze Ojo has SpLD - Dyslexia and does far better with structure, warning of changes and a bit of patience. Average of 2.6 across the board, with a big spread between Maths and English. 22 behaviour points, mostly talking, phones and being late to period one. Attendance has slipped to 92.0% and there's a pattern of Monday mornings. Home is in a one-bed with the living room as a bedroom with mum and a disabled younger brother. The family are on the phone to the office constantly - engaged, if a bit much. Big into 3D printing."
HAR1214,Anika Aktar,F,8,8B,Roding,Mr K. Adeyemi,2014-07-20,12.1,British Bangladeshi,Bengali,No,No,None,,2.5,9y 6m,Spanish,Geography,89.1,12,233,22,1,poor,True,False,"Anika Aktar has a temper that goes from nought to shouting in about four seconds. Average of 2.5 across the board, with a big spread between Spanish and Geography. Reading age 9y 6m - well below her actual age of 12y 1m - so she can't access half the exam papers unaided. 233 points, 22 detentions. Told her Head of Year, word for word, that the school could ""do one"" - then apologised properly the next day, which is the frustrating bit. 89.1% attendance - enough to trigger a letter home but not a fine. Home is in a flat with a lift that never works with aunt and uncle and five cousins. Housing changed twice in the last two years and you can see it in the exercise books. Known across the year for pigeons."
HAR1215,Aleksandra Zielinski,F,8,8B,Roding,Mr K. Adeyemi,2013-10-18,12.9,White Other (Polish),Polish,Yes - fluent,No,None,,4.0,10y 10m,Maths,French,96.9,3,8,1,0,good,False,False,"Aleksandra Zielinski is reliable in lessons she likes and drifts badly in the ones she doesn't. Maths is her best subject by a distance. French is the one her tutor has to chase every report. 8 points logged, every one of them for uniform or equipment rather than conduct. Attendance 96.9% - never an issue. Lives in a two-bed flat with mum, dad and grandad. English isn't the main language at home, so letters get read by an older sibling. One of the leaders in art club; it's the one place she's consistently brilliant."
HAR1216,Amrit Patel,M,8,8B,Roding,Mr K. Adeyemi,2014-07-23,12.1,British Indian,Gujarati,No,Yes,None,,5.3,11y 8m,Maths,Science,89.8,13,23,3,0,ok,True,False,"Amrit Patel sits mid-table across the board and is happy there, which frustrates his tutor. Average of 5.3 across the board, with a big spread between Maths and Science. 23 behaviour points, mostly talking, phones and being late to period one. 89.8% attendance - enough to trigger a letter home but not a fine. Lives with both parents, both working in the family business in a two-bed flat. Known across the year for chess puzzles."
HAR1217,Linh Pham,F,8,8B,Roding,Mr K. Adeyemi,2013-10-08,12.9,Asian Other (Vietnamese),Vietnamese,Yes - fluent,No,None,,6.6,13y 9m,Art,Science,100.0,4,4,1,0,good,False,False,"Linh Pham is a high flyer with the kind of exercise books other teachers photocopy as an example. Reports are consistent: strong in Art, weak in Science, average grade 6.6. 4 behaviour points, which for this school is nothing at all. Attendance 100.0% - never an issue. Lives with mum and a disabled younger brother in a maisonette off the high street. Money is tight and everyone in the house knows it. Quietly good at 3D printing, which nobody at school knew until Year 9. Referred to the borough's youth violence reduction team after being robbed for her phone on the way home."
HAR1218,Shohel Begum,M,8,8B,Roding,Mr K. Adeyemi,2014-07-26,12.1,British Bangladeshi,Sylheti,Yes - fluent,Yes,None,,3.8,10y 9m,Music,Science,85.6,12,105,18,2,poor,True,False,"Shohel Begum has a temper that goes from nought to shouting in about four seconds. Reports are consistent: strong in Music, weak in Science, average grade 3.8. 105 points and 18 detentions. Walked out of Maths shouting ""this lesson is dead"" and slammed the door hard enough to crack the glass. Attendance 85.6% and falling. Weeks go by where nobody sees him. Lives with mum, stepdad and a new baby in a terraced house shared with an aunt's family. Talks about Millwall constantly, in and out of lesson. Free school meals and school-funded uniform; family declined a food bank referral."
HAR1219,Amiin Nur,M,8,8B,Roding,Mr K. Adeyemi,2014-07-03,12.2,Black African (Somali),Somali,Yes - fluent,No,None,,3.4,10y 0m,Geography,English,96.0,1,25,2,0,ok,False,False,"Amiin Nur is a solid, steady student who does what's asked and not a great deal more. Currently 3.4 on average - on target in Geography, a full two grades off in English. Literacy is the bottleneck: reading age 10y 0m and handwriting that he's embarrassed about. 25 points. Nothing serious, but the pattern is talking over staff and refusing to move seats. 96.0% attendance and always on time. At home it's mum, stepdad and a new baby, in a house with a converted loft room. The commute in is two buses and it shows in the punctuality data. Talks about TikTok edits constantly, in and out of lesson."
HAR1220,Nazia Kabir,F,8,8B,Roding,Mr K. Adeyemi,2014-05-26,12.3,British Bangladeshi,Bengali,No,No,None,,3.9,11y 2m,Spanish,Geography,100.0,4,13,1,0,ok,False,False,"Nazia Kabir is a solid, steady student who does what's asked and not a great deal more. Average of 3.9 across the board, with a big spread between Spanish and Geography. 13 points logged - low-level stuff: chatting, out of seat, phone on the desk. Attendance 100.0% - never an issue. At home it's both parents and twin sisters, in a house with a converted loft room. The commute in is two buses and it shows in the punctuality data. Obsessed with karate to the point of doing homework about it unprompted."
HAR1221,Rabeya Alam,F,8,8B,Roding,Mr K. Adeyemi,2014-04-22,12.4,British Bangladeshi,Bengali,Yes - new to English,Yes,None,,3.0,10y 11m,Maths,Science,89.7,11,78,13,1,mixed,True,False,"Rabeya Alam arrived mid-year from Italy (via a Bangladeshi family) and is still finding her feet. Average working grade 3.0. Maths is well above the rest; Science is dragging the profile down. 78 behaviour points, mostly talking, phones and being late to period one. Attendance 89.7%, which the year team are keeping an eye on. Lives in a council flat on the fourth floor with grandmother as main carer. Obsessed with streaming on Twitch to the point of doing homework about it unprompted."
HAR1222,Enis Gashi,M,8,8B,Roding,Mr K. Adeyemi,2013-12-13,12.7,White Other (Albanian),Albanian,Yes - fluent,Yes,None,,1.1,8y 5m,Science,English,93.2,3,29,3,0,ok,False,False,"Enis Gashi has been on the intervention list for two years and progress has been slow at best. Working at grade 1.1 on average, with Science the clear strength and English the obvious weak spot. Reading age 8y 5m - well below his actual age of 12y 8m - so he can't access half the exam papers unaided. 29 points logged - low-level stuff: chatting, out of seat, phone on the desk. Attendance 93.2%. Punctuality is the bigger problem: 3 lates this term. Home is in a maisonette off the high street with an uncle who is also his named carer. Known across the year for Roblox and Minecraft."
HAR1223,Talha Sadiq,M,8,8B,Roding,Mr K. Adeyemi,2014-03-12,12.5,British Pakistani,Pashto,Yes - fluent,Yes,None,,4.7,11y 10m,Maths,French,92.7,0,6,0,0,good,False,False,Talha Sadiq is a grafter. Nothing comes easily but he keeps showing up and keeps trying. Maths is his best subject by a distance. French is the one his tutor has to chase every report. 6 behaviour points and no detentions. Staff use him as the example. Attendance has slipped to 92.7% and there's a pattern of Monday mornings. Lives with an older sister who does most of the parenting in a two-bed flat. Money is tight and everyone in the house knows it. One of the leaders in rugby; it's the one place he's consistently brilliant. On a pastoral support plan after a difficult autumn term.
HAR1224,Ruhul Karim,M,8,8B,Roding,Mr K. Adeyemi,2014-04-25,12.4,British Bangladeshi,Sylheti,Yes - developing,No,None,,6.6,13y 2m,Maths,French,86.8,15,5,1,0,good,True,False,"Ruhul Karim is one of those students who makes a lesson easier just by being in it. Sits on grade 6.6 overall. Teachers in Maths rate him highly, staff in French much less so. 5 points logged, every one of them for uniform or equipment rather than conduct. 86.8% attendance. The school has issued a formal warning and a penalty notice is on the table. Home is in temporary accommodation with mum, dad and grandad. The family are on the phone to the office constantly - engaged, if a bit much. One of the leaders in gospel choir; it's the one place he's consistently brilliant. Young carer - registered with the borough."
HAR1225,Kayleigh Kemp,F,8,8B,Roding,Mr K. Adeyemi,2014-04-23,12.4,White British,English,No,Yes,None,,6.5,12y 3m,History,English,85.2,5,7,1,0,good,True,False,"Kayleigh Kemp sits near the front, works from the second the bell goes, and rarely needs telling twice. Sits on grade 6.5 overall. Teachers in History rate her highly, staff in English much less so. 7 points logged, every one of them for uniform or equipment rather than conduct. Attendance 85.2%. Two attendance meetings held, one missed by the family. Lives in a terraced house shared with an aunt's family with mum, dad and grandad. Supportive at home, but stretched thin. One of the leaders in peer mentoring; it's the one place she's consistently brilliant. Recently bereaved - lost her grandfather last year and it shows."
HAR1226,Danny Tanner,M,8,8B,Roding,Mr K. Adeyemi,2014-07-27,12.1,White British,English,No,Yes,None,,3.5,10y 8m,English,Maths,94.3,3,12,3,0,ok,False,False,"Danny Tanner is quiet to the point of being invisible in some lessons and staff have to make an effort to notice him. English is his best subject by a distance. Maths is the one his tutor has to chase every report. 12 points. Nothing serious, but the pattern is talking over staff and refusing to move seats. 94.3% attendance - enough to trigger a letter home but not a fine. Lives on the new blocks by the canal with dad and stepmum, in a flat with a lift that never works. Goes to anime and manga club every week without fail."
HAR1227,Musa Khan,M,8,8B,Roding,Mr K. Adeyemi,2014-07-04,12.2,British Bangladeshi,Sylheti,Yes - new to English,No,None,,4.7,11y 9m,English,Maths,88.8,4,2,1,0,good,True,False,"Musa Khan joined Harford in Year 8 with almost no English and has come a long way, fast. Working at grade 4.7 on average, with English the clear strength and Maths the obvious weak spot. Behaviour record is spotless: 2 points on the system all year. Attendance has slipped to 88.8% and there's a pattern of Monday mornings. At home it's mum, stepdad and a new baby, in a maisonette off the high street. The commute in is two buses and it shows in the punctuality data. Would rather be at steel pans than in any lesson and says so openly."
HAR1228,Deqa Ali,F,8,8B,Roding,Mr K. Adeyemi,2014-05-02,12.3,Black African (Somali),Somali,No,Yes,SEN Support (K),"SEMH - Social, Emotional & Mental Health",2.8,9y 2m,English,Music,85.5,17,106,25,1,poor,True,False,"Deqa Ali is on the SEND register for SEMH - Social, Emotional & Mental Health and has a one-page profile all staff are meant to have read. Average of 2.8 across the board, with a big spread between English and Music. Reading age assessed at 9y 2m. Everything else follows from that. 106 points, 25 detentions and 1 fixed-term suspension. Last one was for calling a member of SLT a bitch in front of a Year 7 class. 85.5% attendance. The school has issued a formal warning and a penalty notice is on the table. Lives in a house with a converted loft room with mum, stepdad and a new baby. Supportive at home, but stretched thin. Obsessed with sewing and altering clothes to the point of doing homework about it unprompted."
HAR1229,Pedro Costa,M,8,8B,Roding,Mr K. Adeyemi,2013-10-18,12.9,White Other (Portuguese / Brazilian),Portuguese,No,Yes,None,,6.6,14y 0m,English,Maths,91.4,7,81,13,0,mixed,False,False,"Pedro Costa is bright, organised and slightly obsessive about his grades, which is both a strength and a problem. Reports are consistent: strong in English, weak in Maths, average grade 6.6. 81 behaviour points and 13 detentions, all for the same three things. Attendance has slipped to 91.4% and there's a pattern of Monday mornings. Lives in a two-bed flat with aunt and uncle and five cousins. Quietly good at K-pop, which nobody at school knew until Year 9."
HAR1230,Alina Radu,F,8,8B,Roding,Mr K. Adeyemi,2014-06-13,12.2,White Other (Romanian),Romani,Yes - fluent,No,None,,3.9,10y 4m,French,English,96.0,0,29,1,0,ok,False,False,"Alina Radu is the definition of middle of the road - never in trouble, never top of the class. Average working grade 3.9. French is well above the rest; English is dragging the profile down. 29 points. Nothing serious, but the pattern is talking over staff and refusing to move seats. Attendance sits at 96.0% with no unauthorised absence. Home is in a one-bed with the living room as a bedroom with an uncle who is also her named carer. Nobody at home has the confidence to challenge the school, which staff are conscious of. Would rather be at rugby than in any lesson and says so openly."
HAR1231,Anjali Kaur,F,8,8B,Roding,Mr K. Adeyemi,2014-04-05,12.4,British Indian,Malayalam,Yes - developing,No,SEN Support (K),"SEMH - Social, Emotional & Mental Health",1.0,7y 3m,RE,English,87.0,14,106,20,2,poor,True,False,"Anjali Kaur has SEMH - Social, Emotional & Mental Health and does far better with structure, warning of changes and a bit of patience. Sits on grade 1.0 overall. Teachers in RE rate her highly, staff in English much less so. Literacy is the bottleneck: reading age 7y 3m and handwriting that she's embarrassed about. 106 behaviour points, 2 suspensions, and a permanent exclusion narrowly avoided after an incident with a vape and a fire alarm. 87.0% attendance. The school has issued a formal warning and a penalty notice is on the table. Lives on the new blocks by the canal with both parents, both working in the family business, in a one-bed with the living room as a bedroom. Spends every break on cooking with her nan."
HAR1232,Adeel Farooq,M,8,8B,Roding,Mr K. Adeyemi,2014-03-28,12.4,British Pakistani,Punjabi,Yes - developing,Yes,None,,3.7,11y 0m,English,Drama,92.4,0,8,1,0,good,False,False,"Adeel Farooq is the definition of middle of the road - never in trouble, never top of the class. Average of 3.7 across the board, with a big spread between English and Drama. 8 behaviour points, which for this school is nothing at all. 92.4% attendance - enough to trigger a letter home but not a fine. Lives with mum, stepdad and a new baby in a council flat on the fourth floor. Whoever's home in the morning is doing four school runs, so he's largely left to sort himself out. Talks about anime constantly, in and out of lesson."
HAR1233,Precious Nwosu,F,8,8B,Roding,Mr K. Adeyemi,2014-02-19,12.5,Black African (Nigerian),Igbo,Yes - fluent,Yes,SEN Support (K),Visual Impairment,4.6,9y 1m,Maths,English,100.0,4,63,7,0,mixed,False,False,"Precious Nwosu is a solid, steady student who does what's asked and not a great deal more. Working at grade 4.6 on average, with Maths the clear strength and English the obvious weak spot. 63 behaviour points and 7 detentions, all for the same three things. Attendance sits at 100.0% with no unauthorised absence. Lives on the Bow Common side with grandmother as main carer. Known across the year for Arsenal."
HAR1234,Jerome Reid,M,8,8B,Roding,Mr K. Adeyemi,2014-02-16,12.5,Black Caribbean / Mixed Black Caribbean,English,No,Yes,None,,2.2,9y 5m,Design & Technology,English,87.0,19,239,37,0,poor,True,False,"Jerome Reid has a temper that goes from nought to shouting in about four seconds. Average of 2.2 across the board, with a big spread between Design & Technology and English. Reading age 9y 5m - well below his actual age of 12y 6m - so he can't access half the exam papers unaided. 239 behaviour points, 0 suspensions, and a permanent exclusion narrowly avoided after an incident with a vape and a fire alarm. Attendance 87.0%. Two attendance meetings held, one missed by the family. Lives on the flats behind the Roman Road with mum only, in a flat with a lift that never works. Whoever's home in the morning is doing four school runs, so he's largely left to sort himself out. Talks about producing beats on FL Studio constantly, in and out of lesson. Off-site alternative provision two days a week."
HAR1235,Mehmet Celik,M,8,8B,Roding,Mr K. Adeyemi,2014-08-28,12.0,White Other (Turkish / Kurdish),Turkish,Yes - fluent,Yes,None,,3.3,10y 4m,Drama,RE,95.3,0,46,10,0,mixed,False,False,"Mehmet Celik has decided school isn't for him and spends most lessons proving it. Drama is his best subject by a distance. RE is the one his tutor has to chase every report. 46 behaviour points, mostly talking, phones and being late to period one. Attendance 95.3%. The only absences are medical and always covered by a note. Home is above a shop on the parade with mum and a disabled younger brother. English isn't the main language at home, so letters get read by an older sibling. One of the leaders in athletics; it's the one place he's consistently brilliant."
HAR1236,Jasmin Rahman,F,8,8B,Roding,Mr K. Adeyemi,2013-12-28,12.7,British Bangladeshi,Bengali,Yes - developing,No,None,,2.6,10y 6m,Geography,Spanish,98.5,4,29,1,0,ok,False,False,"Jasmin Rahman has decided school isn't for her and spends most lessons proving it. Sits on grade 2.6 overall. Teachers in Geography rate her highly, staff in Spanish much less so. Literacy is the bottleneck: reading age 10y 6m and handwriting that she's embarrassed about. 29 behaviour points, mostly talking, phones and being late to period one. Attendance 98.5% - never an issue. At home it's mum and her partner, in a council flat on the fourth floor. It's a full house and a quiet space to do homework doesn't really exist. Known across the year for trainspotting."
HAR1237,Samiha Alam,F,8,8B,Roding,Mr K. Adeyemi,2014-02-26,12.5,British Bangladeshi,Sylheti,No,Yes,None,,4.8,10y 10m,Science,French,89.9,20,3,0,0,good,True,False,"Samiha Alam is a solid, steady student who does what's asked and not a great deal more. Average of 4.8 across the board, with a big spread between Science and French. Nothing on the behaviour log worth reading - 3 points total. 89.9% attendance - enough to trigger a letter home but not a fine. Home is in a one-bed with the living room as a bedroom with mum, dad and four siblings. One of the leaders in table tennis; it's the one place she's consistently brilliant."
HAR1238,Berkay Kurt,M,8,8B,Roding,Mr K. Adeyemi,2013-12-21,12.7,White Other (Turkish / Kurdish),Zazaki,Yes - developing,Yes,None,,3.3,10y 7m,Maths,Design & Technology,90.3,13,72,12,0,mixed,False,False,"Berkay Kurt has been on the intervention list for two years and progress has been slow at best. Working at grade 3.3 on average, with Maths the clear strength and Design & Technology the obvious weak spot. Reading age assessed at 10y 7m. Everything else follows from that. 72 points. Nothing serious, but the pattern is talking over staff and refusing to move seats. Attendance has slipped to 90.3% and there's a pattern of Monday mornings. Lives on the new blocks by the canal with both parents and an older brother. English isn't the main language at home, so letters get read by an older sibling. Would rather be at boxercise than in any lesson and says so openly. Managed move in from another East London secondary at the start of Year 8."
HAR1239,Hassan Samatar,M,8,8B,Roding,Mr K. Adeyemi,2013-12-10,12.7,Black African (Somali),Somali,Yes - fluent,Yes,None,,1.8,9y 1m,Maths,English,90.4,10,5,0,0,good,False,False,"Hassan Samatar has been on the intervention list for two years and progress has been slow at best. Working at grade 1.8 on average, with Maths the clear strength and English the obvious weak spot. 5 behaviour points and no detentions. Staff use him as the example. 90.4% attendance - enough to trigger a letter home but not a fine. At home it's mum, dad and four siblings, in a council flat on the fourth floor. Whoever's home in the morning is doing four school runs, so he's largely left to sort himself out. Big into West Ham. Managed move in from another East London secondary at the start of Year 8."
HAR1240,Salma Fares,F,8,8B,Roding,Mr K. Adeyemi,2014-06-17,12.2,Arab,Arabic (Moroccan),Yes - fluent,No,None,,2.1,9y 10m,Design & Technology,Maths,93.5,3,13,1,0,ok,False,False,"Salma Fares is one of the lowest attainers in Year 8 and the department has run out of easy ideas. Reports are consistent: strong in Design & Technology, weak in Maths, average grade 2.1. Reading age 9y 10m - well below her actual age of 12y 2m - so she can't access half the exam papers unaided. 13 points. Nothing serious, but the pattern is talking over staff and refusing to move seats. 93.5% attendance - enough to trigger a letter home but not a fine. Home is in a maisonette off the high street with mum, stepdad and a new baby. Big into swimming."
HAR1241,Kieran Larkin,M,8,8C,Channelsea,Miss L. Vance,2013-09-07,13.0,White British,English,No,Yes,None,,5.5,12y 3m,Music,English,92.6,2,57,13,0,mixed,False,False,"Kieran Larkin sits mid-table across the board and is happy there, which frustrates his tutor. Currently 5.5 on average - on target in Music, a full two grades off in English. 57 points. Nothing serious, but the pattern is talking over staff and refusing to move seats. Attendance 92.6%. Punctuality is the bigger problem: 2 lates this term. Lives on the houses off Green Street with mum and a disabled younger brother, in a one-bed with the living room as a bedroom. Older siblings came through Harford as well and staff remember the surname. Spends every break on roller skating."
HAR1242,Mantas Vasiliauskas,M,8,8C,Channelsea,Miss L. Vance,2014-05-07,12.3,White Other (Lithuanian),Lithuanian,No,No,None,,8.0,14y 1m,Maths,English,39.9,8,11,3,0,ok,True,True,"Mantas Vasiliauskas is one of the school's most worrying attendance cases and one of its nicest kids. Reports are consistent: strong in Maths, weak in English, average grade 8.0. 11 behaviour points, mostly talking, phones and being late to period one. Attendance 39.9% - persistently absent and now with the Education Welfare Officer. Lives with both parents and twin sisters in a maisonette off the high street. Would rather be at school council than in any lesson and says so openly."
HAR1243,Malachi Grant,M,8,8C,Channelsea,Miss L. Vance,2014-08-09,12.1,Black Caribbean / Mixed Black Caribbean,Jamaican Patois,No,No,None,,4.3,11y 6m,Science,Computing,98.8,1,28,2,0,ok,False,False,"Malachi Grant is a decent worker who gets by on effort more than natural ability. Average of 4.3 across the board, with a big spread between Science and Computing. 28 behaviour points, mostly talking, phones and being late to period one. Attendance 98.8% - never an issue. Lives in a two-bed flat with mum and her partner. It's a full house and a quiet space to do homework doesn't really exist. Goes to drama club every week without fail."
HAR1244,Callum Wright,M,8,8C,Channelsea,Miss L. Vance,2014-02-02,12.6,White British,English,No,Yes,None,,3.5,10y 0m,Science,English,100.0,3,15,2,0,ok,False,False,"Callum Wright is quiet to the point of being invisible in some lessons and staff have to make an effort to notice him. Working at grade 3.5 on average, with Science the clear strength and English the obvious weak spot. 15 points. Nothing serious, but the pattern is talking over staff and refusing to move seats. 100.0% attendance and always on time. Lives on the estate off Barking Road with mum only. Whoever's home in the morning is doing four school runs, so he's largely left to sort himself out. Known across the year for Arsenal. Free school meals and school-funded uniform; family declined a food bank referral."
HAR1245,Ashton Doherty,M,8,8C,Channelsea,Miss L. Vance,2014-07-09,12.1,White British,English,No,No,None,,4.1,10y 0m,Geography,Food Technology,94.3,3,15,1,0,ok,False,False,"Ashton Doherty is a solid, steady student who does what's asked and not a great deal more. Currently 4.1 on average - on target in Geography, a full two grades off in Food Technology. 15 behaviour points, mostly talking, phones and being late to period one. Attendance 94.3%, which the year team are keeping an eye on. Lives on the new blocks by the canal with aunt and uncle and five cousins. The family are on the phone to the office constantly - engaged, if a bit much. Runs peer mentoring and takes it more seriously than most of the staff do."
HAR1246,Adebayo Balogun,M,8,8C,Channelsea,Miss L. Vance,2013-09-05,13.0,Black African (Nigerian),Nigerian Pidgin,Yes - new to English,No,None,,1.0,9y 3m,Science,English,95.2,0,92,8,0,mixed,False,False,"Adebayo Balogun arrived mid-year from Vietnam and is still finding his feet. Sits on grade 1.0 overall. Teachers in Science rate him highly, staff in English much less so. Reading age 9y 3m - well below his actual age of 12y 11m - so he can't access half the exam papers unaided. 92 behaviour points and 8 detentions, all for the same three things. Attendance sits at 95.2% with no unauthorised absence. Lives on the Bow Common side with mum only. Runs athletics and takes it more seriously than most of the staff do."
HAR1247,Blessing Afolabi,F,8,8C,Channelsea,Miss L. Vance,2014-05-20,12.3,Black African (Nigerian),Yoruba,Yes - fluent,Yes,None,,1.0,8y 5m,Music,English,94.4,3,12,2,0,ok,False,False,"Blessing Afolabi can do the work when someone sits with her, and almost never does it when nobody does. Reports are consistent: strong in Music, weak in English, average grade 1.0. Reading age 8y 5m - well below her actual age of 12y 3m - so she can't access half the exam papers unaided. 12 points. Nothing serious, but the pattern is talking over staff and refusing to move seats. Attendance has slipped to 94.4% and there's a pattern of Monday mornings. Lives on the Chrisp Street area with both parents, both working in the family business. Older siblings came through Harford as well and staff remember the surname. Goes to coding club every week without fail."
HAR1248,Millie Fletcher,F,8,8C,Channelsea,Miss L. Vance,2013-10-26,12.8,White British,English,No,Yes,None,,4.4,11y 8m,Maths,English,92.5,2,74,13,0,mixed,False,False,"Millie Fletcher is quiet to the point of being invisible in some lessons and staff have to make an effort to notice her. Reports are consistent: strong in Maths, weak in English, average grade 4.4. 74 points. Nothing serious, but the pattern is talking over staff and refusing to move seats. Attendance 92.5%, which the year team are keeping an eye on. Lives in a maisonette off the high street with mum, dad and grandad. Supportive at home, but stretched thin. Obsessed with trainspotting to the point of doing homework about it unprompted."
HAR1249,Praveen Kandasamy,M,8,8C,Channelsea,Miss L. Vance,2014-01-02,12.7,Asian Other (Sri Lankan Tamil),Tamil,Yes - fluent,No,None,,6.5,12y 8m,Music,English,97.9,4,41,11,0,mixed,False,False,"Praveen Kandasamy reads well above his age and has an answer for everything, usually the right one. Reports are consistent: strong in Music, weak in English, average grade 6.5. 41 behaviour points, mostly talking, phones and being late to period one. Attendance 97.9%. The only absences are medical and always covered by a note. Lives on the Chrisp Street area with dad, who works two jobs, in a flat with a lift that never works. English isn't the main language at home, so letters get read by an older sibling. One of the leaders in Islamic Society lunchtime prayer; it's the one place he's consistently brilliant."
HAR1250,Umut Dogan,M,8,8C,Channelsea,Miss L. Vance,2014-08-04,12.1,White Other (Turkish / Kurdish),Turkish,No,Yes,None,,1.0,8y 1m,RE,English,97.0,1,13,4,0,ok,False,False,"Umut Dogan is capable but so far behind that catching up now looks unrealistic without serious intervention. RE is his best subject by a distance. English is the one his tutor has to chase every report. Reading age assessed at 8y 1m. Everything else follows from that. 13 behaviour points, mostly talking, phones and being late to period one. Attendance 97.0%. The only absences are medical and always covered by a note. Lives on the estate off Barking Road with an older sister who does most of the parenting, in a maisonette off the high street. Known across the year for customising trainers."
HAR1251,Marius Barbu,M,8,8C,Channelsea,Miss L. Vance,2014-01-06,12.7,White Other (Romanian),Romanian,No,No,None,,7.4,14y 0m,Food Technology,Science,92.1,2,2,0,0,good,False,False,"Marius Barbu sits near the front, works from the second the bell goes, and rarely needs telling twice. Average working grade 7.4. Food Technology is well above the rest; Science is dragging the profile down. 2 behaviour points, which for this school is nothing at all. Attendance 92.1%. Punctuality is the bigger problem: 2 lates this term. Lives on the towers on Devons Road with mum, dad and grandad, in a council flat on the fourth floor. Whoever's home in the morning is doing four school runs, so he's largely left to sort himself out. Obsessed with fishing on the Lea to the point of doing homework about it unprompted."
HAR1252,Lacey Stubbs,F,8,8C,Channelsea,Miss L. Vance,2014-02-19,12.5,White British,English,No,No,None,,6.8,12y 5m,Science,Maths,96.8,4,70,5,0,mixed,False,False,"Lacey Stubbs is a high flyer with the kind of exercise books other teachers photocopy as an example. Reports are consistent: strong in Science, weak in Maths, average grade 6.8. 70 points logged - low-level stuff: chatting, out of seat, phone on the desk. Attendance 96.8%. The only absences are medical and always covered by a note. Lives on the Plaistow side with both parents, both working in the family business, in a one-bed with the living room as a bedroom. English isn't the main language at home, so letters get read by an older sibling. Spends every break on Tottenham."
HAR1253,Aleksandra Wojcik,F,8,8C,Channelsea,Miss L. Vance,2013-09-28,12.9,White Other (Polish),Polish,No,Yes,None,,3.2,10y 3m,English,Food Technology,94.8,4,162,32,1,poor,False,False,"Aleksandra Wojcik is the loudest voice in every corridor between lessons. English is her best subject by a distance. Food Technology is the one her tutor has to chase every report. Literacy is the bottleneck: reading age 10y 3m and handwriting that she's embarrassed about. 162 behaviour points, 1 suspension, and a permanent exclusion narrowly avoided after an incident with a vape and a fire alarm. 94.8% attendance - enough to trigger a letter home but not a fine. At home it's mum, dad and grandad, above a shop on the parade. Nobody at home has the confidence to challenge the school, which staff are conscious of. Goes to cheerleading every week without fail. Managed move in from another East London secondary at the start of Year 8."
HAR1254,Rifat Mia,M,8,8C,Channelsea,Miss L. Vance,2013-10-24,12.9,British Bangladeshi,Bengali,Yes - fluent,Yes,None,,6.8,13y 3m,History,Maths,92.1,0,25,2,0,ok,False,False,"Rifat Mia reads well above his age and has an answer for everything, usually the right one. Sits on grade 6.8 overall. Teachers in History rate him highly, staff in Maths much less so. 25 behaviour points, mostly talking, phones and being late to period one. Attendance 92.1%. Punctuality is the bigger problem: 0 lates this term. At home it's mum, dad and four siblings, in a terraced house shared with an aunt's family. English isn't the main language at home, so letters get read by an older sibling. Talks about dog walking for money constantly, in and out of lesson."
HAR1255,Zainab Ibeh,F,8,8C,Channelsea,Miss L. Vance,2014-04-02,12.4,Black African (Nigerian),Nigerian Pidgin,No,No,None,,6.0,12y 7m,Spanish,History,92.5,0,25,2,0,ok,False,False,"Zainab Ibeh sits mid-table across the board and is happy there, which frustrates her tutor. Currently 6.0 on average - on target in Spanish, a full two grades off in History. 25 behaviour points, mostly talking, phones and being late to period one. Attendance 92.5%, which the year team are keeping an eye on. Lives with both parents and twin sisters above a shop on the parade. Money is tight and everyone in the house knows it. Would rather be at Islamic Society lunchtime prayer than in any lesson and says so openly. Off-site alternative provision two days a week."
HAR1256,Farhana Sarker,F,8,8C,Channelsea,Miss L. Vance,2013-09-27,12.9,British Bangladeshi,Sylheti,Yes - developing,Yes,None,,4.4,12y 0m,Food Technology,Spanish,98.2,0,6,1,0,good,False,False,"Farhana Sarker is quiet to the point of being invisible in some lessons and staff have to make an effort to notice her. Currently 4.4 on average - on target in Food Technology, a full two grades off in Spanish. Behaviour record is spotless: 6 points on the system all year. Attendance 98.2% - never an issue. Lives in a two-bed flat with mum and her partner. Older siblings came through Harford as well and staff remember the surname. Spends every break on doing nails and lashes for cousins."
HAR1257,Tomasz Zielinski,M,8,8C,Channelsea,Miss L. Vance,2014-01-14,12.6,White Other (Polish),Polish,Yes - fluent,No,SEN Support (K),ADHD (SEMH/medical),3.6,9y 3m,Design & Technology,History,83.1,13,236,14,1,poor,True,False,"Tomasz Zielinski has ADHD (SEMH/medical) and does far better with structure, warning of changes and a bit of patience. Working at grade 3.6 on average, with Design & Technology the clear strength and History the obvious weak spot. Reading age of 9y 3m against a chronological age of 12y 7m, which is the root of most of it. 236 behaviour points, 1 suspension, and a permanent exclusion narrowly avoided after an incident with a vape and a fire alarm. Attendance 83.1% - persistently absent and now with the Education Welfare Officer. Lives on the new blocks by the canal with mum, stepdad and a new baby, in a council flat on the fourth floor. Supportive at home, but stretched thin. Talks about swimming constantly, in and out of lesson."
HAR1258,Temitope Bello,F,8,8C,Channelsea,Miss L. Vance,2014-02-16,12.5,Black African (Nigerian),Yoruba,Yes - fluent,Yes,None,,5.7,11y 7m,Drama,Science,94.4,2,1,0,0,good,False,False,"Temitope Bello is the definition of middle of the road - never in trouble, never top of the class. Currently 5.7 on average - on target in Drama, a full two grades off in Science. 1 behaviour points, which for this school is nothing at all. Attendance 94.4%, which the year team are keeping an eye on. Lives on the Beckton end with mum and a disabled younger brother, in a terraced house shared with an aunt's family. Nobody at home has the confidence to challenge the school, which staff are conscious of. Goes to cricket in the summer term every week without fail."
HAR1259,Nazia Chowdhury,F,8,8C,Channelsea,Miss L. Vance,2014-01-07,12.6,British Bangladeshi,Bengali,No,Yes,None,,1.4,8y 7m,RE,English,87.1,10,151,32,1,poor,True,False,"Nazia Chowdhury has a temper that goes from nought to shouting in about four seconds. Working at grade 1.4 on average, with RE the clear strength and English the obvious weak spot. Reading age 8y 7m - well below her actual age of 12y 7m - so she can't access half the exam papers unaided. 151 behaviour points and 1 suspension. Refuses to accept a sanction from anyone she hasn't decided she likes. Attendance 87.1% and falling. Weeks go by where nobody sees her. Home is in a two-bed flat with both parents, both working in the family business. Spends every break on anime."
HAR1260,Hanan Barakat,F,8,8C,Channelsea,Miss L. Vance,2013-11-04,12.8,Arab,Arabic (Levantine),No,No,None,,4.1,10y 10m,Science,Music,100.0,0,21,1,0,ok,False,False,"Hanan Barakat is quiet to the point of being invisible in some lessons and staff have to make an effort to notice her. Reports are consistent: strong in Science, weak in Music, average grade 4.1. 21 points. Nothing serious, but the pattern is talking over staff and refusing to move seats. Attendance sits at 100.0% with no unauthorised absence. Lives on the Carpenters Estate with mum only. Housing changed twice in the last two years and you can see it in the exercise books. Known across the year for Tottenham. Looked-after child, placed with foster carers in the borough since Year 8."
HAR1261,Alishba Zaman,F,8,8C,Channelsea,Miss L. Vance,2014-07-03,12.2,British Pakistani,Pashto,Yes - fluent,Yes,SEN Support (K),Physical Disability,1.5,8y 3m,Maths,Science,91.5,18,22,2,0,ok,False,False,"Alishba Zaman has Physical Disability, which shapes how she copes with a full timetable in a building this loud. Sits on grade 1.5 overall. Teachers in Maths rate her highly, staff in Science much less so. 22 points logged - low-level stuff: chatting, out of seat, phone on the desk. Attendance 91.5%, which the year team are keeping an eye on. Lives on the houses off Green Street with mum and a disabled younger brother. Runs Eco Club and takes it more seriously than most of the staff do."
HAR1262,Farhana Khan,F,8,8C,Channelsea,Miss L. Vance,2014-03-07,12.5,British Bangladeshi,Bengali,Yes - fluent,Yes,SEN Support (K),SpLD - Dyscalculia,6.1,10y 5m,Science,PE,100.0,1,66,10,0,mixed,False,False,"Farhana Khan sits mid-table across the board and is happy there, which frustrates her tutor. Average working grade 6.1. Science is well above the rest; PE is dragging the profile down. 66 points. Nothing serious, but the pattern is talking over staff and refusing to move seats. Attendance 100.0%. The only absences are medical and always covered by a note. Lives on the Manor Park end with aunt and uncle and five cousins. Older siblings came through Harford as well and staff remember the surname. Talks about K-pop constantly, in and out of lesson."
HAR1263,Bartek Szymanska,M,8,8C,Channelsea,Miss L. Vance,2014-08-28,12.0,White Other (Polish),Polish,Yes - fluent,Yes,None,,4.3,10y 5m,PE,Computing,94.0,3,89,8,0,mixed,False,False,"Bartek Szymanska is reliable in lessons he likes and drifts badly in the ones he doesn't. Average of 4.3 across the board, with a big spread between PE and Computing. 89 points logged - low-level stuff: chatting, out of seat, phone on the desk. 94.0% attendance - enough to trigger a letter home but not a fine. Lives on the flats behind the Roman Road with an older sister who does most of the parenting. English isn't the main language at home, so letters get read by an older sibling. Goes to boxing club at the community gym every week without fail."
HAR1264,Akosua Boateng,F,8,8C,Channelsea,Miss L. Vance,2013-09-18,13.0,Black African (Ghanaian),Ga,Yes - developing,No,None,,4.9,12y 9m,Maths,English,97.1,2,9,3,0,ok,False,False,"Akosua Boateng is pleasant, chatty and easily distracted, but the work gets done in the end. Reports are consistent: strong in Maths, weak in English, average grade 4.9. 9 behaviour points and 3 detentions, all for the same three things. 97.1% attendance and always on time. Lives in a one-bed with the living room as a bedroom with an uncle who is also her named carer. Supportive at home, but stretched thin. Known across the year for K-pop."
HAR1265,Jubayer Kabir,M,8,8C,Channelsea,Miss L. Vance,2013-10-21,12.9,British Bangladeshi,Sylheti,Yes - fluent,Yes,None,,4.0,11y 0m,PE,English,90.8,17,201,38,2,poor,False,False,"Jubayer Kabir is the reason three departments have moved seating plans this year. Average of 4.0 across the board, with a big spread between PE and English. 201 behaviour points and 38 detentions. Told a cover teacher to ""fuck off"" in March and got two days internal. 90.8% attendance - enough to trigger a letter home but not a fine. Lives on the houses off Green Street with both parents, both working in the family business. Goes to gaming club every week without fail. Recently bereaved - lost his grandfather last year and it shows."
HAR1266,Tanisha Campbell,F,8,8C,Channelsea,Miss L. Vance,2013-09-22,12.9,Black Caribbean / Mixed Black Caribbean,English,No,Yes,EHCP,SpLD - Dyslexia,5.0,11y 10m,Science,Spanish,99.0,1,194,20,1,poor,False,False,"Tanisha Campbell has a temper that goes from nought to shouting in about four seconds. Reports are consistent: strong in Science, weak in Spanish, average grade 5.0. 194 behaviour points, 20 detentions, 1 suspension - the worst being a fight in the DT corridor that took three staff to break up. Attendance sits at 99.0% with no unauthorised absence. Home is in a maisonette off the high street with mum and three younger siblings. Parents' evening attendance is patchy, and it's shift work rather than a lack of interest. Talks about West Ham constantly, in and out of lesson. EHCP names 5 hours of TA support a week and access arrangements for exams."
HAR1267,Kymani Beckford,M,8,8C,Channelsea,Miss L. Vance,2014-05-17,12.3,Black Caribbean / Mixed Black Caribbean,Jamaican Patois,No,Yes,None,,2.6,9y 11m,History,English,84.1,17,159,17,0,poor,True,False,"Kymani Beckford does not walk away from anything, which is most of the problem. Average of 2.6 across the board, with a big spread between History and English. Reading age of 9y 11m against a chronological age of 12y 3m, which is the root of most of it. 159 behaviour points and 0 suspensions. Refuses to accept a sanction from anyone he hasn't decided he likes. Attendance 84.1% - persistently absent and now with the Education Welfare Officer. Lives on the estate off Barking Road with dad and stepmum, in a house with a converted loft room. Runs table tennis and takes it more seriously than most of the staff do."
HAR1268,Abel Asfaw,M,8,8C,Channelsea,Miss L. Vance,2013-12-16,12.7,Black African (Horn of Africa),Oromo,No,No,SEN Support (K),SpLD - Dyscalculia,1.2,7y 0m,English,French,84.9,22,231,22,1,poor,True,False,"Abel Asfaw is on the SEND register for SpLD - Dyscalculia and has a one-page profile all staff are meant to have read. Working at grade 1.2 on average, with English the clear strength and French the obvious weak spot. Reading age of 7y 0m against a chronological age of 12y 8m, which is the root of most of it. 231 points and 22 detentions. Screamed ""I don't give a shit"" across a full canteen and was removed for the afternoon. 84.9% attendance. The school has issued a formal warning and a penalty notice is on the table. Lives in a terraced house shared with an aunt's family with mum only. Supportive at home, but stretched thin. Runs STEM club and takes it more seriously than most of the staff do."
HAR1269,Precious Okafor,F,8,8C,Channelsea,Miss L. Vance,2014-07-03,12.2,Black African (Nigerian),Edo,Yes - new to English,No,SEN Support (K),"SEMH - Social, Emotional & Mental Health",1.0,7y 1m,Science,English,71.0,16,209,25,1,poor,True,False,"Precious Okafor joined Harford two years ago with almost no English and has come a long way, fast. Currently 1.0 on average - on target in Science, a full two grades off in English. 209 behaviour points, 25 detentions, 1 suspension - the worst being a fight in the DT corridor that took three staff to break up. Attendance 71.0% - persistently absent and now with the Education Welfare Officer. Home is in a one-bed with the living room as a bedroom with aunt and uncle and five cousins. Nobody at home has the confidence to challenge the school, which staff are conscious of. One of the leaders in drama club; it's the one place she's consistently brilliant."
HAR1270,Klaudio Gashi,M,8,8C,Channelsea,Miss L. Vance,2014-01-21,12.6,White Other (Albanian),Albanian,No,Yes,None,,4.6,11y 8m,English,Computing,85.3,11,24,1,0,ok,True,False,"Klaudio Gashi is a grafter. Nothing comes easily but he keeps showing up and keeps trying. Average of 4.6 across the board, with a big spread between English and Computing. 24 behaviour points and 1 detentions, all for the same three things. 85.3% attendance. The school has issued a formal warning and a penalty notice is on the table. Lives on the towers on Devons Road with dad, who works two jobs, in temporary accommodation. Goes to young carers group every week without fail."
HAR1271,Zain Hussain,M,8,8D,Ravensbourne,Mr P. Considine,2014-07-06,12.2,British Pakistani,Punjabi,Yes - fluent,Yes,None,,5.0,10y 10m,Science,English,81.8,7,235,33,0,poor,True,False,"Zain Hussain has a temper that goes from nought to shouting in about four seconds. Average of 5.0 across the board, with a big spread between Science and English. 235 points and 33 detentions. Walked out of Maths shouting ""this lesson is dead"" and slammed the door hard enough to crack the glass. 81.8% attendance. The school has issued a formal warning and a penalty notice is on the table. Lives on the Beckton end with grandmother as main carer, in temporary accommodation. Runs boxercise and takes it more seriously than most of the staff do. On a pastoral support plan after a difficult autumn term."
HAR1272,Sadaf Mahmood,F,8,8D,Ravensbourne,Mr P. Considine,2013-10-09,12.9,British Pakistani,Pashto,Yes - fluent,No,None,,5.8,12y 7m,Food Technology,Geography,100.0,3,29,2,0,ok,False,False,"Sadaf Mahmood is a grafter. Nothing comes easily but she keeps showing up and keeps trying. Average working grade 5.8. Food Technology is well above the rest; Geography is dragging the profile down. 29 behaviour points, mostly talking, phones and being late to period one. Attendance 100.0% - never an issue. At home it's both parents, both working in the family business, in a council flat on the fourth floor. One of the leaders in cheerleading; it's the one place she's consistently brilliant. Working with the school counsellor weekly."
HAR1273,Bethany Hughes,F,8,8D,Ravensbourne,Mr P. Considine,2014-08-01,12.1,White British,English,No,Yes,None,,3.6,9y 7m,English,Science,99.4,4,5,0,0,good,False,False,"Bethany Hughes is reliable in lessons she likes and drifts badly in the ones she doesn't. Currently 3.6 on average - on target in English, a full two grades off in Science. Reading age assessed at 9y 7m. Everything else follows from that. 5 behaviour points, which for this school is nothing at all. 99.4% attendance and always on time. Lives on the new blocks by the canal with dad and stepmum. One of the leaders in robotics club; it's the one place she's consistently brilliant."
HAR1274,Tahmid Sarker,M,8,8D,Ravensbourne,Mr P. Considine,2014-08-13,12.1,British Bangladeshi,Bengali,Yes - fluent,No,SEN Support (K),"SEMH - Social, Emotional & Mental Health",5.4,10y 1m,English,Design & Technology,92.3,4,18,2,0,ok,False,False,"Tahmid Sarker has SEMH - Social, Emotional & Mental Health and works with the SEN team most weeks. Working at grade 5.4 on average, with English the clear strength and Design & Technology the obvious weak spot. 18 points logged - low-level stuff: chatting, out of seat, phone on the desk. Attendance 92.3%. Punctuality is the bigger problem: 4 lates this term. Lives on the Aldgate side of the borough with grandmother as main carer, in a one-bed with the living room as a bedroom. Would rather be at dance troupe than in any lesson and says so openly."
HAR1275,Harleen Bhatt,F,8,8D,Ravensbourne,Mr P. Considine,2013-12-09,12.7,British Indian,Malayalam,Yes - fluent,Yes,SEN Support (K),ADHD (SEMH/medical),1.0,8y 8m,Music,English,89.3,5,8,3,0,ok,True,False,"Harleen Bhatt has decided school isn't for her and spends most lessons proving it. Average of 1.0 across the board, with a big spread between Music and English. Reading age of 8y 8m against a chronological age of 12y 8m, which is the root of most of it. 8 behaviour points and 3 detentions, all for the same three things. Attendance 89.3%. Punctuality is the bigger problem: 5 lates this term. Lives on the Manor Park end with mum, stepdad and a new baby, in a council flat on the fourth floor. Would rather be at peer mentoring than in any lesson and says so openly."
HAR1276,Kotryna Balciunas,F,8,8D,Ravensbourne,Mr P. Considine,2013-11-21,12.8,White Other (Lithuanian),Lithuanian,No,No,SEN Support (K),"SLCN - Speech, Language & Communication",6.8,12y 2m,PE,English,96.5,4,21,1,0,ok,False,False,"Kotryna Balciunas is one of those students who makes a lesson easier just by being in it. Reports are consistent: strong in PE, weak in English, average grade 6.8. 21 points. Nothing serious, but the pattern is talking over staff and refusing to move seats. Attendance sits at 96.5% with no unauthorised absence. Lives on the Chrisp Street area with mum only, in a one-bed with the living room as a bedroom. Money is tight and everyone in the house knows it. Known across the year for football stats and fantasy leagues."
HAR1277,Diogo Ferreira,M,8,8D,Ravensbourne,Mr P. Considine,2014-05-19,12.3,White Other (Portuguese / Brazilian),Portuguese,Yes - developing,Yes,None,,5.0,12y 2m,PE,English,97.1,1,45,12,0,mixed,False,False,"Diogo Ferreira is a grafter. Nothing comes easily but he keeps showing up and keeps trying. Average working grade 5.0. PE is well above the rest; English is dragging the profile down. 45 behaviour points, mostly talking, phones and being late to period one. Attendance sits at 97.1% with no unauthorised absence. Lives in a one-bed with the living room as a bedroom with mum and her partner. Whoever's home in the morning is doing four school runs, so he's largely left to sort himself out. Quietly good at West Ham, which nobody at school knew until Year 9. Young carer - registered with the borough."
HAR1278,Chinwe Adebayo,F,8,8D,Ravensbourne,Mr P. Considine,2014-04-27,12.3,Black African (Nigerian),Yoruba,No,No,None,,4.3,11y 4m,English,French,61.2,18,26,1,0,ok,True,True,"Chinwe Adebayo has had long spells out of lessons and is being reintegrated slowly. Currently 4.3 on average - on target in English, a full two grades off in French. 26 points logged - low-level stuff: chatting, out of seat, phone on the desk. 61.2% attendance. The school has issued a formal warning and a penalty notice is on the table. At home it's an uncle who is also her named carer, above a shop on the parade. One of the leaders in library monitors; it's the one place she's consistently brilliant."
HAR1279,Lewis Hendricks,M,8,8D,Ravensbourne,Mr P. Considine,2014-04-09,12.4,White British,English,No,No,None,,1.4,8y 3m,English,Maths,93.7,4,53,8,0,mixed,False,False,"Lewis Hendricks has decided school isn't for him and spends most lessons proving it. Sits on grade 1.4 overall. Teachers in English rate him highly, staff in Maths much less so. 53 points logged - low-level stuff: chatting, out of seat, phone on the desk. Attendance has slipped to 93.7% and there's a pattern of Monday mornings. Lives on the new blocks by the canal with both parents, both working in the family business. Talks about fishing on the Lea constantly, in and out of lesson."
HAR1280,Yalini Kandasamy,F,8,8D,Ravensbourne,Mr P. Considine,2014-02-12,12.6,Asian Other (Sri Lankan Tamil),Tamil,Yes - fluent,Yes,SEN Support (K),ASD - Autism Spectrum Condition,4.3,9y 7m,French,Food Technology,81.5,18,233,17,1,poor,True,False,"Yalini Kandasamy is on the SEND register for ASD - Autism Spectrum Condition and has a one-page profile all staff are meant to have read. Sits on grade 4.3 overall. Teachers in French rate her highly, staff in Food Technology much less so. 233 points and 17 detentions. Screamed ""I don't give a shit"" across a full canteen and was removed for the afternoon. Attendance 81.5% and falling. Weeks go by where nobody sees her. Lives on the towers on Devons Road with mum and a disabled younger brother. Supportive at home, but stretched thin. Quietly good at cars and car spotting, which nobody at school knew until Year 9. Looked-after child, placed with foster carers in the borough since Year 8."
HAR1281,Reggie Sparrow,M,8,8D,Ravensbourne,Mr P. Considine,2014-07-26,12.1,White British,English,No,No,None,,6.3,12y 10m,Maths,PE,100.0,0,25,4,0,ok,False,False,"Reggie Sparrow is a solid, steady student who does what's asked and not a great deal more. Average of 6.3 across the board, with a big spread between Maths and PE. 25 behaviour points and 4 detentions, all for the same three things. Attendance 100.0% - never an issue. Lives on the Bow Common side with mum, dad and four siblings, in a one-bed with the living room as a bedroom. English isn't the main language at home, so letters get read by an older sibling. Spends every break on customising trainers."
HAR1282,Nyla Whyte,F,8,8D,Ravensbourne,Mr P. Considine,2014-01-03,12.7,Black Caribbean / Mixed Black Caribbean,English,No,No,None,,1.4,8y 7m,English,Maths,88.1,9,63,12,0,mixed,True,False,"Nyla Whyte has been on the intervention list for two years and progress has been slow at best. Average working grade 1.4. English is well above the rest; Maths is dragging the profile down. Reading age 8y 7m - well below her actual age of 12y 7m - so she can't access half the exam papers unaided. 63 behaviour points, mostly talking, phones and being late to period one. 88.1% attendance - enough to trigger a letter home but not a fine. Home is in a flat with a lift that never works with mum and three younger siblings. Housing changed twice in the last two years and you can see it in the exercise books. Big into sewing and altering clothes."
HAR1283,Kavitha Sharma,F,8,8D,Ravensbourne,Mr P. Considine,2014-04-27,12.3,British Indian,Malayalam,No,Yes,None,,6.6,12y 7m,Spanish,Drama,96.3,4,15,1,0,ok,False,False,"Kavitha Sharma is quietly brilliant - the sort of student who hands work in early and then asks for more. Average of 6.6 across the board, with a big spread between Spanish and Drama. 15 points logged - low-level stuff: chatting, out of seat, phone on the desk. Attendance 96.3%. The only absences are medical and always covered by a note. Lives with an uncle who is also her named carer in temporary accommodation. English isn't the main language at home, so letters get read by an older sibling. Big into sewing and altering clothes."
HAR1284,Vlad Popescu,M,8,8D,Ravensbourne,Mr P. Considine,2014-03-11,12.5,White Other (Romanian),Romanian,Yes - fluent,Yes,None,,6.2,12y 1m,Maths,Computing,96.9,2,47,7,0,mixed,False,False,"Vlad Popescu is reliable in lessons he likes and drifts badly in the ones he doesn't. Sits on grade 6.2 overall. Teachers in Maths rate him highly, staff in Computing much less so. 47 points logged - low-level stuff: chatting, out of seat, phone on the desk. Attendance 96.9%. The only absences are medical and always covered by a note. Lives on the Manor Park end with dad, who works two jobs, in a terraced house shared with an aunt's family. Spends every break on West Ham."
HAR1285,Nabila Mia,F,8,8D,Ravensbourne,Mr P. Considine,2013-12-03,12.7,British Bangladeshi,Sylheti,No,Yes,None,,7.9,14y 11m,English,Science,100.0,2,23,4,0,ok,False,False,"Nabila Mia sits near the front, works from the second the bell goes, and rarely needs telling twice. Reports are consistent: strong in English, weak in Science, average grade 7.9. 23 behaviour points, mostly talking, phones and being late to period one. Attendance sits at 100.0% with no unauthorised absence. Lives on the towers on Devons Road with both parents and an older brother, in a two-bed flat. Quietly good at producing beats on FL Studio, which nobody at school knew until Year 9."
HAR1286,Khadija Sheikh,F,8,8D,Ravensbourne,Mr P. Considine,2014-02-09,12.6,Black African (Somali),Somali,Yes - developing,Yes,None,,1.1,9y 8m,English,Maths,92.1,2,12,1,0,ok,False,False,"Khadija Sheikh has decided school isn't for her and spends most lessons proving it. Reports are consistent: strong in English, weak in Maths, average grade 1.1. Reading age of 9y 8m against a chronological age of 12y 6m, which is the root of most of it. 12 points. Nothing serious, but the pattern is talking over staff and refusing to move seats. 92.1% attendance - enough to trigger a letter home but not a fine. Lives in a house with a converted loft room with mum and a disabled younger brother. The commute in is two buses and it shows in the punctuality data. Spends every break on fishing on the Lea."
HAR1287,Alina Nistor,F,8,8D,Ravensbourne,Mr P. Considine,2014-08-04,12.1,White Other (Romanian),Romanian,Yes - fluent,No,None,,6.0,11y 6m,English,PE,96.0,1,179,32,3,poor,False,False,"Alina Nistor is the loudest voice in every corridor between lessons. Average of 6.0 across the board, with a big spread between English and PE. 179 points, 32 detentions. Told her Head of Year, word for word, that the school could ""do one"" - then apologised properly the next day, which is the frustrating bit. Attendance 96.0% - never an issue. Lives on the new blocks by the canal with mum and a disabled younger brother, in a flat with a lift that never works. One of the leaders in basketball; it's the one place she's consistently brilliant. Mentored by the school's attendance and inclusion lead."
HAR1288,Emre Demir,M,8,8D,Ravensbourne,Mr P. Considine,2014-02-01,12.6,White Other (Turkish / Kurdish),Zazaki,Yes - fluent,Yes,None,,3.3,10y 5m,Food Technology,Science,96.9,0,29,1,0,ok,False,False,"Emre Demir is one of the lowest attainers in Year 8 and the department has run out of easy ideas. Currently 3.3 on average - on target in Food Technology, a full two grades off in Science. Reading age 10y 5m - well below his actual age of 12y 6m - so he can't access half the exam papers unaided. 29 behaviour points, mostly talking, phones and being late to period one. Attendance 96.9%. The only absences are medical and always covered by a note. Lives in a two-bed flat with both parents and twin sisters. It's a full house and a quiet space to do homework doesn't really exist. Would rather be at choir than in any lesson and says so openly."
HAR1289,Razvan Stan,M,8,8D,Ravensbourne,Mr P. Considine,2014-05-03,12.3,White Other (Romanian),Romanian,No,Yes,None,,7.1,12y 8m,Design & Technology,English,88.0,11,4,0,0,good,True,False,"Razvan Stan reads well above his age and has an answer for everything, usually the right one. Design & Technology is his best subject by a distance. English is the one his tutor has to chase every report. 4 points logged, every one of them for uniform or equipment rather than conduct. Attendance 88.0%. Punctuality is the bigger problem: 11 lates this term. Lives with both parents and twin sisters in a flat with a lift that never works. Known across the year for Chelsea."
HAR1290,Nabila Khan,F,8,8D,Ravensbourne,Mr P. Considine,2014-02-18,12.5,British Bangladeshi,Bengali,Yes - fluent,No,None,,3.7,10y 6m,Maths,English,78.4,5,148,24,3,poor,True,False,"Nabila Khan is bright enough to be doing well and chooses, daily, not to. Average working grade 3.7. Maths is well above the rest; English is dragging the profile down. Reading age of 10y 6m against a chronological age of 12y 6m, which is the root of most of it. 148 behaviour points, 24 detentions, 3 suspensions - the worst being a fight in the DT corridor that took three staff to break up. 78.4% attendance. The school has issued a formal warning and a penalty notice is on the table. Lives with both parents and an older brother in a terraced house shared with an aunt's family. Big into Millwall."
HAR1291,Kamrul Karim,M,8,8D,Ravensbourne,Mr P. Considine,2013-10-27,12.8,British Bangladeshi,Bengali,Yes - developing,Yes,SEN Support (K),MLD - Moderate Learning Difficulty,1.1,8y 4m,RE,English,85.1,21,132,32,0,poor,True,False,"Kamrul Karim does not walk away from anything, which is most of the problem. Average working grade 1.1. RE is well above the rest; English is dragging the profile down. 132 points, 32 detentions. Told his Head of Year, word for word, that the school could ""do one"" - then apologised properly the next day, which is the frustrating bit. 85.1% attendance. The school has issued a formal warning and a penalty notice is on the table. At home it's both parents and an older brother, in a terraced house shared with an aunt's family. Parents' evening attendance is patchy, and it's shift work rather than a lack of interest. Would rather be at school council than in any lesson and says so openly."
HAR1292,Vlad Stan,M,8,8D,Ravensbourne,Mr P. Considine,2014-01-01,12.7,White Other (Romanian),Romani,Yes - fluent,Yes,SEN Support (K),Hearing Impairment,5.4,10y 10m,English,Food Technology,87.4,7,12,1,0,ok,True,False,"Vlad Stan is on the SEND register for Hearing Impairment and has a one-page profile all staff are meant to have read. Working at grade 5.4 on average, with English the clear strength and Food Technology the obvious weak spot. 12 points logged - low-level stuff: chatting, out of seat, phone on the desk. Attendance 87.4%. Two attendance meetings held, one missed by the family. Lives in a flat with a lift that never works with an uncle who is also his named carer. Housing changed twice in the last two years and you can see it in the exercise books. One of the leaders in Eco Club; it's the one place he's consistently brilliant."
HAR1293,Jasmin Talukder,F,8,8D,Ravensbourne,Mr P. Considine,2013-12-18,12.7,British Bangladeshi,Sylheti,No,No,None,,6.0,12y 1m,Maths,Spanish,85.8,3,17,2,0,ok,True,False,"Jasmin Talukder is reliable in lessons she likes and drifts badly in the ones she doesn't. Sits on grade 6.0 overall. Teachers in Maths rate her highly, staff in Spanish much less so. 17 points logged - low-level stuff: chatting, out of seat, phone on the desk. Attendance 85.8% - persistently absent and now with the Education Welfare Officer. At home it's mum, stepdad and a new baby, in a flat with a lift that never works. Parents' evening attendance is patchy, and it's shift work rather than a lack of interest. Obsessed with BMX to the point of doing homework about it unprompted."
HAR1294,Bukola Adebayo,F,8,8D,Ravensbourne,Mr P. Considine,2014-01-19,12.6,Black African (Nigerian),Yoruba,Yes - fluent,Yes,SEN Support (K),SpLD - Dyslexia,2.3,8y 5m,Maths,English,87.9,11,84,7,0,mixed,True,False,"Bukola Adebayo struggles across almost every subject and has more or less stopped pretending otherwise. Average of 2.3 across the board, with a big spread between Maths and English. Literacy is the bottleneck: reading age 8y 5m and handwriting that she's embarrassed about. 84 points. Nothing serious, but the pattern is talking over staff and refusing to move seats. Attendance 87.9% - persistently absent and now with the Education Welfare Officer. Lives on the flats behind the Roman Road with mum, stepdad and a new baby. English isn't the main language at home, so letters get read by an older sibling. Talks about sewing and altering clothes constantly, in and out of lesson."
HAR1295,Louise Baker,F,8,8D,Ravensbourne,Mr P. Considine,2014-03-24,12.4,White British,English,No,No,SEN Support (K),"SEMH - Social, Emotional & Mental Health",1.0,7y 10m,English,English,85.8,12,230,16,1,poor,True,False,"Louise Baker has SEMH - Social, Emotional & Mental Health and works with the SEN team most weeks. Currently 1.0 on average - on target in English, a full two grades off in English. Literacy is the bottleneck: reading age 7y 10m and handwriting that she's embarrassed about. 230 behaviour points, 1 suspension, and a permanent exclusion narrowly avoided after an incident with a vape and a fire alarm. 85.8% attendance. The school has issued a formal warning and a penalty notice is on the table. Lives on the towers on Devons Road with mum, stepdad and a new baby, in a house with a converted loft room. It's a full house and a quiet space to do homework doesn't really exist. One of the leaders in steel pans; it's the one place she's consistently brilliant. Looked-after child, placed with foster carers in the borough since Year 8."
HAR1296,Oluwatoyin Adeyemi,F,8,8D,Ravensbourne,Mr P. Considine,2014-05-08,12.3,Black African (Nigerian),Nigerian Pidgin,Yes - fluent,No,None,,4.7,10y 9m,Maths,Science,93.3,1,11,4,0,ok,False,False,"Oluwatoyin Adeyemi is reliable in lessons she likes and drifts badly in the ones she doesn't. Currently 4.7 on average - on target in Maths, a full two grades off in Science. 11 behaviour points and 4 detentions, all for the same three things. 93.3% attendance - enough to trigger a letter home but not a fine. Lives with both parents and twin sisters above a shop on the parade. Nobody at home has the confidence to challenge the school, which staff are conscious of. Quietly good at graffiti and lettering, which nobody at school knew until Year 9."
HAR1297,Aisha Aslam,F,8,8D,Ravensbourne,Mr P. Considine,2014-03-24,12.4,British Pakistani,Punjabi,Yes - fluent,Yes,None,,5.5,12y 9m,Geography,Maths,92.8,0,3,0,0,good,False,False,"Aisha Aslam is reliable in lessons she likes and drifts badly in the ones she doesn't. Average working grade 5.5. Geography is well above the rest; Maths is dragging the profile down. 3 behaviour points, which for this school is nothing at all. Attendance 92.8%. Punctuality is the bigger problem: 0 lates this term. Lives in a maisonette off the high street with both parents and an older brother. Money is tight and everyone in the house knows it. Runs table tennis and takes it more seriously than most of the staff do."
HAR1298,Labiba Ali,F,8,8D,Ravensbourne,Mr P. Considine,2014-01-20,12.6,British Bangladeshi,Bengali,Yes - fluent,Yes,None,,2.4,10y 2m,Art,Geography,96.0,1,16,4,0,ok,False,False,"Labiba Ali is one of the lowest attainers in Year 8 and the department has run out of easy ideas. Sits on grade 2.4 overall. Teachers in Art rate her highly, staff in Geography much less so. Reading age 10y 2m - well below her actual age of 12y 7m - so she can't access half the exam papers unaided. 16 points. Nothing serious, but the pattern is talking over staff and refusing to move seats. Attendance 96.0% - never an issue. Lives with both parents and twin sisters in a house with a converted loft room. Supportive at home, but stretched thin. Runs gaming club and takes it more seriously than most of the staff do."
HAR1299,Hollie Larkin,F,8,8D,Ravensbourne,Mr P. Considine,2013-09-24,12.9,White British,English,No,Yes,None,,3.9,11y 3m,English,Food Technology,86.8,4,120,27,1,poor,True,False,"Hollie Larkin has a temper that goes from nought to shouting in about four seconds. Average working grade 3.9. English is well above the rest; Food Technology is dragging the profile down. 120 behaviour points, 1 suspension, and a permanent exclusion narrowly avoided after an incident with a vape and a fire alarm. Attendance 86.8% and falling. Weeks go by where nobody sees her. Lives with mum and her partner in a two-bed flat. Known across the year for Afrobeats."
HAR1300,Tiago Oliveira,M,8,8D,Ravensbourne,Mr P. Considine,2014-01-08,12.6,White Other (Portuguese / Brazilian),Portuguese,Yes - fluent,Yes,None,,2.5,10y 9m,Art,English,95.3,0,15,3,0,ok,False,False,"Tiago Oliveira can do the work when someone sits with him, and almost never does it when nobody does. Working at grade 2.5 on average, with Art the clear strength and English the obvious weak spot. Literacy is the bottleneck: reading age 10y 9m and handwriting that he's embarrassed about. 15 behaviour points and 3 detentions, all for the same three things. Attendance sits at 95.3% with no unauthorised absence. Lives with both parents, both working in the family business in a terraced house shared with an aunt's family. Known across the year for cars and car spotting."
HAR1301,Shahida Mia,F,8,8E,Beam,Mrs A. Rahman,2014-07-09,12.1,British Bangladeshi,Bengali,No,No,None,,5.5,11y 0m,Maths,English,95.3,1,2,1,0,good,False,False,"Shahida Mia is a decent worker who gets by on effort more than natural ability. Average working grade 5.5. Maths is well above the rest; English is dragging the profile down. 2 points logged, every one of them for uniform or equipment rather than conduct. Attendance 95.3%. The only absences are medical and always covered by a note. Lives with dad, who works two jobs in a house with a converted loft room. Parents' evening attendance is patchy, and it's shift work rather than a lack of interest. Talks about dog walking for money constantly, in and out of lesson."
HAR1302,Shahid Uddin,M,8,8E,Beam,Mrs A. Rahman,2014-01-27,12.6,British Bangladeshi,Sylheti,No,No,None,,4.3,10y 7m,English,Spanish,88.4,21,88,13,0,mixed,True,False,"Shahid Uddin is a solid, steady student who does what's asked and not a great deal more. Working at grade 4.3 on average, with English the clear strength and Spanish the obvious weak spot. 88 points logged - low-level stuff: chatting, out of seat, phone on the desk. 88.4% attendance - enough to trigger a letter home but not a fine. Lives in a two-bed flat with mum, dad and four siblings. Nobody at home has the confidence to challenge the school, which staff are conscious of. Big into fishing on the Lea."
HAR1303,Ekow Amoah,M,8,8E,Beam,Mrs A. Rahman,2014-03-10,12.5,Black African (Ghanaian),Twi,Yes - fluent,Yes,None,,4.3,11y 8m,Maths,English,100.0,1,8,0,0,good,False,False,"Ekow Amoah is quiet to the point of being invisible in some lessons and staff have to make an effort to notice him. Sits on grade 4.3 overall. Teachers in Maths rate him highly, staff in English much less so. 8 behaviour points, which for this school is nothing at all. Attendance 100.0% - never an issue. Lives with grandmother as main carer in a two-bed flat. Talks about streaming on Twitch constantly, in and out of lesson."
HAR1304,Segun Balogun,M,8,8E,Beam,Mrs A. Rahman,2013-09-10,13.0,Black African (Nigerian),Igbo,Yes - fluent,No,None,,5.0,12y 8m,Science,Drama,100.0,0,29,4,0,ok,False,False,"Segun Balogun is pleasant, chatty and easily distracted, but the work gets done in the end. Currently 5.0 on average - on target in Science, a full two grades off in Drama. 29 points. Nothing serious, but the pattern is talking over staff and refusing to move seats. 100.0% attendance and always on time. Lives on the Plaistow side with both parents and an older brother. Known across the year for Millwall."
HAR1305,Adeel Javed,M,8,8E,Beam,Mrs A. Rahman,2013-09-17,13.0,British Pakistani,Urdu,Yes - fluent,Yes,EHCP,"SEMH - Social, Emotional & Mental Health",3.4,8y 7m,Geography,English,94.7,2,17,4,0,ok,False,False,"Adeel Javed is quiet to the point of being invisible in some lessons and staff have to make an effort to notice him. Geography is his best subject by a distance. English is the one his tutor has to chase every report. Literacy is the bottleneck: reading age 8y 7m and handwriting that he's embarrassed about. 17 behaviour points, mostly talking, phones and being late to period one. 94.7% attendance - enough to trigger a letter home but not a fine. At home it's mum and a disabled younger brother, in a flat with a lift that never works. Spends every break on dog walking for money. EHCP names 12 hours of TA support a week and access arrangements for exams."
HAR1306,Amber Kemp,F,8,8E,Beam,Mrs A. Rahman,2014-06-19,12.2,White British,English,No,Yes,EHCP,"SLCN - Speech, Language & Communication",1.0,7y 10m,English,Maths,96.0,2,27,3,0,ok,False,False,"Amber Kemp has SLCN - Speech, Language & Communication and works with the SEN team most weeks. Average working grade 1.0. English is well above the rest; Maths is dragging the profile down. 27 behaviour points and 3 detentions, all for the same three things. Attendance sits at 96.0% with no unauthorised absence. At home it's mum and three younger siblings, in a council flat on the fourth floor. It's a full house and a quiet space to do homework doesn't really exist. Obsessed with roller skating to the point of doing homework about it unprompted. EHCP names 10 hours of TA support a week and access arrangements for exams."
HAR1307,Sadia Sultana,F,8,8E,Beam,Mrs A. Rahman,2014-02-03,12.6,British Bangladeshi,Bengali,Yes - new to English,No,SEN Support (K),"SEMH - Social, Emotional & Mental Health",4.7,9y 4m,Science,RE,87.7,15,155,21,0,poor,True,False,"Sadia Sultana is a new-to-English arrival who is far cleverer than her written work can show yet. Average of 4.7 across the board, with a big spread between Science and RE. 155 points, 21 detentions. Told her Head of Year, word for word, that the school could ""do one"" - then apologised properly the next day, which is the frustrating bit. Attendance 87.7% and falling. Weeks go by where nobody sees her. Lives with mum, dad and grandad in a maisonette off the high street. Housing changed twice in the last two years and you can see it in the exercise books. Quietly good at anime, which nobody at school knew until Year 9."
HAR1308,Hatice Kilic,F,8,8E,Beam,Mrs A. Rahman,2013-11-04,12.8,White Other (Turkish / Kurdish),Kurdish (Kurmanji),Yes - fluent,No,None,,8.3,14y 2m,Maths,Music,92.3,2,29,1,0,ok,False,False,"Hatice Kilic is one of the strongest students in Year 8, and staff talk about her as a genuine top-set kid. Average working grade 8.3. Maths is well above the rest; Music is dragging the profile down. 29 behaviour points and 1 detentions, all for the same three things. Attendance 92.3%, which the year team are keeping an eye on. At home it's mum, dad and grandad, above a shop on the parade. Known across the year for K-pop."
HAR1309,Arif Sarker,M,8,8E,Beam,Mrs A. Rahman,2014-06-27,12.2,British Bangladeshi,Sylheti,Yes - fluent,No,None,,4.3,11y 3m,Drama,Maths,100.0,3,13,2,0,ok,False,False,"Arif Sarker is a solid, steady student who does what's asked and not a great deal more. Working at grade 4.3 on average, with Drama the clear strength and Maths the obvious weak spot. 13 points. Nothing serious, but the pattern is talking over staff and refusing to move seats. 100.0% attendance and always on time. Lives on the Manor Park end with dad, who works two jobs. Goes to art club every week without fail."
HAR1310,Redwan Alam,M,8,8E,Beam,Mrs A. Rahman,2014-07-16,12.1,British Bangladeshi,Sylheti,No,No,None,,6.5,12y 2m,Maths,Food Technology,97.3,2,0,1,0,good,False,False,"Redwan Alam reads well above his age and has an answer for everything, usually the right one. Average working grade 6.5. Maths is well above the rest; Food Technology is dragging the profile down. Nothing on the behaviour log worth reading - 0 points total. 97.3% attendance and always on time. Lives on the houses off Green Street with foster carers. Big into doing nails and lashes for cousins."
HAR1311,Musa Kabir,M,8,8E,Beam,Mrs A. Rahman,2014-05-28,12.3,British Bangladeshi,Sylheti,Yes - fluent,Yes,None,,4.2,11y 1m,English,Maths,98.9,2,62,10,0,mixed,False,False,"Musa Kabir sits mid-table across the board and is happy there, which frustrates his tutor. English is his best subject by a distance. Maths is the one his tutor has to chase every report. 62 behaviour points, mostly talking, phones and being late to period one. Attendance sits at 98.9% with no unauthorised absence. At home it's dad and stepmum, in a flat with a lift that never works. Supportive at home, but stretched thin. Runs choir and takes it more seriously than most of the staff do. Free school meals and school-funded uniform; family declined a food bank referral."
HAR1312,Larisa Popescu,F,8,8E,Beam,Mrs A. Rahman,2014-03-06,12.5,White Other (Romanian),Romanian,Yes - fluent,No,EHCP,"SLCN - Speech, Language & Communication",3.9,9y 6m,Science,Maths,94.7,1,9,1,0,ok,False,False,"Larisa Popescu is on the SEND register for SLCN - Speech, Language & Communication and has a one-page profile all staff are meant to have read. Reports are consistent: strong in Science, weak in Maths, average grade 3.9. 9 points. Nothing serious, but the pattern is talking over staff and refusing to move seats. Attendance has slipped to 94.7% and there's a pattern of Monday mornings. Lives on the Plaistow side with foster carers, in temporary accommodation. The commute in is two buses and it shows in the punctuality data. One of the leaders in athletics; it's the one place she's consistently brilliant. EHCP names 25 hours of TA support a week and access arrangements for exams."
HAR1313,Tahmid Ahmed,M,8,8E,Beam,Mrs A. Rahman,2014-02-03,12.6,British Bangladeshi,Bengali,Yes - fluent,No,None,,5.1,11y 4m,History,PE,93.8,2,2,1,0,good,False,False,"Tahmid Ahmed is pleasant, chatty and easily distracted, but the work gets done in the end. History is his best subject by a distance. PE is the one his tutor has to chase every report. Behaviour record is spotless: 2 points on the system all year. Attendance 93.8%, which the year team are keeping an eye on. At home it's mum only, in a two-bed flat. The commute in is two buses and it shows in the punctuality data. One of the leaders in peer mentoring; it's the one place he's consistently brilliant. Referred to the borough's youth violence reduction team after being robbed for his phone on the way home."
HAR1314,Derya Kaya,F,8,8E,Beam,Mrs A. Rahman,2014-04-26,12.4,White Other (Turkish / Kurdish),Kurdish (Kurmanji),Yes - developing,No,None,,2.4,10y 3m,English,Maths,96.9,3,9,4,0,ok,False,False,"Derya Kaya is capable but so far behind that catching up now looks unrealistic without serious intervention. Average of 2.4 across the board, with a big spread between English and Maths. Reading age assessed at 10y 3m. Everything else follows from that. 9 behaviour points, mostly talking, phones and being late to period one. 96.9% attendance and always on time. Lives with foster carers in temporary accommodation. Parents' evening attendance is patchy, and it's shift work rather than a lack of interest. Runs gym club and takes it more seriously than most of the staff do."
HAR1315,Noor Rashid,F,8,8E,Beam,Mrs A. Rahman,2013-12-24,12.7,British Pakistani,Punjabi,Yes - developing,Yes,None,,8.3,14y 1m,Maths,English,81.6,7,12,1,0,ok,True,False,"Noor Rashid is one of the strongest students in Year 8, and staff talk about her as a genuine top-set kid. Average working grade 8.3. Maths is well above the rest; English is dragging the profile down. 12 points logged - low-level stuff: chatting, out of seat, phone on the desk. Attendance 81.6% and falling. Weeks go by where nobody sees her. Lives on the Carpenters Estate with dad, who works two jobs. Quietly good at sewing and altering clothes, which nobody at school knew until Year 9."
HAR1316,Ines Almeida,F,8,8E,Beam,Mrs A. Rahman,2014-08-20,12.0,White Other (Portuguese / Brazilian),Portuguese,Yes - new to English,No,None,,4.0,10y 10m,English,Spanish,96.1,3,6,0,0,good,False,False,"Ines Almeida is a new-to-English arrival who is far cleverer than her written work can show yet. Currently 4.0 on average - on target in English, a full two grades off in Spanish. 6 behaviour points, which for this school is nothing at all. Attendance sits at 96.1% with no unauthorised absence. Lives with both parents, both working in the family business in a council flat on the fourth floor. Goes to reading buddies every week without fail."
HAR1317,Kieran Harris,M,8,8E,Beam,Mrs A. Rahman,2014-06-25,12.2,White British,English,No,No,None,,4.9,10y 7m,Maths,Spanish,95.1,0,92,5,0,mixed,False,False,"Kieran Harris is reliable in lessons he likes and drifts badly in the ones he doesn't. Reports are consistent: strong in Maths, weak in Spanish, average grade 4.9. 92 behaviour points, mostly talking, phones and being late to period one. Attendance 95.1%. The only absences are medical and always covered by a note. At home it's foster carers, in a two-bed flat. Supportive at home, but stretched thin. Talks about drill and UK rap constantly, in and out of lesson."
HAR1318,Rumana Islam,F,8,8E,Beam,Mrs A. Rahman,2014-03-09,12.5,British Bangladeshi,Bengali,Yes - new to English,Yes,None,,4.5,10y 8m,Science,Maths,100.0,2,3,1,0,good,False,False,"Rumana Islam is a new-to-English arrival who is far cleverer than her written work can show yet. Currently 4.5 on average - on target in Science, a full two grades off in Maths. 3 behaviour points and no detentions. Staff use her as the example. Attendance 100.0% - never an issue. Lives on the Beckton end with both parents and twin sisters, in a terraced house shared with an aunt's family. Housing changed twice in the last two years and you can see it in the exercise books. Would rather be at Warhammer club than in any lesson and says so openly."
HAR1319,Frankie Stubbs,M,8,8E,Beam,Mrs A. Rahman,2014-08-13,12.1,White British,English,No,No,None,,3.0,10y 6m,Maths,Art,92.3,2,9,4,0,ok,False,False,"Frankie Stubbs has been on the intervention list for two years and progress has been slow at best. Maths is his best subject by a distance. Art is the one his tutor has to chase every report. 9 points. Nothing serious, but the pattern is talking over staff and refusing to move seats. Attendance 92.3%, which the year team are keeping an eye on. Lives on the Bow Common side with mum, dad and grandad, in a maisonette off the high street. It's a full house and a quiet space to do homework doesn't really exist. Big into cooking with her nan."
HAR1320,Frankie Sparrow,M,8,8E,Beam,Mrs A. Rahman,2014-03-08,12.5,White British,English,No,Yes,None,,4.6,12y 1m,Spanish,PE,100.0,2,8,1,0,ok,False,False,"Frankie Sparrow is the definition of middle of the road - never in trouble, never top of the class. Working at grade 4.6 on average, with Spanish the clear strength and PE the obvious weak spot. 8 behaviour points and 1 detentions, all for the same three things. 100.0% attendance and always on time. Home is in a house with a converted loft room with mum, dad and grandad. The commute in is two buses and it shows in the punctuality data. Big into skateboarding."
HAR1321,Junaid Alam,M,8,8E,Beam,Mrs A. Rahman,2014-07-10,12.1,British Bangladeshi,Bengali,No,Yes,SEN Support (K),"SLCN - Speech, Language & Communication",5.3,10y 6m,History,Maths,95.0,1,26,2,0,ok,False,False,"Junaid Alam has SLCN - Speech, Language & Communication and does far better with structure, warning of changes and a bit of patience. Reports are consistent: strong in History, weak in Maths, average grade 5.3. 26 points logged - low-level stuff: chatting, out of seat, phone on the desk. Attendance 95.0%. The only absences are medical and always covered by a note. Lives with mum and a disabled younger brother in temporary accommodation. Older siblings came through Harford as well and staff remember the surname. Known across the year for K-pop. Working with the school counsellor weekly."
HAR1322,Rabeya Karim,F,8,8E,Beam,Mrs A. Rahman,2014-08-18,12.0,British Bangladeshi,Bengali,Yes - developing,Yes,None,,2.4,9y 10m,Science,Maths,90.7,7,14,1,0,ok,False,False,"Rabeya Karim is one of the lowest attainers in Year 8 and the department has run out of easy ideas. Average working grade 2.4. Science is well above the rest; Maths is dragging the profile down. Reading age of 9y 10m against a chronological age of 12y 0m, which is the root of most of it. 14 behaviour points and 1 detentions, all for the same three things. Attendance has slipped to 90.7% and there's a pattern of Monday mornings. At home it's mum and a disabled younger brother, in a terraced house shared with an aunt's family. Obsessed with Chelsea to the point of doing homework about it unprompted."
HAR1323,Afia Mensah,F,8,8E,Beam,Mrs A. Rahman,2013-11-21,12.8,Black African (Ghanaian),Twi,No,No,None,,4.2,12y 2m,History,Maths,99.3,4,1,1,0,good,False,False,"Afia Mensah is a solid, steady student who does what's asked and not a great deal more. Reports are consistent: strong in History, weak in Maths, average grade 4.2. Nothing on the behaviour log worth reading - 1 points total. Attendance 99.3% - never an issue. Lives with foster carers in a house with a converted loft room. Money is tight and everyone in the house knows it. Runs Eco Club and takes it more seriously than most of the staff do. Reduced timetable agreed with parents until Christmas."
HAR1324,Femi Adebayo,M,8,8E,Beam,Mrs A. Rahman,2013-09-23,12.9,Black African (Nigerian),Igbo,Yes - developing,Yes,None,,2.8,9y 11m,Maths,English,98.3,4,27,1,0,ok,False,False,"Femi Adebayo can do the work when someone sits with him, and almost never does it when nobody does. Sits on grade 2.8 overall. Teachers in Maths rate him highly, staff in English much less so. Reading age 9y 11m - well below his actual age of 12y 11m - so he can't access half the exam papers unaided. 27 behaviour points, mostly talking, phones and being late to period one. Attendance 98.3% - never an issue. At home it's an uncle who is also his named carer, in a one-bed with the living room as a bedroom. Older siblings came through Harford as well and staff remember the surname. Would rather be at athletics than in any lesson and says so openly. Referred to the borough's youth violence reduction team after being robbed for his phone on the way home."
HAR1325,Ahmed Ibrahim,M,8,8E,Beam,Mrs A. Rahman,2014-06-02,12.2,Black African (Somali),Somali,Yes - fluent,Yes,None,,6.3,11y 10m,Computing,Food Technology,100.0,4,8,1,0,good,False,False,"Ahmed Ibrahim is the definition of middle of the road - never in trouble, never top of the class. Average of 6.3 across the board, with a big spread between Computing and Food Technology. Nothing on the behaviour log worth reading - 8 points total. Attendance 100.0% - never an issue. Lives on the Plaistow side with dad and stepmum. Money is tight and everyone in the house knows it. One of the leaders in reading buddies; it's the one place he's consistently brilliant."
HAR1326,Khanh Nguyen,M,8,8E,Beam,Mrs A. Rahman,2014-05-01,12.3,Asian Other (Vietnamese),Vietnamese,No,No,None,,2.3,9y 6m,RE,English,87.3,18,134,20,1,poor,True,False,"Khanh Nguyen runs the room if you let him, and most supply teachers let him. Currently 2.3 on average - on target in RE, a full two grades off in English. 134 points and 20 detentions. Walked out of Maths shouting ""this lesson is dead"" and slammed the door hard enough to crack the glass. Attendance 87.3% and falling. Weeks go by where nobody sees him. Home is in a terraced house shared with an aunt's family with both parents and twin sisters. Older siblings came through Harford as well and staff remember the surname. One of the leaders in photography club; it's the one place he's consistently brilliant."
HAR1327,Maryam Sheikh,F,8,8E,Beam,Mrs A. Rahman,2014-08-26,12.0,British Pakistani,Urdu,Yes - fluent,No,None,,4.9,11y 1m,Music,Maths,96.3,3,10,3,0,ok,False,False,"Maryam Sheikh is quiet to the point of being invisible in some lessons and staff have to make an effort to notice her. Working at grade 4.9 on average, with Music the clear strength and Maths the obvious weak spot. 10 behaviour points and 3 detentions, all for the same three things. 96.3% attendance and always on time. Home is in a flat with a lift that never works with both parents and twin sisters. Older siblings came through Harford as well and staff remember the surname. Would rather be at school production than in any lesson and says so openly."
HAR1328,Sahra Aden,F,8,8E,Beam,Mrs A. Rahman,2014-05-05,12.3,Black African (Somali),Somali,Yes - developing,Yes,None,,6.4,13y 4m,English,Maths,95.3,1,3,0,0,good,False,False,"Sahra Aden sits mid-table across the board and is happy there, which frustrates her tutor. Average working grade 6.4. English is well above the rest; Maths is dragging the profile down. 3 behaviour points, which for this school is nothing at all. Attendance 95.3%. The only absences are medical and always covered by a note. Lives on the Manor Park end with aunt and uncle and five cousins. Housing changed twice in the last two years and you can see it in the exercise books. Big into skateboarding."
HAR1329,Nhung Vu,F,8,8E,Beam,Mrs A. Rahman,2014-07-20,12.1,Asian Other (Vietnamese),Vietnamese,Yes - fluent,No,None,,4.6,11y 2m,English,Food Technology,94.2,2,0,1,0,good,False,False,"Nhung Vu sits mid-table across the board and is happy there, which frustrates her tutor. Reports are consistent: strong in English, weak in Food Technology, average grade 4.6. Nothing on the behaviour log worth reading - 0 points total. Attendance has slipped to 94.2% and there's a pattern of Monday mornings. Lives on the estate off Barking Road with mum and a disabled younger brother. Goes to Eco Club every week without fail. Referred to the borough's youth violence reduction team after being robbed for her phone on the way home."
HAR1330,Bailey Fletcher,M,8,8E,Beam,Mrs A. Rahman,2013-09-04,13.0,White British,English,No,Yes,None,,5.4,11y 11m,RE,Science,100.0,1,27,3,0,ok,False,False,"Bailey Fletcher is the definition of middle of the road - never in trouble, never top of the class. Sits on grade 5.4 overall. Teachers in RE rate him highly, staff in Science much less so. 27 points logged - low-level stuff: chatting, out of seat, phone on the desk. Attendance sits at 100.0% with no unauthorised absence. Home is in temporary accommodation with dad, who works two jobs. Goes to cheerleading every week without fail. Recently bereaved - lost his grandfather last year and it shows."
HAR1331,Israt Kabir,F,8,8F,Rom,Mr G. Talbot,2014-02-16,12.5,British Bangladeshi,Sylheti,Yes - fluent,Yes,None,,3.3,10y 9m,Maths,Science,93.4,4,8,3,0,ok,False,False,"Israt Kabir struggles across almost every subject and has more or less stopped pretending otherwise. Average working grade 3.3. Maths is well above the rest; Science is dragging the profile down. 8 points. Nothing serious, but the pattern is talking over staff and refusing to move seats. Attendance 93.4%, which the year team are keeping an eye on. At home it's mum, dad and four siblings, in a flat with a lift that never works. English isn't the main language at home, so letters get read by an older sibling. Runs coding club and takes it more seriously than most of the staff do."
HAR1332,Ruksana Talukder,F,8,8F,Rom,Mr G. Talbot,2013-12-01,12.8,British Bangladeshi,Sylheti,No,Yes,None,,5.1,12y 1m,French,Science,98.2,4,6,1,0,good,False,False,"Ruksana Talukder is quiet to the point of being invisible in some lessons and staff have to make an effort to notice her. Average of 5.1 across the board, with a big spread between French and Science. Behaviour record is spotless: 6 points on the system all year. Attendance sits at 98.2% with no unauthorised absence. Lives on the Chrisp Street area with both parents and twin sisters, in a two-bed flat. Quietly good at 3D printing, which nobody at school knew until Year 9."
HAR1333,Prashant Bhatt,M,8,8F,Rom,Mr G. Talbot,2014-06-22,12.2,British Indian,Hindi,No,No,EHCP,"SLCN - Speech, Language & Communication",1.0,6y 9m,Science,Maths,96.1,4,170,14,1,poor,False,False,"Prashant Bhatt has SLCN - Speech, Language & Communication and works with the SEN team most weeks. Average working grade 1.0. Science is well above the rest; Maths is dragging the profile down. 170 points and 14 detentions. Screamed ""I don't give a shit"" across a full canteen and was removed for the afternoon. 96.1% attendance and always on time. At home it's an uncle who is also his named carer, in temporary accommodation. Nobody at home has the confidence to challenge the school, which staff are conscious of. Would rather be at basketball than in any lesson and says so openly. EHCP names 8 hours of TA support a week and access arrangements for exams."
HAR1334,Kiran Bashir,F,8,8F,Rom,Mr G. Talbot,2014-01-23,12.6,British Pakistani,Punjabi,No,Yes,None,,4.0,11y 7m,Computing,English,76.8,18,133,24,1,poor,True,False,"Kiran Bashir has a temper that goes from nought to shouting in about four seconds. Sits on grade 4.0 overall. Teachers in Computing rate her highly, staff in English much less so. 133 behaviour points and 1 suspension. Refuses to accept a sanction from anyone she hasn't decided she likes. 76.8% attendance. The school has issued a formal warning and a penalty notice is on the table. Lives with an older sister who does most of the parenting in a flat with a lift that never works. Obsessed with skateboarding to the point of doing homework about it unprompted. Working with the school counsellor weekly."
HAR1335,Danish Nawaz,M,8,8F,Rom,Mr G. Talbot,2014-02-08,12.6,British Pakistani,Urdu,Yes - fluent,No,None,,5.7,11y 7m,Maths,English,94.7,1,9,2,0,ok,False,False,"Danish Nawaz is the definition of middle of the road - never in trouble, never top of the class. Average of 5.7 across the board, with a big spread between Maths and English. 9 behaviour points, mostly talking, phones and being late to period one. 94.7% attendance - enough to trigger a letter home but not a fine. Lives in a two-bed flat with grandmother as main carer. It's a full house and a quiet space to do homework doesn't really exist. Quietly good at Arsenal, which nobody at school knew until Year 9."
HAR1336,Danny Kemp,M,8,8F,Rom,Mr G. Talbot,2014-03-08,12.5,White British,English,No,Yes,EHCP,MLD - Moderate Learning Difficulty,2.7,8y 9m,English,Maths,94.7,3,93,5,0,mixed,False,False,"Danny Kemp is on the SEND register for MLD - Moderate Learning Difficulty and has a one-page profile all staff are meant to have read. Average working grade 2.7. English is well above the rest; Maths is dragging the profile down. Reading age 8y 9m - well below his actual age of 12y 5m - so he can't access half the exam papers unaided. 93 behaviour points, mostly talking, phones and being late to period one. 94.7% attendance - enough to trigger a letter home but not a fine. At home it's grandmother as main carer, in a flat with a lift that never works. Nobody at home has the confidence to challenge the school, which staff are conscious of. Would rather be at gospel choir than in any lesson and says so openly. EHCP names 8 hours of TA support a week and access arrangements for exams."
HAR1337,Junaid Aktar,M,8,8F,Rom,Mr G. Talbot,2014-08-02,12.1,British Bangladeshi,Bengali,Yes - fluent,Yes,None,,5.1,10y 10m,Science,Geography,93.0,0,93,13,0,mixed,False,False,"Junaid Aktar is quiet to the point of being invisible in some lessons and staff have to make an effort to notice him. Science is his best subject by a distance. Geography is the one his tutor has to chase every report. 93 behaviour points, mostly talking, phones and being late to period one. 93.0% attendance - enough to trigger a letter home but not a fine. Lives in a terraced house shared with an aunt's family with foster carers. The commute in is two buses and it shows in the punctuality data. Goes to young carers group every week without fail."
HAR1338,Jubayer Mia,M,8,8F,Rom,Mr G. Talbot,2014-06-07,12.2,British Bangladeshi,Sylheti,Yes - developing,No,None,,2.9,9y 9m,French,English,93.5,0,40,5,0,mixed,False,False,"Jubayer Mia can do the work when someone sits with him, and almost never does it when nobody does. French is his best subject by a distance. English is the one his tutor has to chase every report. 40 behaviour points and 5 detentions, all for the same three things. 93.5% attendance - enough to trigger a letter home but not a fine. Lives on the new blocks by the canal with an uncle who is also his named carer, in temporary accommodation. Known across the year for 3D printing."
HAR1339,Archie Nash,M,8,8F,Rom,Mr G. Talbot,2013-09-03,13.0,White British,English,No,No,None,,5.9,13y 7m,PE,Spanish,98.5,4,17,3,0,ok,False,False,"Archie Nash is the definition of middle of the road - never in trouble, never top of the class. Reports are consistent: strong in PE, weak in Spanish, average grade 5.9. 17 points. Nothing serious, but the pattern is talking over staff and refusing to move seats. Attendance 98.5%. The only absences are medical and always covered by a note. Lives with dad, who works two jobs in a terraced house shared with an aunt's family. Nobody at home has the confidence to challenge the school, which staff are conscious of. One of the leaders in coding club; it's the one place he's consistently brilliant. Looked-after child, placed with foster carers in the borough since Year 8."
HAR1340,Rakib Mia,M,8,8F,Rom,Mr G. Talbot,2014-01-09,12.6,British Bangladeshi,Sylheti,Yes - developing,No,None,,4.0,11y 2m,Food Technology,RE,100.0,3,55,4,0,mixed,False,False,"Rakib Mia sits mid-table across the board and is happy there, which frustrates his tutor. Average working grade 4.0. Food Technology is well above the rest; RE is dragging the profile down. 55 behaviour points and 4 detentions, all for the same three things. Attendance sits at 100.0% with no unauthorised absence. Home is in a one-bed with the living room as a bedroom with dad and stepmum. Parents' evening attendance is patchy, and it's shift work rather than a lack of interest. Would rather be at LGBTQ+ alliance than in any lesson and says so openly."
HAR1341,Amna Sheikh,F,8,8F,Rom,Mr G. Talbot,2013-12-18,12.7,British Pakistani,Urdu,Yes - developing,Yes,None,,4.7,11y 2m,Computing,English,85.9,13,49,4,1,mixed,True,False,"Amna Sheikh sits mid-table across the board and is happy there, which frustrates her tutor. Working at grade 4.7 on average, with Computing the clear strength and English the obvious weak spot. 49 points logged - low-level stuff: chatting, out of seat, phone on the desk. Attendance 85.9%. Two attendance meetings held, one missed by the family. Home is in a council flat on the fourth floor with both parents and an older brother. English isn't the main language at home, so letters get read by an older sibling. Talks about karate constantly, in and out of lesson."
HAR1342,Ardit Rexhepi,M,8,8F,Rom,Mr G. Talbot,2013-09-23,12.9,White Other (Albanian),Albanian,Yes - developing,No,None,,4.4,11y 6m,PE,English,96.4,1,6,0,0,good,False,False,"Ardit Rexhepi is a solid, steady student who does what's asked and not a great deal more. Average of 4.4 across the board, with a big spread between PE and English. 6 behaviour points, which for this school is nothing at all. Attendance 96.4%. The only absences are medical and always covered by a note. Home is in a two-bed flat with mum only. Older siblings came through Harford as well and staff remember the surname. Big into FIFA and Call of Duty."
HAR1343,Cristian Ionescu,M,8,8F,Rom,Mr G. Talbot,2014-07-18,12.1,White Other (Romanian),Romani,Yes - developing,No,None,,4.4,10y 11m,English,Maths,97.7,0,7,0,0,good,False,False,"Cristian Ionescu is pleasant, chatty and easily distracted, but the work gets done in the end. Working at grade 4.4 on average, with English the clear strength and Maths the obvious weak spot. 7 behaviour points and no detentions. Staff use him as the example. 97.7% attendance and always on time. Lives on the Bow Common side with dad and stepmum, in a maisonette off the high street. Housing changed twice in the last two years and you can see it in the exercise books. Big into Tottenham. Reduced timetable agreed with parents until Christmas."
HAR1344,Aminul Islam,M,8,8F,Rom,Mr G. Talbot,2013-12-19,12.7,British Bangladeshi,Bengali,Yes - fluent,No,None,,3.9,10y 10m,RE,Science,100.0,1,2,0,0,good,False,False,"Aminul Islam is a solid, steady student who does what's asked and not a great deal more. Average working grade 3.9. RE is well above the rest; Science is dragging the profile down. Behaviour record is spotless: 2 points on the system all year. Attendance 100.0% - never an issue. Lives in temporary accommodation with mum and three younger siblings. Spends every break on streaming on Twitch."
HAR1345,Elif Arslan,F,8,8F,Rom,Mr G. Talbot,2014-02-07,12.6,White Other (Turkish / Kurdish),Turkish,No,No,None,,4.3,11y 11m,PE,English,82.7,16,3,0,0,good,True,False,"Elif Arslan is reliable in lessons she likes and drifts badly in the ones she doesn't. Average of 4.3 across the board, with a big spread between PE and English. Behaviour record is spotless: 3 points on the system all year. Attendance 82.7%. Two attendance meetings held, one missed by the family. Lives above a shop on the parade with an uncle who is also her named carer. Would rather be at debate club than in any lesson and says so openly."
HAR1346,Nyla Roberts,F,8,8F,Rom,Mr G. Talbot,2013-11-20,12.8,Black Caribbean / Mixed Black Caribbean,Jamaican Patois,No,No,None,,5.1,12y 6m,RE,History,90.2,16,97,30,2,poor,False,False,"Nyla Roberts is well known to every member of staff in the building, and not for the right reasons. Average of 5.1 across the board, with a big spread between RE and History. 97 points, 30 detentions. Told her Head of Year, word for word, that the school could ""do one"" - then apologised properly the next day, which is the frustrating bit. Attendance 90.2%, which the year team are keeping an eye on. Lives with both parents and an older brother in temporary accommodation. Supportive at home, but stretched thin. Would rather be at chess club than in any lesson and says so openly. On the school's Prevent-adjacent watch list only for online content shared in a group chat; resolved, no further concern."
HAR1347,Ryan Rowe,M,8,8F,Rom,Mr G. Talbot,2014-06-21,12.2,White British,English,No,No,SEN Support (K),ASD - Autism Spectrum Condition,2.6,9y 4m,English,Science,92.7,1,161,33,0,poor,False,False,"Ryan Rowe is bright enough to be doing well and chooses, daily, not to. Reports are consistent: strong in English, weak in Science, average grade 2.6. 161 behaviour points, 0 suspensions, and a permanent exclusion narrowly avoided after an incident with a vape and a fire alarm. Attendance has slipped to 92.7% and there's a pattern of Monday mornings. Lives on the Plaistow side with both parents and an older brother. Housing changed twice in the last two years and you can see it in the exercise books. One of the leaders in dance troupe; it's the one place he's consistently brilliant."
HAR1348,Kishan Kandasamy,M,8,8F,Rom,Mr G. Talbot,2014-02-11,12.6,Asian Other (Sri Lankan Tamil),Tamil,Yes - fluent,Yes,None,,4.9,12y 1m,English,Science,94.9,3,28,1,0,ok,False,False,"Kishan Kandasamy is a solid, steady student who does what's asked and not a great deal more. Average working grade 4.9. English is well above the rest; Science is dragging the profile down. 28 points logged - low-level stuff: chatting, out of seat, phone on the desk. Attendance 94.9%, which the year team are keeping an eye on. Lives on the Beckton end with foster carers. Older siblings came through Harford as well and staff remember the surname. Big into anime."
HAR1349,Ashraful Islam,M,8,8F,Rom,Mr G. Talbot,2013-11-14,12.8,British Bangladeshi,Bengali,Yes - new to English,Yes,SEN Support (K),ADHD (SEMH/medical),4.6,9y 11m,Geography,English,79.3,12,214,24,0,poor,True,False,"Ashraful Islam is a new-to-English arrival who is far cleverer than his written work can show yet. Sits on grade 4.6 overall. Teachers in Geography rate him highly, staff in English much less so. 214 behaviour points, 24 detentions, 0 suspensions - the worst being a fight in the DT corridor that took three staff to break up. Attendance 79.3% - persistently absent and now with the Education Welfare Officer. Home is in temporary accommodation with mum and three younger siblings. English isn't the main language at home, so letters get read by an older sibling. Known across the year for anime. Referred to CAMHS, still on the waiting list."
HAR1350,Hassan Aden,M,8,8F,Rom,Mr G. Talbot,2014-07-17,12.1,Black African (Somali),Somali,Yes - fluent,No,None,,3.0,9y 7m,Food Technology,Design & Technology,94.6,1,14,3,0,ok,False,False,"Hassan Aden can do the work when someone sits with him, and almost never does it when nobody does. Reports are consistent: strong in Food Technology, weak in Design & Technology, average grade 3.0. Literacy is the bottleneck: reading age 9y 7m and handwriting that he's embarrassed about. 14 points logged - low-level stuff: chatting, out of seat, phone on the desk. Attendance 94.6%, which the year team are keeping an eye on. Lives on the Plaistow side with mum and three younger siblings, in a maisonette off the high street. It's a full house and a quiet space to do homework doesn't really exist. Quietly good at K-pop, which nobody at school knew until Year 9. Referred to CAMHS, still on the waiting list."
HAR1351,Fjolla Krasniqi,F,8,8F,Rom,Mr G. Talbot,2014-07-02,12.2,White Other (Albanian),Albanian,Yes - fluent,No,None,,5.0,11y 5m,Science,Maths,99.3,2,27,2,0,ok,False,False,"Fjolla Krasniqi is a grafter. Nothing comes easily but she keeps showing up and keeps trying. Working at grade 5.0 on average, with Science the clear strength and Maths the obvious weak spot. 27 points. Nothing serious, but the pattern is talking over staff and refusing to move seats. Attendance sits at 99.3% with no unauthorised absence. At home it's mum, stepdad and a new baby, in a two-bed flat. Quietly good at BMX, which nobody at school knew until Year 9."
HAR1352,Melike Demir,F,8,8F,Rom,Mr G. Talbot,2013-12-23,12.7,White Other (Turkish / Kurdish),Kurdish (Kurmanji),No,No,None,,3.2,10y 3m,Science,RE,93.9,3,44,10,0,mixed,False,False,"Melike Demir has decided school isn't for her and spends most lessons proving it. Sits on grade 3.2 overall. Teachers in Science rate her highly, staff in RE much less so. Literacy is the bottleneck: reading age 10y 3m and handwriting that she's embarrassed about. 44 points logged - low-level stuff: chatting, out of seat, phone on the desk. Attendance 93.9%, which the year team are keeping an eye on. Lives in a house with a converted loft room with mum, dad and grandad. Nobody at home has the confidence to challenge the school, which staff are conscious of. Obsessed with BMX to the point of doing homework about it unprompted."
HAR1353,Abdul Kabir,M,8,8F,Rom,Mr G. Talbot,2014-07-04,12.2,British Bangladeshi,Bengali,Yes - fluent,No,None,,4.3,10y 3m,English,Music,96.1,0,63,5,0,mixed,False,False,"Abdul Kabir is quiet to the point of being invisible in some lessons and staff have to make an effort to notice him. Working at grade 4.3 on average, with English the clear strength and Music the obvious weak spot. 63 points logged - low-level stuff: chatting, out of seat, phone on the desk. Attendance 96.1% - never an issue. Lives on the Manor Park end with mum and a disabled younger brother. Older siblings came through Harford as well and staff remember the surname. Would rather be at Eco Club than in any lesson and says so openly."
HAR1354,Sabina Talukder,F,8,8F,Rom,Mr G. Talbot,2014-02-25,12.5,British Bangladeshi,Sylheti,Yes - developing,No,None,,3.2,10y 2m,Drama,Design & Technology,96.3,2,4,0,0,good,False,False,"Sabina Talukder has decided school isn't for her and spends most lessons proving it. Drama is her best subject by a distance. Design & Technology is the one her tutor has to chase every report. Literacy is the bottleneck: reading age 10y 2m and handwriting that she's embarrassed about. 4 behaviour points, which for this school is nothing at all. 96.3% attendance and always on time. Lives in a house with a converted loft room with mum only. Older siblings came through Harford as well and staff remember the surname. Obsessed with Millwall to the point of doing homework about it unprompted."
HAR1355,Ayomide Uzoma,M,8,8F,Rom,Mr G. Talbot,2014-05-19,12.3,Black African (Nigerian),Yoruba,No,No,None,,3.5,9y 8m,Science,English,93.5,1,16,4,0,ok,False,False,"Ayomide Uzoma sits mid-table across the board and is happy there, which frustrates his tutor. Working at grade 3.5 on average, with Science the clear strength and English the obvious weak spot. Reading age 9y 8m - well below his actual age of 12y 3m - so he can't access half the exam papers unaided. 16 points. Nothing serious, but the pattern is talking over staff and refusing to move seats. Attendance 93.5%. Punctuality is the bigger problem: 1 lates this term. Home is above a shop on the parade with dad, who works two jobs. The family are on the phone to the office constantly - engaged, if a bit much. Big into anime."
HAR1356,Leanne Whelan,F,8,8F,Rom,Mr G. Talbot,2014-05-01,12.3,White British,English,No,No,None,,1.2,8y 6m,English,Maths,85.0,19,167,19,1,poor,True,False,"Leanne Whelan runs the room if you let her, and most supply teachers let her. English is her best subject by a distance. Maths is the one her tutor has to chase every report. Reading age assessed at 8y 6m. Everything else follows from that. 167 points and 19 detentions. Screamed ""I don't give a shit"" across a full canteen and was removed for the afternoon. Attendance 85.0% - persistently absent and now with the Education Welfare Officer. Lives on the Beckton end with both parents, both working in the family business. Obsessed with Afrobeats to the point of doing homework about it unprompted. On a pastoral support plan after a difficult autumn term."
HAR1357,Sagal Diriye,F,8,8F,Rom,Mr G. Talbot,2014-02-26,12.5,Black African (Somali),Somali,Yes - fluent,No,None,,4.3,11y 3m,Maths,Design & Technology,91.1,12,24,1,0,ok,False,False,"Sagal Diriye is a grafter. Nothing comes easily but she keeps showing up and keeps trying. Average working grade 4.3. Maths is well above the rest; Design & Technology is dragging the profile down. 24 behaviour points, mostly talking, phones and being late to period one. Attendance 91.1%, which the year team are keeping an eye on. Lives on the Carpenters Estate with dad, who works two jobs, in a house with a converted loft room. Supportive at home, but stretched thin. Spends every break on baking."
HAR1358,Chloe Hendricks,F,8,8F,Rom,Mr G. Talbot,2013-10-13,12.9,White British,English,No,Yes,None,,5.5,12y 4m,English,Maths,95.4,2,58,11,0,mixed,False,False,"Chloe Hendricks is a decent worker who gets by on effort more than natural ability. Working at grade 5.5 on average, with English the clear strength and Maths the obvious weak spot. 58 points logged - low-level stuff: chatting, out of seat, phone on the desk. Attendance 95.4% - never an issue. Lives with both parents and twin sisters in a flat with a lift that never works. The commute in is two buses and it shows in the punctuality data. Quietly good at cars and car spotting, which nobody at school knew until Year 9."
HAR1359,Muna Ali,F,8,8F,Rom,Mr G. Talbot,2014-03-22,12.4,Black African (Somali),Somali,No,No,SEN Support (K),"SEMH - Social, Emotional & Mental Health",1.2,6y 11m,English,Maths,87.0,5,218,24,1,poor,True,False,"Muna Ali has SEMH - Social, Emotional & Mental Health, which shapes how she copes with a full timetable in a building this loud. English is her best subject by a distance. Maths is the one her tutor has to chase every report. 218 points and 24 detentions. Screamed ""I don't give a shit"" across a full canteen and was removed for the afternoon. Attendance 87.0%. Two attendance meetings held, one missed by the family. Lives in temporary accommodation with both parents and twin sisters. English isn't the main language at home, so letters get read by an older sibling. Runs Duke of Edinburgh Bronze and takes it more seriously than most of the staff do."
HAR1360,Mizanur Karim,M,8,8F,Rom,Mr G. Talbot,2014-02-10,12.6,British Bangladeshi,Bengali,No,Yes,None,,6.9,14y 0m,English,Maths,97.9,3,5,1,0,good,False,False,"Mizanur Karim reads well above his age and has an answer for everything, usually the right one. Reports are consistent: strong in English, weak in Maths, average grade 6.9. 5 behaviour points and no detentions. Staff use him as the example. Attendance sits at 97.9% with no unauthorised absence. Lives on the Manor Park end with mum, stepdad and a new baby, in a maisonette off the high street. It's a full house and a quiet space to do homework doesn't really exist. Goes to Eco Club every week without fail."
HAR1361,Miguel Rodrigues,M,9,9A,Lea,Ms C. Bright,2012-10-15,13.9,White Other (Portuguese / Brazilian),Portuguese,Yes - fluent,No,None,,4.0,11y 11m,English,History,85.2,7,8,1,0,good,True,False,"Miguel Rodrigues is quiet to the point of being invisible in some lessons and staff have to make an effort to notice him. Reports are consistent: strong in English, weak in History, average grade 4.0. 8 behaviour points, which for this school is nothing at all. Attendance 85.2% and falling. Weeks go by where nobody sees him. Lives in a house with a converted loft room with both parents, both working in the family business. English isn't the main language at home, so letters get read by an older sibling. Runs school production and takes it more seriously than most of the staff do."
HAR1362,Oskar Kaminski,M,9,9A,Lea,Ms C. Bright,2013-05-27,13.3,White Other (Polish),Polish,Yes - fluent,No,None,,8.4,14y 4m,Drama,English,91.3,5,9,4,0,ok,False,False,"Oskar Kaminski is one of those students who makes a lesson easier just by being in it. Average working grade 8.4. Drama is well above the rest; English is dragging the profile down. 9 behaviour points, mostly talking, phones and being late to period one. 91.3% attendance - enough to trigger a letter home but not a fine. At home it's mum and a disabled younger brother, in a maisonette off the high street. English isn't the main language at home, so letters get read by an older sibling. Would rather be at basketball than in any lesson and says so openly."
HAR1363,Tia Wright,F,9,9A,Lea,Ms C. Bright,2013-06-25,13.2,White British,English,No,No,None,,2.3,11y 2m,Science,English,99.3,3,55,8,0,mixed,False,False,"Tia Wright has decided school isn't for her and spends most lessons proving it. Science is her best subject by a distance. English is the one her tutor has to chase every report. Reading age of 11y 2m against a chronological age of 13y 2m, which is the root of most of it. 55 points logged - low-level stuff: chatting, out of seat, phone on the desk. Attendance 99.3% - never an issue. Home is in a flat with a lift that never works with dad, who works two jobs. Supportive at home, but stretched thin. Big into BMX."
HAR1364,Segun Fashola,M,9,9A,Lea,Ms C. Bright,2012-11-10,13.8,Black African (Nigerian),Igbo,Yes - fluent,No,None,,6.9,13y 8m,Music,English,95.9,1,54,13,0,mixed,False,False,"Segun Fashola is one of the strongest students in Year 9, and staff talk about him as a genuine top-set kid. Sits on grade 6.9 overall. Teachers in Music rate him highly, staff in English much less so. 54 points. Nothing serious, but the pattern is talking over staff and refusing to move seats. 95.9% attendance and always on time. Home is in temporary accommodation with both parents, both working in the family business. Talks about customising trainers constantly, in and out of lesson."
HAR1365,Simone Roberts,F,9,9A,Lea,Ms C. Bright,2012-11-14,13.8,Black Caribbean / Mixed Black Caribbean,Jamaican Patois,No,Yes,None,,4.1,12y 1m,Music,Spanish,87.9,14,8,0,0,good,True,False,"Simone Roberts is reliable in lessons she likes and drifts badly in the ones she doesn't. Currently 4.1 on average - on target in Music, a full two grades off in Spanish. Behaviour record is spotless: 8 points on the system all year. Attendance 87.9%. Two attendance meetings held, one missed by the family. Lives on the estate off Barking Road with dad, who works two jobs, in a house with a converted loft room. Obsessed with baking to the point of doing homework about it unprompted."
HAR1366,Summer Fletcher,F,9,9A,Lea,Ms C. Bright,2012-09-10,14.0,White British,English,No,Yes,SEN Support (K),SpLD - Dyslexia,6.4,12y 8m,English,PE,100.0,1,0,0,0,good,False,False,"Summer Fletcher is a decent worker who gets by on effort more than natural ability. Average of 6.4 across the board, with a big spread between English and PE. 0 points logged, every one of them for uniform or equipment rather than conduct. 100.0% attendance and always on time. Lives in a maisonette off the high street with mum, dad and grandad. Housing changed twice in the last two years and you can see it in the exercise books. Obsessed with producing beats on FL Studio to the point of doing homework about it unprompted."
HAR1367,Nusrat Sultana,F,9,9A,Lea,Ms C. Bright,2013-02-10,13.6,British Bangladeshi,Sylheti,Yes - developing,Yes,None,,1.0,9y 2m,History,English,79.0,15,134,25,1,poor,True,False,"Nusrat Sultana is funny, sharp and absolutely exhausting to teach. Sits on grade 1.0 overall. Teachers in History rate her highly, staff in English much less so. Literacy is the bottleneck: reading age 9y 2m and handwriting that she's embarrassed about. 134 behaviour points and 25 detentions. Told a cover teacher to ""fuck off"" in March and got two days internal. 79.0% attendance. The school has issued a formal warning and a penalty notice is on the table. Lives on the towers on Devons Road with dad, who works two jobs. Talks about football stats and fantasy leagues constantly, in and out of lesson."
HAR1368,Mateusz Zielinski,M,9,9A,Lea,Ms C. Bright,2013-06-20,13.2,White Other (Polish),Polish,Yes - fluent,No,None,,5.7,13y 5m,Maths,Music,91.6,14,28,1,0,ok,False,False,"Mateusz Zielinski is pleasant, chatty and easily distracted, but the work gets done in the end. Currently 5.7 on average - on target in Maths, a full two grades off in Music. 28 points logged - low-level stuff: chatting, out of seat, phone on the desk. Attendance 91.6%, which the year team are keeping an eye on. Home is in a two-bed flat with an older sister who does most of the parenting. Goes to Eco Club every week without fail."
HAR1369,Kerem Celik,M,9,9A,Lea,Ms C. Bright,2013-06-06,13.2,White Other (Turkish / Kurdish),Kurdish (Kurmanji),Yes - new to English,No,SEN Support (K),"SEMH - Social, Emotional & Mental Health",5.6,10y 3m,Computing,English,95.9,2,131,40,2,poor,False,False,"Kerem Celik speaks Kurdish (Kurmanji) at home and is at the stage where he understands nearly everything and says almost nothing. Average working grade 5.6. Computing is well above the rest; English is dragging the profile down. 131 behaviour points, 40 detentions, 2 suspensions - the worst being a fight in the DT corridor that took three staff to break up. 95.9% attendance and always on time. Lives in a house with a converted loft room with mum, dad and four siblings. Obsessed with skateboarding to the point of doing homework about it unprompted."
HAR1370,Kerem Sahin,M,9,9A,Lea,Ms C. Bright,2013-04-06,13.4,White Other (Turkish / Kurdish),Kurdish (Kurmanji),No,Yes,None,,7.5,14y 3m,English,Science,91.0,13,1,0,0,good,False,False,"Kerem Sahin reads well above his age and has an answer for everything, usually the right one. Working at grade 7.5 on average, with English the clear strength and Science the obvious weak spot. Nothing on the behaviour log worth reading - 1 points total. Attendance has slipped to 91.0% and there's a pattern of Monday mornings. Lives in a terraced house shared with an aunt's family with mum, dad and grandad. The family are on the phone to the office constantly - engaged, if a bit much. Quietly good at 3D printing, which nobody at school knew until Year 9."
HAR1371,Aminul Miah,M,9,9A,Lea,Ms C. Bright,2012-09-26,13.9,British Bangladeshi,Bengali,No,Yes,None,,5.2,13y 2m,Maths,Science,92.9,1,7,0,0,good,False,False,"Aminul Miah is the definition of middle of the road - never in trouble, never top of the class. Average working grade 5.2. Maths is well above the rest; Science is dragging the profile down. Behaviour record is spotless: 7 points on the system all year. Attendance has slipped to 92.9% and there's a pattern of Monday mornings. Lives in a council flat on the fourth floor with both parents and an older brother. Parents' evening attendance is patchy, and it's shift work rather than a lack of interest. Known across the year for Roblox and Minecraft."
HAR1372,Areeba Zaman,F,9,9A,Lea,Ms C. Bright,2013-08-25,13.0,British Pakistani,Punjabi,Yes - new to English,No,None,,2.2,9y 9m,Art,French,85.8,13,222,38,1,poor,True,False,"Areeba Zaman joined Harford only in January with almost no English and has come a long way, fast. Reports are consistent: strong in Art, weak in French, average grade 2.2. 222 points and 38 detentions. Walked out of Maths shouting ""this lesson is dead"" and slammed the door hard enough to crack the glass. Attendance 85.8% - persistently absent and now with the Education Welfare Officer. At home it's grandmother as main carer, in temporary accommodation. Big into hairdressing."
HAR1373,Afsana Miah,F,9,9A,Lea,Ms C. Bright,2012-11-28,13.8,British Bangladeshi,Bengali,No,No,None,,5.9,13y 0m,Computing,Maths,93.1,1,0,0,0,good,False,False,"Afsana Miah is pleasant, chatty and easily distracted, but the work gets done in the end. Average working grade 5.9. Computing is well above the rest; Maths is dragging the profile down. Nothing on the behaviour log worth reading - 0 points total. Attendance 93.1%. Punctuality is the bigger problem: 1 lates this term. Home is in a house with a converted loft room with aunt and uncle and five cousins. Whoever's home in the morning is doing four school runs, so she's largely left to sort herself out. Runs coding club and takes it more seriously than most of the staff do."
HAR1374,Rahim Ahmed,M,9,9A,Lea,Ms C. Bright,2013-06-05,13.2,British Bangladeshi,Bengali,Yes - fluent,No,None,,2.5,11y 5m,French,Computing,93.5,4,13,3,0,ok,False,False,"Rahim Ahmed is one of the lowest attainers in Year 9 and the department has run out of easy ideas. Working at grade 2.5 on average, with French the clear strength and Computing the obvious weak spot. Literacy is the bottleneck: reading age 11y 5m and handwriting that he's embarrassed about. 13 points logged - low-level stuff: chatting, out of seat, phone on the desk. Attendance 93.5%. Punctuality is the bigger problem: 4 lates this term. Lives on the Aldgate side of the borough with aunt and uncle and five cousins. Whoever's home in the morning is doing four school runs, so he's largely left to sort himself out. Talks about K-pop constantly, in and out of lesson. Referred to the borough's youth violence reduction team after being robbed for his phone on the way home."
HAR1375,Adebayo Chukwu,M,9,9A,Lea,Ms C. Bright,2013-06-21,13.2,Black African (Nigerian),Edo,Yes - developing,No,None,,4.2,12y 1m,Geography,Science,92.5,3,3,0,0,good,False,False,"Adebayo Chukwu is a solid, steady student who does what's asked and not a great deal more. Currently 4.2 on average - on target in Geography, a full two grades off in Science. 3 points logged, every one of them for uniform or equipment rather than conduct. Attendance 92.5%. Punctuality is the bigger problem: 3 lates this term. Lives on the estate off Barking Road with dad, who works two jobs, in a maisonette off the high street. Supportive at home, but stretched thin. Known across the year for TikTok edits."
HAR1376,Hamza Aslam,M,9,9A,Lea,Ms C. Bright,2013-02-23,13.5,British Pakistani,Punjabi,Yes - developing,No,EHCP,ASD - Autism Spectrum Condition,4.6,12y 1m,Maths,Geography,89.8,8,180,33,1,poor,True,False,"Hamza Aslam has ASD - Autism Spectrum Condition and works with the SEN team most weeks. Average of 4.6 across the board, with a big spread between Maths and Geography. 180 points, 33 detentions and 1 fixed-term suspension. Last one was for calling a member of SLT a bitch in front of a Year 7 class. 89.8% attendance - enough to trigger a letter home but not a fine. Home is in a council flat on the fourth floor with both parents and an older brother. Whoever's home in the morning is doing four school runs, so he's largely left to sort himself out. Runs LGBTQ+ alliance and takes it more seriously than most of the staff do. EHCP names 20 hours of TA support a week and access arrangements for exams."
HAR1377,Yusuf Kilic,M,9,9A,Lea,Ms C. Bright,2012-12-12,13.7,White Other (Turkish / Kurdish),Turkish,Yes - fluent,Yes,None,,8.3,15y 1m,Science,Geography,93.0,0,12,3,0,ok,False,False,"Yusuf Kilic sits near the front, works from the second the bell goes, and rarely needs telling twice. Average working grade 8.3. Science is well above the rest; Geography is dragging the profile down. 12 behaviour points and 3 detentions, all for the same three things. Attendance 93.0%. Punctuality is the bigger problem: 0 lates this term. Home is in a council flat on the fourth floor with both parents, both working in the family business. It's a full house and a quiet space to do homework doesn't really exist. Talks about anime constantly, in and out of lesson."
HAR1378,Nikita Mallory,F,9,9A,Lea,Ms C. Bright,2013-04-23,13.4,White British,English,No,Yes,None,,4.9,11y 10m,Design & Technology,Drama,97.5,0,2,0,0,good,False,False,"Nikita Mallory is a decent worker who gets by on effort more than natural ability. Average working grade 4.9. Design & Technology is well above the rest; Drama is dragging the profile down. Nothing on the behaviour log worth reading - 2 points total. Attendance 97.5%. The only absences are medical and always covered by a note. Lives on the Manor Park end with grandmother as main carer. English isn't the main language at home, so letters get read by an older sibling. Spends every break on Leyton Orient."
HAR1379,Ayse Sahin,F,9,9A,Lea,Ms C. Bright,2013-06-10,13.2,White Other (Turkish / Kurdish),Zazaki,No,Yes,SEN Support (K),SpLD - Dyscalculia,3.0,8y 9m,PE,Maths,91.2,10,108,27,0,poor,False,False,"Ayse Sahin has SpLD - Dyscalculia, which shapes how she copes with a full timetable in a building this loud. Reports are consistent: strong in PE, weak in Maths, average grade 3.0. Reading age 8y 9m - well below her actual age of 13y 2m - so she can't access half the exam papers unaided. 108 points and 27 detentions. Screamed ""I don't give a shit"" across a full canteen and was removed for the afternoon. 91.2% attendance - enough to trigger a letter home but not a fine. Lives in a terraced house shared with an aunt's family with mum only. Quietly good at dog walking for money, which nobody at school knew until Year 9. Managed move in from another East London secondary at the start of Year 9."
HAR1380,Naima Yusuf,F,9,9A,Lea,Ms C. Bright,2012-12-20,13.7,Black African (Somali),Somali,Yes - developing,Yes,SEN Support (K),"SEMH - Social, Emotional & Mental Health",1.2,10y 1m,Food Technology,English,73.6,9,82,9,1,mixed,True,False,"Naima Yusuf has SEMH - Social, Emotional & Mental Health, which shapes how she copes with a full timetable in a building this loud. Sits on grade 1.2 overall. Teachers in Food Technology rate her highly, staff in English much less so. Reading age 10y 1m - well below her actual age of 13y 8m - so she can't access half the exam papers unaided. 82 points logged - low-level stuff: chatting, out of seat, phone on the desk. Attendance 73.6% - persistently absent and now with the Education Welfare Officer. Lives on the houses off Green Street with foster carers, in a maisonette off the high street. It's a full house and a quiet space to do homework doesn't really exist. Obsessed with K-pop to the point of doing homework about it unprompted. Free school meals and school-funded uniform; family declined a food bank referral."
HAR1381,Anish Gill,M,9,9A,Lea,Ms C. Bright,2013-06-06,13.2,British Indian,Malayalam,Yes - developing,No,None,,3.6,11y 11m,Maths,Science,50.2,21,2,1,0,good,True,True,"Anish Gill finds school genuinely hard to be in, and some days he doesn't make it past the front gate. Currently 3.6 on average - on target in Maths, a full two grades off in Science. 2 behaviour points, which for this school is nothing at all. Attendance 50.2% and falling. Weeks go by where nobody sees him. Lives with mum, stepdad and a new baby above a shop on the parade. Parents' evening attendance is patchy, and it's shift work rather than a lack of interest. Would rather be at STEM club than in any lesson and says so openly."
HAR1382,Kamrul Choudhury,M,9,9A,Lea,Ms C. Bright,2013-06-04,13.2,British Bangladeshi,Sylheti,Yes - fluent,Yes,None,,5.8,12y 4m,Maths,Science,86.1,14,6,0,0,good,True,False,"Kamrul Choudhury is a decent worker who gets by on effort more than natural ability. Working at grade 5.8 on average, with Maths the clear strength and Science the obvious weak spot. Behaviour record is spotless: 6 points on the system all year. Attendance 86.1%. Two attendance meetings held, one missed by the family. Lives on the new blocks by the canal with mum and a disabled younger brother. Goes to Duke of Edinburgh Bronze every week without fail."
HAR1383,Amara Reid,F,9,9A,Lea,Ms C. Bright,2012-10-06,13.9,Black Caribbean / Mixed Black Caribbean,English,No,No,None,,3.5,11y 11m,Geography,Science,100.0,4,7,0,0,good,False,False,"Amara Reid is the definition of middle of the road - never in trouble, never top of the class. Sits on grade 3.5 overall. Teachers in Geography rate her highly, staff in Science much less so. Reading age 11y 11m - well below her actual age of 13y 10m - so she can't access half the exam papers unaided. 7 behaviour points and no detentions. Staff use her as the example. Attendance 100.0% - never an issue. At home it's both parents and twin sisters, in temporary accommodation. Older siblings came through Harford as well and staff remember the surname. Quietly good at Leyton Orient, which nobody at school knew until Year 9."
HAR1384,Hassan Ibrahim,M,9,9A,Lea,Ms C. Bright,2013-05-13,13.3,Black African (Somali),Somali,Yes - fluent,Yes,None,,6.1,14y 2m,Science,Geography,90.2,10,21,4,0,ok,False,False,"Hassan Ibrahim is the definition of middle of the road - never in trouble, never top of the class. Average working grade 6.1. Science is well above the rest; Geography is dragging the profile down. 21 behaviour points, mostly talking, phones and being late to period one. Attendance has slipped to 90.2% and there's a pattern of Monday mornings. Lives with grandmother as main carer in a house with a converted loft room. Money is tight and everyone in the house knows it. One of the leaders in STEM club; it's the one place he's consistently brilliant."
HAR1385,Nasteho Hersi,F,9,9A,Lea,Ms C. Bright,2013-03-02,13.5,Black African (Somali),Somali,Yes - fluent,No,EHCP,SpLD - Dyslexia,5.8,12y 6m,RE,English,93.0,3,20,3,0,ok,False,False,"Nasteho Hersi has SpLD - Dyslexia and does far better with structure, warning of changes and a bit of patience. Reports are consistent: strong in RE, weak in English, average grade 5.8. 20 behaviour points, mostly talking, phones and being late to period one. 93.0% attendance - enough to trigger a letter home but not a fine. Lives on the flats behind the Roman Road with both parents, both working in the family business, above a shop on the parade. Housing changed twice in the last two years and you can see it in the exercise books. Known across the year for Arsenal. EHCP names 15 hours of TA support a week and access arrangements for exams."
HAR1386,Rico Grant,M,9,9A,Lea,Ms C. Bright,2013-02-08,13.6,Black Caribbean / Mixed Black Caribbean,English,No,No,SEN Support (K),ADHD (SEMH/medical),5.6,12y 3m,Drama,English,78.1,14,160,36,1,poor,True,False,"Rico Grant is bright enough to be doing well and chooses, daily, not to. Working at grade 5.6 on average, with Drama the clear strength and English the obvious weak spot. 160 behaviour points, 1 suspension, and a permanent exclusion narrowly avoided after an incident with a vape and a fire alarm. Attendance 78.1%. Two attendance meetings held, one missed by the family. Lives with mum and her partner in a house with a converted loft room. Spends every break on drill and UK rap."
HAR1387,Tiago Costa,M,9,9A,Lea,Ms C. Bright,2013-05-08,13.3,White Other (Portuguese / Brazilian),Portuguese,Yes - developing,Yes,SEN Support (K),"SEMH - Social, Emotional & Mental Health",3.5,9y 7m,English,Science,85.9,5,209,35,2,poor,True,False,"Tiago Costa is on the SEND register for SEMH - Social, Emotional & Mental Health and has a one-page profile all staff are meant to have read. Currently 3.5 on average - on target in English, a full two grades off in Science. Reading age 9y 7m - well below his actual age of 13y 3m - so he can't access half the exam papers unaided. 209 behaviour points, 2 suspensions, and a permanent exclusion narrowly avoided after an incident with a vape and a fire alarm. Attendance 85.9%. Two attendance meetings held, one missed by the family. Home is in a council flat on the fourth floor with mum, dad and grandad. Parents' evening attendance is patchy, and it's shift work rather than a lack of interest. Goes to gym club every week without fail. Young carer - registered with the borough."
HAR1388,Mohamed Nur,M,9,9A,Lea,Ms C. Bright,2013-01-02,13.7,Black African (Somali),Somali,Yes - fluent,Yes,None,,5.0,12y 3m,Science,Maths,80.7,12,128,14,1,poor,True,False,"Mohamed Nur is funny, sharp and absolutely exhausting to teach. Average of 5.0 across the board, with a big spread between Science and Maths. 128 behaviour points, 1 suspension, and a permanent exclusion narrowly avoided after an incident with a vape and a fire alarm. Attendance 80.7% - persistently absent and now with the Education Welfare Officer. Lives in a flat with a lift that never works with mum only. Obsessed with cricket to the point of doing homework about it unprompted. Off-site alternative provision two days a week."
HAR1389,Ionut Munteanu,M,9,9A,Lea,Ms C. Bright,2013-08-09,13.1,White Other (Romanian),Romani,No,Yes,None,,2.6,10y 4m,Music,English,91.7,19,29,3,0,ok,False,False,"Ionut Munteanu is significantly behind where he should be and the gap is widening every term. Working at grade 2.6 on average, with Music the clear strength and English the obvious weak spot. Reading age assessed at 10y 4m. Everything else follows from that. 29 points. Nothing serious, but the pattern is talking over staff and refusing to move seats. 91.7% attendance - enough to trigger a letter home but not a fine. Lives on the Manor Park end with dad, who works two jobs. Parents' evening attendance is patchy, and it's shift work rather than a lack of interest. One of the leaders in STEM club; it's the one place he's consistently brilliant. Mentored by the school's attendance and inclusion lead."
HAR1390,Ieva Jankauskas,F,9,9A,Lea,Ms C. Bright,2013-04-19,13.4,White Other (Lithuanian),Lithuanian,Yes - new to English,Yes,None,,2.4,11y 1m,Maths,Science,97.2,3,60,8,0,mixed,False,False,"Ieva Jankauskas is a new-to-English arrival who is far cleverer than her written work can show yet. Working at grade 2.4 on average, with Maths the clear strength and Science the obvious weak spot. Reading age 11y 1m - well below her actual age of 13y 4m - so she can't access half the exam papers unaided. 60 behaviour points and 8 detentions, all for the same three things. 97.2% attendance and always on time. Lives on the houses off Green Street with mum and a disabled younger brother. The commute in is two buses and it shows in the punctuality data. Talks about drawing manga constantly, in and out of lesson. Young carer - registered with the borough."
HAR1391,Samiha Ali,F,9,9B,Roding,Mr S. Kowalczyk,2013-07-24,13.1,British Bangladeshi,Sylheti,Yes - fluent,Yes,None,,3.0,11y 5m,Design & Technology,Drama,89.5,4,175,25,0,poor,True,False,"Samiha Ali does not walk away from anything, which is most of the problem. Working at grade 3.0 on average, with Design & Technology the clear strength and Drama the obvious weak spot. 175 behaviour points, 25 detentions, 0 suspensions - the worst being a fight in the DT corridor that took three staff to break up. Attendance 89.5%. Punctuality is the bigger problem: 4 lates this term. Lives in a council flat on the fourth floor with mum, dad and four siblings. Money is tight and everyone in the house knows it. Quietly good at 3D printing, which nobody at school knew until Year 9."
HAR1392,Hina Akhtar,F,9,9B,Roding,Mr S. Kowalczyk,2013-07-11,13.1,British Pakistani,Pashto,Yes - fluent,Yes,None,,5.3,13y 3m,Maths,English,92.7,3,72,10,0,mixed,False,False,"Hina Akhtar is a solid, steady student who does what's asked and not a great deal more. Average of 5.3 across the board, with a big spread between Maths and English. 72 points. Nothing serious, but the pattern is talking over staff and refusing to move seats. Attendance has slipped to 92.7% and there's a pattern of Monday mornings. Home is in a one-bed with the living room as a bedroom with aunt and uncle and five cousins. Parents' evening attendance is patchy, and it's shift work rather than a lack of interest. Would rather be at choir than in any lesson and says so openly. Reduced timetable agreed with parents until Christmas."
HAR1393,Wiktoria Kowalski,F,9,9B,Roding,Mr S. Kowalczyk,2013-02-01,13.6,White Other (Polish),Polish,No,No,None,,6.2,13y 9m,Food Technology,English,97.6,1,17,3,0,ok,False,False,"Wiktoria Kowalski is a solid, steady student who does what's asked and not a great deal more. Working at grade 6.2 on average, with Food Technology the clear strength and English the obvious weak spot. 17 behaviour points, mostly talking, phones and being late to period one. Attendance sits at 97.6% with no unauthorised absence. Lives with an older sister who does most of the parenting in temporary accommodation. Parents' evening attendance is patchy, and it's shift work rather than a lack of interest. Known across the year for football stats and fantasy leagues."
HAR1394,Frankie Hollis,F,9,9B,Roding,Mr S. Kowalczyk,2013-01-28,13.6,White British,English,No,No,None,,4.3,12y 3m,Science,History,95.3,1,19,2,0,ok,False,False,"Frankie Hollis is a decent worker who gets by on effort more than natural ability. Average working grade 4.3. Science is well above the rest; History is dragging the profile down. 19 behaviour points, mostly talking, phones and being late to period one. 95.3% attendance and always on time. Lives in a flat with a lift that never works with mum and her partner. Nobody at home has the confidence to challenge the school, which staff are conscious of. Talks about West Ham constantly, in and out of lesson."
HAR1395,Callum Crabtree,M,9,9B,Roding,Mr S. Kowalczyk,2013-08-03,13.1,White British,English,No,Yes,None,,2.9,10y 11m,English,Maths,94.0,3,82,7,0,mixed,False,False,"Callum Crabtree struggles across almost every subject and has more or less stopped pretending otherwise. Average working grade 2.9. English is well above the rest; Maths is dragging the profile down. Literacy is the bottleneck: reading age 10y 11m and handwriting that he's embarrassed about. 82 behaviour points, mostly talking, phones and being late to period one. Attendance 94.0%. Punctuality is the bigger problem: 3 lates this term. Home is in a maisonette off the high street with mum and her partner. It's a full house and a quiet space to do homework doesn't really exist. Known across the year for drill and UK rap. On the school's Prevent-adjacent watch list only for online content shared in a group chat; resolved, no further concern."
HAR1396,Sophie Mallory,F,9,9B,Roding,Mr S. Kowalczyk,2012-11-02,13.8,White British,English,No,Yes,None,,4.9,13y 9m,Computing,Science,92.2,3,65,10,0,mixed,False,False,"Sophie Mallory is the definition of middle of the road - never in trouble, never top of the class. Sits on grade 4.9 overall. Teachers in Computing rate her highly, staff in Science much less so. 65 behaviour points and 10 detentions, all for the same three things. Attendance has slipped to 92.2% and there's a pattern of Monday mornings. Lives on the houses off Green Street with mum, stepdad and a new baby, above a shop on the parade. It's a full house and a quiet space to do homework doesn't really exist. Talks about hairdressing constantly, in and out of lesson."
HAR1397,Selam Mengistu,F,9,9B,Roding,Mr S. Kowalczyk,2012-11-13,13.8,Black African (Horn of Africa),Amharic,No,Yes,SEN Support (K),MLD - Moderate Learning Difficulty,4.7,11y 5m,English,Geography,99.5,0,11,4,0,ok,False,False,"Selam Mengistu has MLD - Moderate Learning Difficulty and works with the SEN team most weeks. Average of 4.7 across the board, with a big spread between English and Geography. 11 points logged - low-level stuff: chatting, out of seat, phone on the desk. Attendance sits at 99.5% with no unauthorised absence. Home is in a one-bed with the living room as a bedroom with mum, stepdad and a new baby. The family are on the phone to the office constantly - engaged, if a bit much. Quietly good at cars and car spotting, which nobody at school knew until Year 9."
HAR1398,Simone Clarke,F,9,9B,Roding,Mr S. Kowalczyk,2012-09-24,13.9,Black Caribbean / Mixed Black Caribbean,English,No,Yes,SEN Support (K),SpLD - Dyslexia,1.4,9y 3m,English,Science,90.5,4,92,8,0,mixed,False,False,"Simone Clarke has SpLD - Dyslexia and does far better with structure, warning of changes and a bit of patience. English is her best subject by a distance. Science is the one her tutor has to chase every report. Reading age assessed at 9y 3m. Everything else follows from that. 92 behaviour points, mostly talking, phones and being late to period one. 90.5% attendance - enough to trigger a letter home but not a fine. Home is in a flat with a lift that never works with mum and her partner. Supportive at home, but stretched thin. Spends every break on MMA."
HAR1399,Rania Nasser,F,9,9B,Roding,Mr S. Kowalczyk,2013-07-18,13.1,Arab,Arabic (Moroccan),Yes - fluent,Yes,None,,7.1,14y 6m,Spanish,French,97.0,4,94,8,0,mixed,False,False,"Rania Nasser has been on the gifted and talented register since Year 7 and has never dropped off it. Sits on grade 7.1 overall. Teachers in Spanish rate her highly, staff in French much less so. 94 behaviour points and 8 detentions, all for the same three things. 97.0% attendance and always on time. At home it's mum, stepdad and a new baby, in a flat with a lift that never works. Older siblings came through Harford as well and staff remember the surname. Talks about karate constantly, in and out of lesson."
HAR1400,Amber Wright,F,9,9B,Roding,Mr S. Kowalczyk,2012-11-07,13.8,White British,English,No,No,None,,3.6,12y 4m,English,Science,98.9,4,14,3,0,ok,False,False,"Amber Wright sits mid-table across the board and is happy there, which frustrates her tutor. Average of 3.6 across the board, with a big spread between English and Science. 14 behaviour points, mostly talking, phones and being late to period one. Attendance sits at 98.9% with no unauthorised absence. Lives on the houses off Green Street with an older sister who does most of the parenting. Runs debate club and takes it more seriously than most of the staff do. Managed move in from another East London secondary at the start of Year 9."
HAR1401,Ellie Fletcher,F,9,9B,Roding,Mr S. Kowalczyk,2012-12-11,13.7,White British,English,No,No,SEN Support (K),MLD - Moderate Learning Difficulty,4.5,11y 11m,Science,Computing,89.1,4,107,19,0,poor,True,False,"Ellie Fletcher has MLD - Moderate Learning Difficulty, which shapes how she copes with a full timetable in a building this loud. Science is her best subject by a distance. Computing is the one her tutor has to chase every report. 107 points, 19 detentions. Told her Head of Year, word for word, that the school could ""do one"" - then apologised properly the next day, which is the frustrating bit. Attendance has slipped to 89.1% and there's a pattern of Monday mornings. Lives on the flats behind the Roman Road with foster carers, in a two-bed flat. Quietly good at pigeons, which nobody at school knew until Year 9."
HAR1402,Katie Hendricks,F,9,9B,Roding,Mr S. Kowalczyk,2013-06-12,13.2,White British,English,No,Yes,EHCP,SpLD - Dyscalculia,1.0,8y 4m,History,English,91.3,13,18,3,0,ok,False,False,"Katie Hendricks has SpLD - Dyscalculia and does far better with structure, warning of changes and a bit of patience. Average working grade 1.0. History is well above the rest; English is dragging the profile down. Reading age of 8y 4m against a chronological age of 13y 2m, which is the root of most of it. 18 behaviour points, mostly talking, phones and being late to period one. Attendance 91.3%. Punctuality is the bigger problem: 13 lates this term. Lives with mum, dad and grandad in a terraced house shared with an aunt's family. Known across the year for cricket. Looked-after child, placed with foster carers in the borough since Year 8. EHCP names 25 hours of TA support a week and access arrangements for exams."
HAR1403,Rifat Choudhury,M,9,9B,Roding,Mr S. Kowalczyk,2013-02-02,13.6,British Bangladeshi,Bengali,No,No,None,,3.5,11y 4m,English,Maths,100.0,1,20,1,0,ok,False,False,"Rifat Choudhury is a grafter. Nothing comes easily but he keeps showing up and keeps trying. Working at grade 3.5 on average, with English the clear strength and Maths the obvious weak spot. Literacy is the bottleneck: reading age 11y 4m and handwriting that he's embarrassed about. 20 behaviour points, mostly talking, phones and being late to period one. Attendance 100.0% - never an issue. Lives on the new blocks by the canal with aunt and uncle and five cousins, in a two-bed flat. Housing changed twice in the last two years and you can see it in the exercise books. Quietly good at drawing manga, which nobody at school knew until Year 9."
HAR1404,Gabriel Radu,M,9,9B,Roding,Mr S. Kowalczyk,2013-02-28,13.5,White Other (Romanian),Romanian,Yes - fluent,Yes,SEN Support (K),"SEMH - Social, Emotional & Mental Health",8.8,14y 4m,Maths,PE,91.6,10,203,14,0,poor,False,False,"Gabriel Radu has SEMH - Social, Emotional & Mental Health and does far better with structure, warning of changes and a bit of patience. Working at grade 8.8 on average, with Maths the clear strength and PE the obvious weak spot. 203 points, 14 detentions. Told his Head of Year, word for word, that the school could ""do one"" - then apologised properly the next day, which is the frustrating bit. Attendance has slipped to 91.6% and there's a pattern of Monday mornings. Home is in a terraced house shared with an aunt's family with mum only. English isn't the main language at home, so letters get read by an older sibling. Spends every break on MMA. Managed move in from another East London secondary at the start of Year 9."
HAR1405,Nyla Bennett,F,9,9B,Roding,Mr S. Kowalczyk,2013-08-19,13.0,Black Caribbean / Mixed Black Caribbean,Jamaican Patois,No,Yes,None,,7.3,14y 4m,English,Design & Technology,100.0,3,29,2,0,ok,False,False,"Nyla Bennett is quietly brilliant - the sort of student who hands work in early and then asks for more. Currently 7.3 on average - on target in English, a full two grades off in Design & Technology. 29 points logged - low-level stuff: chatting, out of seat, phone on the desk. Attendance 100.0%. The only absences are medical and always covered by a note. Lives on the Aldgate side of the borough with both parents and twin sisters, in a two-bed flat. Big into FIFA and Call of Duty."
HAR1406,Anum Nawaz,F,9,9B,Roding,Mr S. Kowalczyk,2013-02-20,13.5,British Pakistani,Urdu,Yes - fluent,Yes,None,,2.8,11y 8m,Maths,English,67.5,20,26,4,0,ok,True,True,"Anum Nawaz is anxious, capable and constantly convinced she's failing when she isn't. Currently 2.8 on average - on target in Maths, a full two grades off in English. Literacy is the bottleneck: reading age 11y 8m and handwriting that she's embarrassed about. 26 behaviour points, mostly talking, phones and being late to period one. 67.5% attendance. The school has issued a formal warning and a penalty notice is on the table. Lives on the Aldgate side of the borough with grandmother as main carer, in a maisonette off the high street. Older siblings came through Harford as well and staff remember the surname. Spends every break on West Ham. Referred to the borough's youth violence reduction team after being robbed for her phone on the way home."
HAR1407,Abdi Samatar,M,9,9B,Roding,Mr S. Kowalczyk,2013-08-24,13.0,Black African (Somali),Somali,Yes - fluent,No,None,,7.1,14y 5m,English,RE,89.7,22,6,1,0,good,True,False,"Abdi Samatar is one of those students who makes a lesson easier just by being in it. Average of 7.1 across the board, with a big spread between English and RE. 6 behaviour points, which for this school is nothing at all. 89.7% attendance - enough to trigger a letter home but not a fine. Lives on the Plaistow side with mum and three younger siblings, in a house with a converted loft room. Housing changed twice in the last two years and you can see it in the exercise books. Obsessed with fishing on the Lea to the point of doing homework about it unprompted."
HAR1408,Nasteho Mohamud,F,9,9B,Roding,Mr S. Kowalczyk,2012-09-04,14.0,Black African (Somali),Somali,No,No,None,,3.5,11y 4m,Maths,English,92.4,4,53,10,0,mixed,False,False,"Nasteho Mohamud is a solid, steady student who does what's asked and not a great deal more. Maths is her best subject by a distance. English is the one her tutor has to chase every report. Reading age 11y 4m - well below her actual age of 13y 11m - so she can't access half the exam papers unaided. 53 points logged - low-level stuff: chatting, out of seat, phone on the desk. Attendance has slipped to 92.4% and there's a pattern of Monday mornings. Lives on the Plaistow side with grandmother as main carer, in temporary accommodation. Runs choir and takes it more seriously than most of the staff do."
HAR1409,Waqar Raja,M,9,9B,Roding,Mr S. Kowalczyk,2012-12-15,13.7,British Pakistani,Urdu,Yes - fluent,No,None,,6.5,14y 9m,Spanish,Maths,87.3,11,119,16,1,poor,True,False,"Waqar Raja is funny, sharp and absolutely exhausting to teach. Currently 6.5 on average - on target in Spanish, a full two grades off in Maths. 119 behaviour points and 1 suspension. Refuses to accept a sanction from anyone he hasn't decided he likes. Attendance 87.3% - persistently absent and now with the Education Welfare Officer. Lives in a maisonette off the high street with dad and stepmum. Obsessed with streaming on Twitch to the point of doing homework about it unprompted. On the school's Prevent-adjacent watch list only for online content shared in a group chat; resolved, no further concern."
HAR1410,Hasibur Talukder,M,9,9B,Roding,Mr S. Kowalczyk,2013-05-23,13.3,British Bangladeshi,Bengali,Yes - fluent,No,None,,7.5,15y 1m,Science,English,96.9,1,1,0,0,good,False,False,"Hasibur Talukder is bright, organised and slightly obsessive about his grades, which is both a strength and a problem. Average of 7.5 across the board, with a big spread between Science and English. Behaviour record is spotless: 1 points on the system all year. Attendance 96.9%. The only absences are medical and always covered by a note. Lives on the Manor Park end with mum and three younger siblings, in temporary accommodation. Supportive at home, but stretched thin. Would rather be at boxercise than in any lesson and says so openly."
HAR1411,Millie Vine,F,9,9B,Roding,Mr S. Kowalczyk,2013-06-04,13.2,White British,English,No,Yes,None,,2.1,10y 9m,English,Maths,99.3,3,186,24,2,poor,False,False,"Millie Vine is well known to every member of staff in the building, and not for the right reasons. Working at grade 2.1 on average, with English the clear strength and Maths the obvious weak spot. Reading age of 10y 9m against a chronological age of 13y 2m, which is the root of most of it. 186 points and 24 detentions. Walked out of Maths shouting ""this lesson is dead"" and slammed the door hard enough to crack the glass. Attendance 99.3%. The only absences are medical and always covered by a note. Lives on the Plaistow side with an uncle who is also her named carer, in a one-bed with the living room as a bedroom. It's a full house and a quiet space to do homework doesn't really exist. Quietly good at fishing on the Lea, which nobody at school knew until Year 9."
HAR1412,Chloe Rowe,F,9,9B,Roding,Mr S. Kowalczyk,2013-01-25,13.6,White British,English,No,Yes,None,,4.0,11y 5m,Art,Food Technology,100.0,0,18,2,0,ok,False,False,"Chloe Rowe is pleasant, chatty and easily distracted, but the work gets done in the end. Currently 4.0 on average - on target in Art, a full two grades off in Food Technology. 18 behaviour points, mostly talking, phones and being late to period one. 100.0% attendance and always on time. Lives on the flats behind the Roman Road with mum and three younger siblings, in a council flat on the fourth floor. English isn't the main language at home, so letters get read by an older sibling. Goes to football (girls') every week without fail."
HAR1413,Alfie Doyle,M,9,9B,Roding,Mr S. Kowalczyk,2013-06-08,13.2,White British,English,No,Yes,None,,6.5,12y 11m,French,PE,95.0,0,6,0,0,good,False,False,"Alfie Doyle sits near the front, works from the second the bell goes, and rarely needs telling twice. Average of 6.5 across the board, with a big spread between French and PE. Behaviour record is spotless: 6 points on the system all year. Attendance 95.0% - never an issue. Lives with mum and three younger siblings in a one-bed with the living room as a bedroom. It's a full house and a quiet space to do homework doesn't really exist. Would rather be at music tech club than in any lesson and says so openly."
HAR1414,Muna Gedi,F,9,9B,Roding,Mr S. Kowalczyk,2013-01-01,13.7,Black African (Somali),Somali,No,Yes,None,,5.2,12y 7m,Drama,English,95.8,3,0,1,0,good,False,False,"Muna Gedi is pleasant, chatty and easily distracted, but the work gets done in the end. Currently 5.2 on average - on target in Drama, a full two grades off in English. Behaviour record is spotless: 0 points on the system all year. 95.8% attendance and always on time. Lives with mum, dad and four siblings above a shop on the parade. It's a full house and a quiet space to do homework doesn't really exist. Spends every break on producing beats on FL Studio. Reduced timetable agreed with parents until Christmas."
HAR1415,Anish Mehta,M,9,9B,Roding,Mr S. Kowalczyk,2013-03-21,13.4,British Indian,Hindi,No,No,None,,2.8,10y 0m,English,Design & Technology,96.8,1,29,2,0,ok,False,False,"Anish Mehta struggles across almost every subject and has more or less stopped pretending otherwise. Average of 2.8 across the board, with a big spread between English and Design & Technology. 29 behaviour points, mostly talking, phones and being late to period one. 96.8% attendance and always on time. Lives in a council flat on the fourth floor with both parents and twin sisters. Supportive at home, but stretched thin. Obsessed with customising trainers to the point of doing homework about it unprompted."
HAR1416,Hamza Javed,M,9,9B,Roding,Mr S. Kowalczyk,2013-01-08,13.6,British Pakistani,Pashto,Yes - fluent,No,None,,4.3,12y 9m,Drama,Science,95.6,3,5,1,0,good,False,False,"Hamza Javed is pleasant, chatty and easily distracted, but the work gets done in the end. Average of 4.3 across the board, with a big spread between Drama and Science. 5 behaviour points, which for this school is nothing at all. Attendance 95.6%. The only absences are medical and always covered by a note. Lives on the Plaistow side with aunt and uncle and five cousins. Housing changed twice in the last two years and you can see it in the exercise books. Goes to cricket in the summer term every week without fail."
HAR1417,Charlotte Wright,F,9,9B,Roding,Mr S. Kowalczyk,2012-09-20,13.9,White British,English,No,Yes,None,,3.8,11y 0m,Music,English,92.8,4,71,11,0,mixed,False,False,"Charlotte Wright is a grafter. Nothing comes easily but she keeps showing up and keeps trying. Average working grade 3.8. Music is well above the rest; English is dragging the profile down. Reading age 11y 0m - well below her actual age of 13y 11m - so she can't access half the exam papers unaided. 71 points logged - low-level stuff: chatting, out of seat, phone on the desk. 92.8% attendance - enough to trigger a letter home but not a fine. At home it's dad and stepmum, in a two-bed flat. Spends every break on fixing up mopeds."
HAR1418,Zamzam Ali,F,9,9B,Roding,Mr S. Kowalczyk,2012-11-19,13.8,Black African (Somali),Somali,Yes - developing,No,None,,2.9,10y 11m,Maths,RE,97.4,4,67,7,1,mixed,False,False,"Zamzam Ali has decided school isn't for her and spends most lessons proving it. Average of 2.9 across the board, with a big spread between Maths and RE. 67 points logged - low-level stuff: chatting, out of seat, phone on the desk. Attendance 97.4%. The only absences are medical and always covered by a note. Lives above a shop on the parade with dad and stepmum. Would rather be at robotics club than in any lesson and says so openly."
HAR1419,Alfie Wright,M,9,9B,Roding,Mr S. Kowalczyk,2012-09-06,14.0,White British,English,No,No,None,,3.6,11y 7m,English,Science,94.1,1,62,7,0,mixed,False,False,"Alfie Wright is a grafter. Nothing comes easily but he keeps showing up and keeps trying. English is his best subject by a distance. Science is the one his tutor has to chase every report. Reading age of 11y 7m against a chronological age of 13y 11m, which is the root of most of it. 62 points. Nothing serious, but the pattern is talking over staff and refusing to move seats. Attendance 94.1%. Punctuality is the bigger problem: 1 lates this term. Lives in a terraced house shared with an aunt's family with dad, who works two jobs. Goes to Islamic Society lunchtime prayer every week without fail."
HAR1420,Abdul Begum,M,9,9B,Roding,Mr S. Kowalczyk,2013-01-12,13.6,British Bangladeshi,Bengali,Yes - fluent,Yes,None,,4.0,11y 5m,History,Spanish,96.4,3,88,13,0,mixed,False,False,"Abdul Begum is pleasant, chatty and easily distracted, but the work gets done in the end. Average working grade 4.0. History is well above the rest; Spanish is dragging the profile down. 88 behaviour points and 13 detentions, all for the same three things. 96.4% attendance and always on time. At home it's grandmother as main carer, in a terraced house shared with an aunt's family. Obsessed with graffiti and lettering to the point of doing homework about it unprompted. Reduced timetable agreed with parents until Christmas."
HAR1421,Sadia Rahman,F,9,9C,Channelsea,Mrs D. Osei,2013-01-26,13.6,British Bangladeshi,Sylheti,Yes - fluent,No,None,,8.0,15y 1m,RE,English,96.2,0,5,1,0,good,False,False,Sadia Rahman has been on the gifted and talented register since Year 7 and has never dropped off it. Average working grade 8.0. RE is well above the rest; English is dragging the profile down. 5 behaviour points and no detentions. Staff use her as the example. Attendance 96.2% - never an issue. Lives in a one-bed with the living room as a bedroom with an older sister who does most of the parenting. Big into Afrobeats.
HAR1422,Rezaul Chowdhury,M,9,9C,Channelsea,Mrs D. Osei,2013-05-03,13.3,British Bangladeshi,Bengali,No,No,None,,2.2,10y 7m,Maths,Spanish,97.5,4,55,7,0,mixed,False,False,"Rezaul Chowdhury is significantly behind where he should be and the gap is widening every term. Reports are consistent: strong in Maths, weak in Spanish, average grade 2.2. Reading age of 10y 7m against a chronological age of 13y 3m, which is the root of most of it. 55 points. Nothing serious, but the pattern is talking over staff and refusing to move seats. 97.5% attendance and always on time. Lives with both parents and an older brother in a flat with a lift that never works. The family are on the phone to the office constantly - engaged, if a bit much. Talks about TikTok edits constantly, in and out of lesson."
HAR1423,Ifeoma Adeleke,F,9,9C,Channelsea,Mrs D. Osei,2013-05-04,13.3,Black African (Nigerian),Yoruba,Yes - fluent,Yes,None,,5.9,12y 0m,Maths,Drama,87.5,19,26,3,0,ok,True,False,"Ifeoma Adeleke is pleasant, chatty and easily distracted, but the work gets done in the end. Working at grade 5.9 on average, with Maths the clear strength and Drama the obvious weak spot. 26 behaviour points and 3 detentions, all for the same three things. 87.5% attendance. The school has issued a formal warning and a penalty notice is on the table. Lives on the towers on Devons Road with aunt and uncle and five cousins, above a shop on the parade. Spends every break on anime."
HAR1424,Kieran Sparrow,M,9,9C,Channelsea,Mrs D. Osei,2012-10-22,13.9,White British,English,No,No,None,,9.0,16y 9m,Maths,Design & Technology,87.9,18,10,4,0,ok,True,False,"Kieran Sparrow is bright, organised and slightly obsessive about his grades, which is both a strength and a problem. Sits on grade 9.0 overall. Teachers in Maths rate him highly, staff in Design & Technology much less so. 10 behaviour points, mostly talking, phones and being late to period one. 87.9% attendance. The school has issued a formal warning and a penalty notice is on the table. Lives on the new blocks by the canal with an uncle who is also his named carer. Talks about doing nails and lashes for cousins constantly, in and out of lesson."
HAR1425,Liam Hendricks,M,9,9C,Channelsea,Mrs D. Osei,2013-07-21,13.1,White British,English,No,Yes,None,,5.1,12y 11m,Maths,Science,98.8,0,18,3,0,ok,False,False,"Liam Hendricks is a grafter. Nothing comes easily but he keeps showing up and keeps trying. Average working grade 5.1. Maths is well above the rest; Science is dragging the profile down. 18 points logged - low-level stuff: chatting, out of seat, phone on the desk. Attendance 98.8% - never an issue. Home is in a house with a converted loft room with mum and a disabled younger brother. Runs cheerleading and takes it more seriously than most of the staff do."
HAR1426,Kyle Hendricks,M,9,9C,Channelsea,Mrs D. Osei,2013-01-09,13.6,White British,English,No,No,None,,8.1,15y 4m,Maths,PE,100.0,4,6,1,0,good,False,False,"Kyle Hendricks is quietly brilliant - the sort of student who hands work in early and then asks for more. Currently 8.1 on average - on target in Maths, a full two grades off in PE. 6 behaviour points and no detentions. Staff use him as the example. Attendance sits at 100.0% with no unauthorised absence. Home is in a council flat on the fourth floor with both parents and twin sisters. It's a full house and a quiet space to do homework doesn't really exist. Obsessed with sewing and altering clothes to the point of doing homework about it unprompted. Working with the school counsellor weekly."
HAR1427,Ruksana Rahman,F,9,9C,Channelsea,Mrs D. Osei,2013-01-15,13.6,British Bangladeshi,Sylheti,Yes - developing,No,None,,4.7,12y 11m,Science,Art,96.8,1,64,8,0,mixed,False,False,"Ruksana Rahman is a grafter. Nothing comes easily but she keeps showing up and keeps trying. Average of 4.7 across the board, with a big spread between Science and Art. 64 points. Nothing serious, but the pattern is talking over staff and refusing to move seats. 96.8% attendance and always on time. Lives with dad, who works two jobs in a maisonette off the high street. Big into Chelsea. On the school's Prevent-adjacent watch list only for online content shared in a group chat; resolved, no further concern."
HAR1428,Leanne Tanner,F,9,9C,Channelsea,Mrs D. Osei,2013-06-25,13.2,White British,English,No,No,None,,5.9,13y 5m,History,Art,93.8,3,8,0,0,good,False,False,"Leanne Tanner is a solid, steady student who does what's asked and not a great deal more. Average working grade 5.9. History is well above the rest; Art is dragging the profile down. 8 behaviour points, which for this school is nothing at all. Attendance 93.8%, which the year team are keeping an eye on. At home it's mum, dad and grandad, in a flat with a lift that never works. Whoever's home in the morning is doing four school runs, so she's largely left to sort herself out. Goes to reading buddies every week without fail."
HAR1429,Imtiaz Hussain,M,9,9C,Channelsea,Mrs D. Osei,2013-03-05,13.5,British Bangladeshi,Sylheti,No,Yes,None,,3.2,10y 8m,French,Design & Technology,93.7,2,10,1,0,ok,False,False,"Imtiaz Hussain struggles across almost every subject and has more or less stopped pretending otherwise. Currently 3.2 on average - on target in French, a full two grades off in Design & Technology. Reading age 10y 8m - well below his actual age of 13y 5m - so he can't access half the exam papers unaided. 10 points. Nothing serious, but the pattern is talking over staff and refusing to move seats. 93.7% attendance - enough to trigger a letter home but not a fine. Home is in temporary accommodation with dad, who works two jobs. Nobody at home has the confidence to challenge the school, which staff are conscious of. One of the leaders in music tech club; it's the one place he's consistently brilliant."
HAR1430,Reece Francis,M,9,9C,Channelsea,Mrs D. Osei,2013-05-01,13.3,Black Caribbean / Mixed Black Caribbean,Jamaican Patois,No,Yes,SEN Support (K),Hearing Impairment,7.8,14y 5m,Maths,English,93.7,0,12,4,0,ok,False,False,"Reece Francis has Hearing Impairment and works with the SEN team most weeks. Average of 7.8 across the board, with a big spread between Maths and English. 12 points logged - low-level stuff: chatting, out of seat, phone on the desk. Attendance has slipped to 93.7% and there's a pattern of Monday mornings. Lives in a house with a converted loft room with grandmother as main carer. Whoever's home in the morning is doing four school runs, so he's largely left to sort himself out. Spends every break on chess puzzles."
HAR1431,Praveen Thevarajah,M,9,9C,Channelsea,Mrs D. Osei,2013-01-04,13.7,Asian Other (Sri Lankan Tamil),Tamil,Yes - developing,Yes,None,,1.0,10y 4m,Maths,English,90.0,9,28,1,0,ok,False,False,"Praveen Thevarajah is one of the lowest attainers in Year 9 and the department has run out of easy ideas. Currently 1.0 on average - on target in Maths, a full two grades off in English. Reading age 10y 4m - well below his actual age of 13y 7m - so he can't access half the exam papers unaided. 28 behaviour points, mostly talking, phones and being late to period one. Attendance has slipped to 90.0% and there's a pattern of Monday mornings. Lives on the flats behind the Roman Road with grandmother as main carer. One of the leaders in cheerleading; it's the one place he's consistently brilliant."
HAR1432,Tahmid Talukder,M,9,9C,Channelsea,Mrs D. Osei,2013-03-22,13.4,British Bangladeshi,Sylheti,Yes - new to English,Yes,None,,1.0,9y 0m,English,Maths,93.5,2,233,28,1,poor,False,False,"Tahmid Talukder arrived mid-year from Vietnam and is still finding his feet. Working at grade 1.0 on average, with English the clear strength and Maths the obvious weak spot. Literacy is the bottleneck: reading age 9y 0m and handwriting that he's embarrassed about. 233 behaviour points, 28 detentions, 1 suspension - the worst being a fight in the DT corridor that took three staff to break up. Attendance has slipped to 93.5% and there's a pattern of Monday mornings. Home is in a one-bed with the living room as a bedroom with an older sister who does most of the parenting. Would rather be at football (girls') than in any lesson and says so openly. On the school's Prevent-adjacent watch list only for online content shared in a group chat; resolved, no further concern."
HAR1433,Zakariya Mohamud,M,9,9C,Channelsea,Mrs D. Osei,2013-01-10,13.6,Black African (Somali),Somali,Yes - new to English,Yes,None,,1.0,10y 1m,Spanish,English,88.9,6,169,17,1,poor,True,False,"Zakariya Mohamud speaks Somali at home and is at the stage where he understands nearly everything and says almost nothing. Average working grade 1.0. Spanish is well above the rest; English is dragging the profile down. Reading age assessed at 10y 1m. Everything else follows from that. 169 behaviour points, 17 detentions, 1 suspension - the worst being a fight in the DT corridor that took three staff to break up. Attendance has slipped to 88.9% and there's a pattern of Monday mornings. Lives on the Chrisp Street area with mum, dad and four siblings. Housing changed twice in the last two years and you can see it in the exercise books. Runs debate club and takes it more seriously than most of the staff do. On a pastoral support plan after a difficult autumn term."
HAR1434,Samiha Hussain,F,9,9C,Channelsea,Mrs D. Osei,2013-07-26,13.1,British Bangladeshi,Sylheti,Yes - developing,Yes,SEN Support (K),ASD - Autism Spectrum Condition,1.2,7y 5m,English,Science,88.7,6,173,26,2,poor,True,False,"Samiha Hussain has ASD - Autism Spectrum Condition and does far better with structure, warning of changes and a bit of patience. Working at grade 1.2 on average, with English the clear strength and Science the obvious weak spot. Reading age 7y 5m - well below her actual age of 13y 1m - so she can't access half the exam papers unaided. 173 behaviour points, 2 suspensions, and a permanent exclusion narrowly avoided after an incident with a vape and a fire alarm. Attendance has slipped to 88.7% and there's a pattern of Monday mornings. Lives in a terraced house shared with an aunt's family with both parents and twin sisters. One of the leaders in football (girls'); it's the one place she's consistently brilliant."
HAR1435,Leah Whyte,F,9,9C,Channelsea,Mrs D. Osei,2012-10-13,13.9,Black Caribbean / Mixed Black Caribbean,English,No,No,None,,4.5,12y 6m,Geography,English,87.7,3,97,15,1,poor,True,False,"Leah Whyte runs the room if you let her, and most supply teachers let her. Working at grade 4.5 on average, with Geography the clear strength and English the obvious weak spot. 97 points and 15 detentions. Walked out of Maths shouting ""this lesson is dead"" and slammed the door hard enough to crack the glass. Attendance 87.7% - persistently absent and now with the Education Welfare Officer. At home it's dad, who works two jobs, in a maisonette off the high street. Money is tight and everyone in the house knows it. Known across the year for Arsenal. Young carer - registered with the borough."
HAR1436,Nnamdi Okonkwo,M,9,9C,Channelsea,Mrs D. Osei,2013-08-16,13.0,Black African (Nigerian),Igbo,Yes - new to English,No,None,,4.7,12y 0m,French,English,93.0,1,8,4,0,ok,False,False,"Nnamdi Okonkwo is a new-to-English arrival who is far cleverer than his written work can show yet. Working at grade 4.7 on average, with French the clear strength and English the obvious weak spot. 8 points. Nothing serious, but the pattern is talking over staff and refusing to move seats. Attendance 93.0%. Punctuality is the bigger problem: 1 lates this term. Lives in a council flat on the fourth floor with mum and three younger siblings. Runs choir and takes it more seriously than most of the staff do."
HAR1437,Ozan Celik,M,9,9C,Channelsea,Mrs D. Osei,2013-06-05,13.2,White Other (Turkish / Kurdish),Turkish,Yes - developing,Yes,None,,2.6,10y 5m,Science,Spanish,96.7,0,27,3,0,ok,False,False,"Ozan Celik has decided school isn't for him and spends most lessons proving it. Average of 2.6 across the board, with a big spread between Science and Spanish. Reading age of 10y 5m against a chronological age of 13y 2m, which is the root of most of it. 27 points logged - low-level stuff: chatting, out of seat, phone on the desk. Attendance sits at 96.7% with no unauthorised absence. Lives on the Chrisp Street area with an older sister who does most of the parenting. The family are on the phone to the office constantly - engaged, if a bit much. Obsessed with Millwall to the point of doing homework about it unprompted. On a pastoral support plan after a difficult autumn term."
HAR1438,Mohamed Diriye,M,9,9C,Channelsea,Mrs D. Osei,2013-03-25,13.4,Black African (Somali),Somali,Yes - fluent,Yes,None,,3.8,12y 0m,Science,English,98.9,1,51,6,0,mixed,False,False,"Mohamed Diriye is the definition of middle of the road - never in trouble, never top of the class. Reports are consistent: strong in Science, weak in English, average grade 3.8. 51 behaviour points, mostly talking, phones and being late to period one. Attendance sits at 98.9% with no unauthorised absence. At home it's aunt and uncle and five cousins, in a council flat on the fourth floor. Obsessed with drawing manga to the point of doing homework about it unprompted. Mentored by the school's attendance and inclusion lead."
HAR1439,Bashir Yusuf,M,9,9C,Channelsea,Mrs D. Osei,2013-04-20,13.4,Black African (Somali),Somali,Yes - developing,Yes,None,,3.6,11y 9m,History,Science,89.8,8,227,33,0,poor,True,False,"Bashir Yusuf runs the room if you let him, and most supply teachers let him. Sits on grade 3.6 overall. Teachers in History rate him highly, staff in Science much less so. 227 behaviour points and 0 suspensions. Refuses to accept a sanction from anyone he hasn't decided he likes. Attendance 89.8%. Punctuality is the bigger problem: 8 lates this term. Lives in a two-bed flat with mum, dad and grandad. It's a full house and a quiet space to do homework doesn't really exist. Would rather be at table tennis than in any lesson and says so openly. Off-site alternative provision two days a week."
HAR1440,Ubah Barre,F,9,9C,Channelsea,Mrs D. Osei,2013-01-16,13.6,Black African (Somali),Somali,Yes - developing,Yes,None,,3.0,10y 9m,Spanish,English,96.0,1,19,3,0,ok,False,False,"Ubah Barre can do the work when someone sits with her, and almost never does it when nobody does. Reports are consistent: strong in Spanish, weak in English, average grade 3.0. Literacy is the bottleneck: reading age 10y 9m and handwriting that she's embarrassed about. 19 points logged - low-level stuff: chatting, out of seat, phone on the desk. Attendance 96.0%. The only absences are medical and always covered by a note. Lives in a maisonette off the high street with an uncle who is also her named carer. Whoever's home in the morning is doing four school runs, so she's largely left to sort herself out. Known across the year for Millwall."
HAR1441,Rafael Oliveira,M,9,9C,Channelsea,Mrs D. Osei,2013-03-18,13.5,White Other (Portuguese / Brazilian),Portuguese,No,No,None,,4.8,12y 3m,Science,English,94.4,2,7,0,0,good,False,False,"Rafael Oliveira is the definition of middle of the road - never in trouble, never top of the class. Currently 4.8 on average - on target in Science, a full two grades off in English. 7 behaviour points, which for this school is nothing at all. Attendance 94.4%. Punctuality is the bigger problem: 2 lates this term. At home it's dad, who works two jobs, in a one-bed with the living room as a bedroom. The family are on the phone to the office constantly - engaged, if a bit much. Big into cars and car spotting."
HAR1442,Fatima Uddin,F,9,9C,Channelsea,Mrs D. Osei,2013-07-21,13.1,British Bangladeshi,Sylheti,Yes - developing,Yes,SEN Support (K),ASD - Autism Spectrum Condition,1.2,7y 10m,Science,English,92.4,2,120,24,3,poor,False,False,"Fatima Uddin is bright enough to be doing well and chooses, daily, not to. Sits on grade 1.2 overall. Teachers in Science rate her highly, staff in English much less so. Reading age assessed at 7y 10m. Everything else follows from that. 120 points and 24 detentions. Screamed ""I don't give a shit"" across a full canteen and was removed for the afternoon. Attendance has slipped to 92.4% and there's a pattern of Monday mornings. Lives with dad and stepmum above a shop on the parade. It's a full house and a quiet space to do homework doesn't really exist. Big into karate. Mentored by the school's attendance and inclusion lead."
HAR1443,Jack Fletcher,M,9,9C,Channelsea,Mrs D. Osei,2013-08-17,13.0,White British,English,No,Yes,None,,1.5,10y 0m,Art,English,87.2,14,237,14,2,poor,True,False,"Jack Fletcher is the loudest voice in every corridor between lessons. Working at grade 1.5 on average, with Art the clear strength and English the obvious weak spot. 237 behaviour points and 2 suspensions. Refuses to accept a sanction from anyone he hasn't decided he likes. Attendance 87.2% - persistently absent and now with the Education Welfare Officer. Home is in a two-bed flat with mum only. Talks about FIFA and Call of Duty constantly, in and out of lesson."
HAR1444,Mariana Costa,F,9,9C,Channelsea,Mrs D. Osei,2013-05-06,13.3,White Other (Portuguese / Brazilian),Portuguese,Yes - fluent,Yes,None,,6.1,13y 1m,English,Science,96.3,3,114,28,1,poor,False,False,"Mariana Costa has a temper that goes from nought to shouting in about four seconds. Currently 6.1 on average - on target in English, a full two grades off in Science. 114 behaviour points and 28 detentions. Told a cover teacher to ""fuck off"" in March and got two days internal. Attendance 96.3%. The only absences are medical and always covered by a note. Lives in a two-bed flat with both parents, both working in the family business. The family are on the phone to the office constantly - engaged, if a bit much. Spends every break on FIFA and Call of Duty."
HAR1445,Arif Choudhury,M,9,9C,Channelsea,Mrs D. Osei,2013-02-10,13.6,British Bangladeshi,Bengali,Yes - developing,Yes,None,,3.2,10y 11m,Drama,Maths,70.7,13,0,0,0,good,True,True,"Arif Choudhury finds school genuinely hard to be in, and some days he doesn't make it past the front gate. Reports are consistent: strong in Drama, weak in Maths, average grade 3.2. Reading age of 10y 11m against a chronological age of 13y 6m, which is the root of most of it. Behaviour record is spotless: 0 points on the system all year. Attendance 70.7%. Two attendance meetings held, one missed by the family. Lives in a flat with a lift that never works with both parents, both working in the family business. Talks about fishing on the Lea constantly, in and out of lesson."
HAR1446,Tunde Ibeh,M,9,9C,Channelsea,Mrs D. Osei,2013-06-12,13.2,Black African (Nigerian),Igbo,Yes - fluent,No,None,,8.2,14y 9m,Design & Technology,English,100.0,0,47,6,0,mixed,False,False,"Tunde Ibeh is bright, organised and slightly obsessive about his grades, which is both a strength and a problem. Currently 8.2 on average - on target in Design & Technology, a full two grades off in English. 47 behaviour points, mostly talking, phones and being late to period one. Attendance sits at 100.0% with no unauthorised absence. Lives above a shop on the parade with mum and three younger siblings. One of the leaders in gaming club; it's the one place he's consistently brilliant."
HAR1447,Tsega Mengistu,F,9,9C,Channelsea,Mrs D. Osei,2013-03-20,13.5,Black African (Horn of Africa),Amharic,No,No,None,,2.5,10y 8m,Music,English,86.5,5,115,28,1,poor,True,False,"Tsega Mengistu runs the room if you let her, and most supply teachers let her. Working at grade 2.5 on average, with Music the clear strength and English the obvious weak spot. Reading age assessed at 10y 8m. Everything else follows from that. 115 behaviour points and 1 suspension. Refuses to accept a sanction from anyone she hasn't decided she likes. 86.5% attendance. The school has issued a formal warning and a penalty notice is on the table. Lives on the new blocks by the canal with grandmother as main carer, in a terraced house shared with an aunt's family. Spends every break on drill and UK rap. Reduced timetable agreed with parents until Christmas."
HAR1448,Dev Iyer,M,9,9C,Channelsea,Mrs D. Osei,2012-10-04,13.9,British Indian,Tamil,Yes - new to English,Yes,SEN Support (K),SpLD - Dyslexia,3.0,10y 5m,Maths,English,96.6,1,181,27,3,poor,False,False,"Dev Iyer speaks Tamil at home and is at the stage where he understands nearly everything and says almost nothing. Reports are consistent: strong in Maths, weak in English, average grade 3.0. Reading age assessed at 10y 5m. Everything else follows from that. 181 behaviour points, 27 detentions, 3 suspensions - the worst being a fight in the DT corridor that took three staff to break up. 96.6% attendance and always on time. Lives on the estate off Barking Road with both parents and twin sisters, above a shop on the parade. Would rather be at athletics than in any lesson and says so openly. Working with the school counsellor weekly."
HAR1449,Cristina Popescu,F,9,9C,Channelsea,Mrs D. Osei,2013-07-16,13.1,White Other (Romanian),Romani,Yes - new to English,Yes,None,,3.4,10y 7m,Maths,English,88.8,18,230,27,0,poor,True,False,"Cristina Popescu joined Harford only in January with almost no English and has come a long way, fast. Currently 3.4 on average - on target in Maths, a full two grades off in English. Reading age 10y 7m - well below her actual age of 13y 1m - so she can't access half the exam papers unaided. 230 behaviour points, 27 detentions, 0 suspensions - the worst being a fight in the DT corridor that took three staff to break up. Attendance 88.8%. Punctuality is the bigger problem: 18 lates this term. Lives with both parents and twin sisters in a maisonette off the high street. Supportive at home, but stretched thin. Would rather be at photography club than in any lesson and says so openly. Recently bereaved - lost her grandfather last year and it shows."
HAR1450,Vlad Constantin,M,9,9C,Channelsea,Mrs D. Osei,2012-09-13,14.0,White Other (Romanian),Romani,No,Yes,SEN Support (K),ASD - Autism Spectrum Condition,1.8,10y 8m,Music,English,51.5,3,15,1,0,ok,True,True,"Vlad Constantin finds school genuinely hard to be in, and some days he doesn't make it past the front gate. Reports are consistent: strong in Music, weak in English, average grade 1.8. Reading age 10y 8m - well below his actual age of 13y 11m - so he can't access half the exam papers unaided. 15 behaviour points, mostly talking, phones and being late to period one. 51.5% attendance. The school has issued a formal warning and a penalty notice is on the table. Lives with mum and a disabled younger brother in a house with a converted loft room. English isn't the main language at home, so letters get read by an older sibling. Known across the year for Afrobeats. Child in Need plan open; social worker attends termly."
HAR1451,Farhan Farah,M,9,9D,Ravensbourne,Mr M. Halloran,2013-08-10,13.1,Black African (Somali),Somali,Yes - developing,No,None,,2.3,9y 7m,English,Maths,88.0,18,129,39,0,poor,True,False,"Farhan Farah runs the room if you let him, and most supply teachers let him. Reports are consistent: strong in English, weak in Maths, average grade 2.3. Reading age of 9y 7m against a chronological age of 13y 0m, which is the root of most of it. 129 points and 39 detentions. Screamed ""I don't give a shit"" across a full canteen and was removed for the afternoon. Attendance has slipped to 88.0% and there's a pattern of Monday mornings. Lives on the flats behind the Roman Road with both parents and twin sisters, in a terraced house shared with an aunt's family. Big into Chelsea."
HAR1452,Frankie Boyle,M,9,9D,Ravensbourne,Mr M. Halloran,2012-11-04,13.8,White British,English,No,No,None,,4.6,12y 8m,English,Art,94.2,2,17,3,0,ok,False,False,"Frankie Boyle is reliable in lessons he likes and drifts badly in the ones he doesn't. Average working grade 4.6. English is well above the rest; Art is dragging the profile down. 17 behaviour points and 3 detentions, all for the same three things. Attendance 94.2%. Punctuality is the bigger problem: 2 lates this term. At home it's both parents and an older brother, in a house with a converted loft room. Older siblings came through Harford as well and staff remember the surname. One of the leaders in Warhammer club; it's the one place he's consistently brilliant. Reduced timetable agreed with parents until Christmas."
HAR1453,Farhana Choudhury,F,9,9D,Ravensbourne,Mr M. Halloran,2013-03-07,13.5,British Bangladeshi,Sylheti,Yes - developing,No,None,,1.5,9y 4m,Computing,Food Technology,89.7,3,29,3,0,ok,True,False,"Farhana Choudhury arrived below expectations and, honestly, hasn't closed much ground since. Reports are consistent: strong in Computing, weak in Food Technology, average grade 1.5. Reading age of 9y 4m against a chronological age of 13y 5m, which is the root of most of it. 29 points logged - low-level stuff: chatting, out of seat, phone on the desk. Attendance 89.7%, which the year team are keeping an eye on. Lives in temporary accommodation with dad, who works two jobs. Supportive at home, but stretched thin. Big into Roblox and Minecraft."
HAR1454,Rezaul Sultana,M,9,9D,Ravensbourne,Mr M. Halloran,2013-07-19,13.1,British Bangladeshi,Bengali,Yes - fluent,Yes,SEN Support (K),ASD - Autism Spectrum Condition,5.3,11y 9m,English,Maths,100.0,0,18,3,0,ok,False,False,"Rezaul Sultana is a decent worker who gets by on effort more than natural ability. Average working grade 5.3. English is well above the rest; Maths is dragging the profile down. 18 behaviour points and 3 detentions, all for the same three things. Attendance 100.0% - never an issue. Lives with mum, stepdad and a new baby in a house with a converted loft room. Big into 3D printing."
HAR1455,Archie Fletcher,M,9,9D,Ravensbourne,Mr M. Halloran,2013-08-11,13.1,White British,English,No,Yes,SEN Support (K),MLD - Moderate Learning Difficulty,6.9,12y 6m,English,Maths,99.9,1,2,0,0,good,False,False,"Archie Fletcher is one of those students who makes a lesson easier just by being in it. Working at grade 6.9 on average, with English the clear strength and Maths the obvious weak spot. 2 behaviour points and no detentions. Staff use him as the example. Attendance 99.9% - never an issue. Lives with both parents and an older brother in a council flat on the fourth floor. Obsessed with pigeons to the point of doing homework about it unprompted."
HAR1456,Ionut Ciobanu,M,9,9D,Ravensbourne,Mr M. Halloran,2013-06-25,13.2,White Other (Romanian),Romanian,Yes - developing,No,None,,2.1,11y 1m,Maths,Food Technology,91.3,21,46,9,1,mixed,False,False,"Ionut Ciobanu struggles across almost every subject and has more or less stopped pretending otherwise. Average working grade 2.1. Maths is well above the rest; Food Technology is dragging the profile down. Reading age 11y 1m - well below his actual age of 13y 2m - so he can't access half the exam papers unaided. 46 behaviour points and 9 detentions, all for the same three things. Attendance has slipped to 91.3% and there's a pattern of Monday mornings. Lives with both parents and twin sisters in a flat with a lift that never works. Whoever's home in the morning is doing four school runs, so he's largely left to sort himself out. Obsessed with Arsenal to the point of doing homework about it unprompted."
HAR1457,Yassin Younes,M,9,9D,Ravensbourne,Mr M. Halloran,2013-06-17,13.2,Arab,Arabic (Sudanese),Yes - fluent,Yes,EHCP,"SEMH - Social, Emotional & Mental Health",1.3,7y 8m,Maths,Science,84.0,12,180,30,1,poor,True,False,"Yassin Younes is well known to every member of staff in the building, and not for the right reasons. Currently 1.3 on average - on target in Maths, a full two grades off in Science. Reading age 7y 8m - well below his actual age of 13y 2m - so he can't access half the exam papers unaided. 180 behaviour points and 30 detentions. Told a cover teacher to ""fuck off"" in March and got two days internal. Attendance 84.0% - persistently absent and now with the Education Welfare Officer. Home is in a terraced house shared with an aunt's family with an older sister who does most of the parenting. Known across the year for chess puzzles. EHCP names 5 hours of TA support a week and access arrangements for exams."
HAR1458,Laiba Rashid,F,9,9D,Ravensbourne,Mr M. Halloran,2013-06-11,13.2,British Pakistani,Pashto,No,Yes,EHCP,"SLCN - Speech, Language & Communication",1.0,8y 2m,Geography,English,83.9,14,147,36,0,poor,True,False,"Laiba Rashid has a temper that goes from nought to shouting in about four seconds. Sits on grade 1.0 overall. Teachers in Geography rate her highly, staff in English much less so. 147 behaviour points, 0 suspensions, and a permanent exclusion narrowly avoided after an incident with a vape and a fire alarm. Attendance 83.9%. Two attendance meetings held, one missed by the family. Lives on the towers on Devons Road with both parents and an older brother. Money is tight and everyone in the house knows it. Spends every break on TikTok edits. Reduced timetable agreed with parents until Christmas. EHCP names 20 hours of TA support a week and access arrangements for exams."
HAR1459,Zahid Miah,M,9,9D,Ravensbourne,Mr M. Halloran,2012-11-08,13.8,British Bangladeshi,Bengali,Yes - fluent,No,EHCP,MLD - Moderate Learning Difficulty,6.5,12y 11m,Music,Science,95.5,4,0,1,0,good,False,False,"Zahid Miah sits near the front, works from the second the bell goes, and rarely needs telling twice. Working at grade 6.5 on average, with Music the clear strength and Science the obvious weak spot. 0 points logged, every one of them for uniform or equipment rather than conduct. 95.5% attendance and always on time. Lives above a shop on the parade with both parents and twin sisters. English isn't the main language at home, so letters get read by an older sibling. Runs Duke of Edinburgh Bronze and takes it more seriously than most of the staff do. EHCP names 5 hours of TA support a week and access arrangements for exams."
HAR1460,Afsana Sultana,F,9,9D,Ravensbourne,Mr M. Halloran,2013-01-24,13.6,British Bangladeshi,Sylheti,Yes - developing,No,None,,6.2,13y 6m,Food Technology,Maths,91.1,11,94,8,0,mixed,False,False,"Afsana Sultana is a decent worker who gets by on effort more than natural ability. Sits on grade 6.2 overall. Teachers in Food Technology rate her highly, staff in Maths much less so. 94 behaviour points, mostly talking, phones and being late to period one. 91.1% attendance - enough to trigger a letter home but not a fine. Lives with an uncle who is also her named carer in a flat with a lift that never works. Supportive at home, but stretched thin. Quietly good at drill and UK rap, which nobody at school knew until Year 9."
HAR1461,Manisha Joshi,F,9,9D,Ravensbourne,Mr M. Halloran,2013-04-10,13.4,British Indian,Tamil,No,Yes,None,,5.9,12y 10m,Maths,English,93.4,4,19,3,0,ok,False,False,"Manisha Joshi is the definition of middle of the road - never in trouble, never top of the class. Average of 5.9 across the board, with a big spread between Maths and English. 19 points logged - low-level stuff: chatting, out of seat, phone on the desk. Attendance 93.4%. Punctuality is the bigger problem: 4 lates this term. Lives with both parents and twin sisters above a shop on the parade. It's a full house and a quiet space to do homework doesn't really exist. Goes to library monitors every week without fail."
HAR1462,Beyza Demir,F,9,9D,Ravensbourne,Mr M. Halloran,2013-03-24,13.4,White Other (Turkish / Kurdish),Zazaki,Yes - fluent,Yes,None,,2.9,11y 3m,RE,Art,85.2,13,239,23,1,poor,True,False,"Beyza Demir runs the room if you let her, and most supply teachers let her. Sits on grade 2.9 overall. Teachers in RE rate her highly, staff in Art much less so. Reading age 11y 3m - well below her actual age of 13y 5m - so she can't access half the exam papers unaided. 239 behaviour points and 1 suspension. Refuses to accept a sanction from anyone she hasn't decided she likes. Attendance 85.2% and falling. Weeks go by where nobody sees her. Home is in a two-bed flat with both parents and twin sisters. Housing changed twice in the last two years and you can see it in the exercise books. Runs gym club and takes it more seriously than most of the staff do. Child in Need plan open; social worker attends termly."
HAR1463,Shaquille Whyte,M,9,9D,Ravensbourne,Mr M. Halloran,2013-04-16,13.4,Black Caribbean / Mixed Black Caribbean,English,No,Yes,None,,3.9,11y 10m,Music,RE,95.1,4,71,10,0,mixed,False,False,"Shaquille Whyte is pleasant, chatty and easily distracted, but the work gets done in the end. Music is his best subject by a distance. RE is the one his tutor has to chase every report. 71 behaviour points, mostly talking, phones and being late to period one. Attendance sits at 95.1% with no unauthorised absence. At home it's aunt and uncle and five cousins, in a maisonette off the high street. Money is tight and everyone in the house knows it. Obsessed with pigeons to the point of doing homework about it unprompted."
HAR1464,Rupali Choudhury,F,9,9D,Ravensbourne,Mr M. Halloran,2013-04-13,13.4,British Bangladeshi,Bengali,Yes - fluent,Yes,None,,6.1,13y 10m,English,Maths,95.1,4,20,3,0,ok,False,False,"Rupali Choudhury is a decent worker who gets by on effort more than natural ability. Sits on grade 6.1 overall. Teachers in English rate her highly, staff in Maths much less so. 20 behaviour points and 3 detentions, all for the same three things. Attendance 95.1%. The only absences are medical and always covered by a note. Lives in temporary accommodation with grandmother as main carer. English isn't the main language at home, so letters get read by an older sibling. Goes to school council every week without fail."
HAR1465,Erjona Rexhepi,F,9,9D,Ravensbourne,Mr M. Halloran,2012-10-13,13.9,White Other (Albanian),Albanian,Yes - fluent,Yes,None,,6.5,14y 2m,English,Maths,95.1,4,10,1,0,ok,False,False,"Erjona Rexhepi reads well above her age and has an answer for everything, usually the right one. Average working grade 6.5. English is well above the rest; Maths is dragging the profile down. 10 behaviour points and 1 detentions, all for the same three things. Attendance 95.1% - never an issue. Lives with both parents and an older brother in a maisonette off the high street. The family are on the phone to the office constantly - engaged, if a bit much. One of the leaders in chess club; it's the one place she's consistently brilliant."
HAR1466,Maisha Sarker,F,9,9D,Ravensbourne,Mr M. Halloran,2012-12-02,13.7,British Bangladeshi,Sylheti,No,Yes,None,,1.7,11y 3m,RE,English,96.7,1,14,3,0,ok,False,False,"Maisha Sarker has been on the intervention list for two years and progress has been slow at best. Sits on grade 1.7 overall. Teachers in RE rate her highly, staff in English much less so. Reading age assessed at 11y 3m. Everything else follows from that. 14 points logged - low-level stuff: chatting, out of seat, phone on the desk. Attendance 96.7% - never an issue. Home is in a maisonette off the high street with an older sister who does most of the parenting. The family are on the phone to the office constantly - engaged, if a bit much. Obsessed with sewing and altering clothes to the point of doing homework about it unprompted."
HAR1467,Ifeoma Onyeka,F,9,9D,Ravensbourne,Mr M. Halloran,2013-05-09,13.3,Black African (Nigerian),Igbo,Yes - fluent,Yes,None,,6.0,13y 5m,Design & Technology,Science,85.4,5,6,0,0,good,True,False,"Ifeoma Onyeka is a decent worker who gets by on effort more than natural ability. Working at grade 6.0 on average, with Design & Technology the clear strength and Science the obvious weak spot. 6 behaviour points and no detentions. Staff use her as the example. Attendance 85.4% and falling. Weeks go by where nobody sees her. Lives on the estate off Barking Road with mum, dad and four siblings. Talks about football stats and fantasy leagues constantly, in and out of lesson."
HAR1468,Chantelle Mallory,F,9,9D,Ravensbourne,Mr M. Halloran,2013-06-14,13.2,White British,English,No,No,None,,4.8,12y 3m,English,Design & Technology,47.8,16,7,1,0,good,True,True,"Chantelle Mallory finds school genuinely hard to be in, and some days she doesn't make it past the front gate. Sits on grade 4.8 overall. Teachers in English rate her highly, staff in Design & Technology much less so. 7 behaviour points, which for this school is nothing at all. Attendance 47.8% - persistently absent and now with the Education Welfare Officer. Lives with both parents, both working in the family business in a maisonette off the high street. Known across the year for West Ham."
HAR1469,Hatice Tas,F,9,9D,Ravensbourne,Mr M. Halloran,2012-12-27,13.7,White Other (Turkish / Kurdish),Kurdish (Kurmanji),Yes - developing,Yes,None,,6.1,13y 6m,Geography,English,99.0,0,17,1,0,ok,False,False,"Hatice Tas is a solid, steady student who does what's asked and not a great deal more. Currently 6.1 on average - on target in Geography, a full two grades off in English. 17 points. Nothing serious, but the pattern is talking over staff and refusing to move seats. Attendance 99.0% - never an issue. Lives on the Aldgate side of the borough with aunt and uncle and five cousins, in a one-bed with the living room as a bedroom. Parents' evening attendance is patchy, and it's shift work rather than a lack of interest. Known across the year for karate."
HAR1470,Fatima Alam,F,9,9D,Ravensbourne,Mr M. Halloran,2012-12-13,13.7,British Bangladeshi,Sylheti,Yes - new to English,Yes,None,,1.0,9y 4m,Music,English,67.6,8,227,23,3,poor,True,True,"Fatima Alam finds school genuinely hard to be in, and some days she doesn't make it past the front gate. Average of 1.0 across the board, with a big spread between Music and English. 227 behaviour points, 23 detentions, 3 suspensions - the worst being a fight in the DT corridor that took three staff to break up. Attendance 67.6% and falling. Weeks go by where nobody sees her. Home is in a two-bed flat with an uncle who is also her named carer. The commute in is two buses and it shows in the punctuality data. Obsessed with karate to the point of doing homework about it unprompted. Managed move in from another East London secondary at the start of Year 9."
HAR1471,Latoya Marshall,F,9,9D,Ravensbourne,Mr M. Halloran,2013-04-05,13.4,Black Caribbean / Mixed Black Caribbean,English,No,Yes,None,,3.2,11y 9m,Food Technology,Maths,87.3,8,114,28,3,poor,True,False,"Latoya Marshall has a temper that goes from nought to shouting in about four seconds. Sits on grade 3.2 overall. Teachers in Food Technology rate her highly, staff in Maths much less so. 114 behaviour points and 3 suspensions. Refuses to accept a sanction from anyone she hasn't decided she likes. 87.3% attendance. The school has issued a formal warning and a penalty notice is on the table. Lives in a council flat on the fourth floor with both parents and an older brother. Money is tight and everyone in the house knows it. Talks about producing beats on FL Studio constantly, in and out of lesson. On a pastoral support plan after a difficult autumn term."
HAR1472,Tahmina Aktar,F,9,9D,Ravensbourne,Mr M. Halloran,2013-07-15,13.1,British Bangladeshi,Sylheti,Yes - fluent,Yes,None,,5.4,12y 11m,Spanish,Science,100.0,0,7,0,0,good,False,False,"Tahmina Aktar sits mid-table across the board and is happy there, which frustrates her tutor. Working at grade 5.4 on average, with Spanish the clear strength and Science the obvious weak spot. 7 behaviour points and no detentions. Staff use her as the example. Attendance 100.0% - never an issue. At home it's foster carers, in a flat with a lift that never works. Parents' evening attendance is patchy, and it's shift work rather than a lack of interest. Would rather be at library monitors than in any lesson and says so openly. Working with the school counsellor weekly."
HAR1473,Marius Nistor,M,9,9D,Ravensbourne,Mr M. Halloran,2012-10-17,13.9,White Other (Romanian),Romani,Yes - fluent,Yes,None,,3.4,11y 7m,Music,Computing,100.0,4,4,0,0,good,False,False,"Marius Nistor is reliable in lessons he likes and drifts badly in the ones he doesn't. Reports are consistent: strong in Music, weak in Computing, average grade 3.4. Reading age of 11y 7m against a chronological age of 13y 10m, which is the root of most of it. 4 behaviour points and no detentions. Staff use him as the example. 100.0% attendance and always on time. Home is in a two-bed flat with an uncle who is also his named carer. Money is tight and everyone in the house knows it. Obsessed with Roblox and Minecraft to the point of doing homework about it unprompted."
HAR1474,Beyza Kurt,F,9,9D,Ravensbourne,Mr M. Halloran,2013-06-07,13.2,White Other (Turkish / Kurdish),Kurdish (Kurmanji),No,Yes,None,,6.0,13y 11m,Maths,English,94.8,4,8,1,0,good,False,False,"Beyza Kurt sits mid-table across the board and is happy there, which frustrates her tutor. Sits on grade 6.0 overall. Teachers in Maths rate her highly, staff in English much less so. Behaviour record is spotless: 8 points on the system all year. 94.8% attendance - enough to trigger a letter home but not a fine. Lives in a house with a converted loft room with both parents and twin sisters. It's a full house and a quiet space to do homework doesn't really exist. Quietly good at TikTok edits, which nobody at school knew until Year 9. Reduced timetable agreed with parents until Christmas."
HAR1475,Shirin Uddin,F,9,9D,Ravensbourne,Mr M. Halloran,2013-02-18,13.5,British Bangladeshi,Bengali,Yes - fluent,Yes,None,,5.0,12y 1m,Design & Technology,History,98.8,4,8,0,0,good,False,False,"Shirin Uddin is pleasant, chatty and easily distracted, but the work gets done in the end. Working at grade 5.0 on average, with Design & Technology the clear strength and History the obvious weak spot. 8 points logged, every one of them for uniform or equipment rather than conduct. Attendance 98.8%. The only absences are medical and always covered by a note. Lives on the new blocks by the canal with both parents, both working in the family business. Older siblings came through Harford as well and staff remember the surname. Known across the year for producing beats on FL Studio."
HAR1476,Connor Harris,M,9,9D,Ravensbourne,Mr M. Halloran,2012-10-02,13.9,White British,English,No,No,None,,4.4,11y 0m,Maths,English,100.0,4,5,0,0,good,False,False,"Connor Harris is a solid, steady student who does what's asked and not a great deal more. Average working grade 4.4. Maths is well above the rest; English is dragging the profile down. Nothing on the behaviour log worth reading - 5 points total. Attendance sits at 100.0% with no unauthorised absence. Lives in a terraced house shared with an aunt's family with both parents and an older brother. Supportive at home, but stretched thin. Would rather be at chess club than in any lesson and says so openly."
HAR1477,Ardit Dervishi,M,9,9D,Ravensbourne,Mr M. Halloran,2012-09-05,14.0,White Other (Albanian),Albanian,No,No,None,,7.5,15y 3m,Maths,Spanish,100.0,1,46,11,0,mixed,False,False,"Ardit Dervishi is a high flyer with the kind of exercise books other teachers photocopy as an example. Reports are consistent: strong in Maths, weak in Spanish, average grade 7.5. 46 behaviour points and 11 detentions, all for the same three things. Attendance 100.0%. The only absences are medical and always covered by a note. Home is in a flat with a lift that never works with both parents and an older brother. Would rather be at steel pans than in any lesson and says so openly."
HAR1478,Leah Lewis,F,9,9D,Ravensbourne,Mr M. Halloran,2013-02-25,13.5,Black Caribbean / Mixed Black Caribbean,English,No,Yes,None,,4.1,12y 10m,History,Maths,80.6,5,203,19,1,poor,True,False,"Leah Lewis runs the room if you let her, and most supply teachers let her. Sits on grade 4.1 overall. Teachers in History rate her highly, staff in Maths much less so. 203 behaviour points, 19 detentions, 1 suspension - the worst being a fight in the DT corridor that took three staff to break up. Attendance 80.6% and falling. Weeks go by where nobody sees her. Lives with an older sister who does most of the parenting in a two-bed flat. English isn't the main language at home, so letters get read by an older sibling. Goes to young carers group every week without fail. Working with the school counsellor weekly."
HAR1479,Adebayo Ogunleye,M,9,9D,Ravensbourne,Mr M. Halloran,2013-06-26,13.2,Black African (Nigerian),Igbo,No,No,None,,2.2,10y 6m,English,Maths,94.1,1,75,13,0,mixed,False,False,"Adebayo Ogunleye struggles across almost every subject and has more or less stopped pretending otherwise. Working at grade 2.2 on average, with English the clear strength and Maths the obvious weak spot. 75 points logged - low-level stuff: chatting, out of seat, phone on the desk. Attendance 94.1%. Punctuality is the bigger problem: 1 lates this term. Lives on the estate off Barking Road with dad, who works two jobs. Parents' evening attendance is patchy, and it's shift work rather than a lack of interest. Obsessed with skateboarding to the point of doing homework about it unprompted."
HAR1480,Afia Osei,F,9,9D,Ravensbourne,Mr M. Halloran,2012-12-11,13.7,Black African (Ghanaian),Ga,Yes - fluent,No,None,,4.7,12y 4m,Spanish,Art,88.0,10,68,11,0,mixed,True,False,"Afia Osei is pleasant, chatty and easily distracted, but the work gets done in the end. Reports are consistent: strong in Spanish, weak in Art, average grade 4.7. 68 behaviour points and 11 detentions, all for the same three things. Attendance 88.0%. Punctuality is the bigger problem: 10 lates this term. Home is above a shop on the parade with both parents and an older brother. English isn't the main language at home, so letters get read by an older sibling. Quietly good at K-pop, which nobody at school knew until Year 9."
HAR1481,Ellie Rowe,F,9,9E,Beam,Miss R. Tandy,2013-04-06,13.4,White British,English,No,No,None,,2.9,10y 9m,English,Art,91.4,16,24,3,0,ok,False,False,"Ellie Rowe struggles across almost every subject and has more or less stopped pretending otherwise. Currently 2.9 on average - on target in English, a full two grades off in Art. Reading age 10y 9m - well below her actual age of 13y 4m - so she can't access half the exam papers unaided. 24 points logged - low-level stuff: chatting, out of seat, phone on the desk. 91.4% attendance - enough to trigger a letter home but not a fine. Lives on the Plaistow side with foster carers. The commute in is two buses and it shows in the punctuality data. Big into skateboarding."
HAR1482,Jodie Hollis,F,9,9E,Beam,Miss R. Tandy,2012-11-18,13.8,White British,English,No,Yes,None,,6.8,14y 9m,French,Maths,97.3,2,6,1,0,good,False,False,"Jodie Hollis has been on the gifted and talented register since Year 7 and has never dropped off it. Reports are consistent: strong in French, weak in Maths, average grade 6.8. 6 behaviour points, which for this school is nothing at all. Attendance 97.3%. The only absences are medical and always covered by a note. Lives in a maisonette off the high street with dad and stepmum. Would rather be at dance troupe than in any lesson and says so openly. Child in Need plan open; social worker attends termly."
HAR1483,Kiran Nair,M,9,9E,Beam,Miss R. Tandy,2013-03-24,13.4,British Indian,Punjabi,Yes - fluent,No,None,,1.0,9y 10m,English,PE,93.9,0,27,2,0,ok,False,False,"Kiran Nair arrived below expectations and, honestly, hasn't closed much ground since. Sits on grade 1.0 overall. Teachers in English rate him highly, staff in PE much less so. 27 points. Nothing serious, but the pattern is talking over staff and refusing to move seats. 93.9% attendance - enough to trigger a letter home but not a fine. Lives on the towers on Devons Road with dad and stepmum, in a one-bed with the living room as a bedroom. Whoever's home in the morning is doing four school runs, so he's largely left to sort himself out. Goes to STEM club every week without fail."
HAR1484,Derya Kilic,F,9,9E,Beam,Miss R. Tandy,2013-05-19,13.3,White Other (Turkish / Kurdish),Turkish,Yes - fluent,No,None,,5.2,12y 10m,Computing,Science,100.0,3,21,3,0,ok,False,False,"Derya Kilic is the definition of middle of the road - never in trouble, never top of the class. Working at grade 5.2 on average, with Computing the clear strength and Science the obvious weak spot. 21 points. Nothing serious, but the pattern is talking over staff and refusing to move seats. Attendance sits at 100.0% with no unauthorised absence. Lives above a shop on the parade with grandmother as main carer. It's a full house and a quiet space to do homework doesn't really exist. Goes to boxing club at the community gym every week without fail."
HAR1485,Nisha Kapoor,F,9,9E,Beam,Miss R. Tandy,2013-04-19,13.4,British Indian,Tamil,Yes - fluent,Yes,None,,3.2,11y 1m,English,Food Technology,85.8,14,78,5,0,mixed,True,False,"Nisha Kapoor struggles across almost every subject and has more or less stopped pretending otherwise. English is her best subject by a distance. Food Technology is the one her tutor has to chase every report. Reading age 11y 1m - well below her actual age of 13y 4m - so she can't access half the exam papers unaided. 78 points. Nothing serious, but the pattern is talking over staff and refusing to move seats. Attendance 85.8%. Two attendance meetings held, one missed by the family. At home it's mum and a disabled younger brother, in a terraced house shared with an aunt's family. Would rather be at cheerleading than in any lesson and says so openly. Looked-after child, placed with foster carers in the borough since Year 8."
HAR1486,Deividas Butkus,M,9,9E,Beam,Miss R. Tandy,2013-01-14,13.6,White Other (Lithuanian),Lithuanian,Yes - fluent,No,None,,5.6,12y 6m,English,Geography,99.7,3,7,1,0,good,False,False,"Deividas Butkus sits mid-table across the board and is happy there, which frustrates his tutor. Reports are consistent: strong in English, weak in Geography, average grade 5.6. 7 points logged, every one of them for uniform or equipment rather than conduct. Attendance 99.7% - never an issue. Lives in a terraced house shared with an aunt's family with dad, who works two jobs. The commute in is two buses and it shows in the punctuality data. Obsessed with K-pop to the point of doing homework about it unprompted."
HAR1487,Gabriel Dumitru,M,9,9E,Beam,Miss R. Tandy,2013-08-05,13.1,White Other (Romanian),Romanian,Yes - fluent,No,None,,5.7,12y 5m,Geography,Maths,93.9,4,35,4,0,mixed,False,False,"Gabriel Dumitru is a decent worker who gets by on effort more than natural ability. Average of 5.7 across the board, with a big spread between Geography and Maths. 35 points. Nothing serious, but the pattern is talking over staff and refusing to move seats. Attendance 93.9%, which the year team are keeping an eye on. Home is above a shop on the parade with mum and three younger siblings. Parents' evening attendance is patchy, and it's shift work rather than a lack of interest. Goes to STEM club every week without fail."
HAR1488,Ayomide Ibeh,M,9,9E,Beam,Miss R. Tandy,2013-03-03,13.5,Black African (Nigerian),Yoruba,Yes - developing,Yes,SEN Support (K),"SLCN - Speech, Language & Communication",2.4,8y 8m,Science,French,75.6,3,149,40,1,poor,True,False,"Ayomide Ibeh has SLCN - Speech, Language & Communication and works with the SEN team most weeks. Science is his best subject by a distance. French is the one his tutor has to chase every report. Literacy is the bottleneck: reading age 8y 8m and handwriting that he's embarrassed about. 149 behaviour points and 1 suspension. Refuses to accept a sanction from anyone he hasn't decided he likes. Attendance 75.6% and falling. Weeks go by where nobody sees him. At home it's an uncle who is also his named carer, in a maisonette off the high street. Housing changed twice in the last two years and you can see it in the exercise books. Talks about producing beats on FL Studio constantly, in and out of lesson. Off-site alternative provision two days a week."
HAR1489,Tanisha Bailey,F,9,9E,Beam,Miss R. Tandy,2013-06-15,13.2,Black Caribbean / Mixed Black Caribbean,Jamaican Patois,No,No,None,,7.6,14y 9m,History,English,100.0,0,11,1,0,ok,False,False,"Tanisha Bailey has been on the gifted and talented register since Year 7 and has never dropped off it. Currently 7.6 on average - on target in History, a full two grades off in English. 11 behaviour points, mostly talking, phones and being late to period one. Attendance 100.0% - never an issue. At home it's dad and stepmum, in a maisonette off the high street. Nobody at home has the confidence to challenge the school, which staff are conscious of. Obsessed with Chelsea to the point of doing homework about it unprompted. On a pastoral support plan after a difficult autumn term."
HAR1490,Danish Shah,M,9,9E,Beam,Miss R. Tandy,2012-09-20,13.9,British Pakistani,Urdu,No,Yes,None,,3.6,12y 6m,English,Drama,87.7,14,201,39,2,poor,True,False,"Danish Shah has a temper that goes from nought to shouting in about four seconds. Reports are consistent: strong in English, weak in Drama, average grade 3.6. 201 behaviour points, 39 detentions, 2 suspensions - the worst being a fight in the DT corridor that took three staff to break up. Attendance 87.7% - persistently absent and now with the Education Welfare Officer. Lives with mum, dad and four siblings in a two-bed flat. Big into sewing and altering clothes. On a pastoral support plan after a difficult autumn term."
HAR1491,Hakan Sahin,M,9,9E,Beam,Miss R. Tandy,2012-12-18,13.7,White Other (Turkish / Kurdish),Zazaki,Yes - developing,Yes,None,,4.9,12y 8m,Maths,Spanish,91.3,13,52,6,0,mixed,False,False,"Hakan Sahin is a solid, steady student who does what's asked and not a great deal more. Sits on grade 4.9 overall. Teachers in Maths rate him highly, staff in Spanish much less so. 52 points. Nothing serious, but the pattern is talking over staff and refusing to move seats. Attendance 91.3%, which the year team are keeping an eye on. Lives with an older sister who does most of the parenting in a two-bed flat. It's a full house and a quiet space to do homework doesn't really exist. Runs dance troupe and takes it more seriously than most of the staff do. Young carer - registered with the borough."
HAR1492,Afia Appiah,F,9,9E,Beam,Miss R. Tandy,2013-01-14,13.6,Black African (Ghanaian),Ga,No,Yes,None,,2.6,10y 5m,RE,Geography,92.1,0,18,2,0,ok,False,False,"Afia Appiah can do the work when someone sits with her, and almost never does it when nobody does. Reports are consistent: strong in RE, weak in Geography, average grade 2.6. Reading age 10y 5m - well below her actual age of 13y 7m - so she can't access half the exam papers unaided. 18 behaviour points, mostly talking, phones and being late to period one. Attendance 92.1%. Punctuality is the bigger problem: 0 lates this term. Lives with mum and her partner in a one-bed with the living room as a bedroom. Big into drawing manga. Looked-after child, placed with foster carers in the borough since Year 8."
HAR1493,Uche Onyeka,M,9,9E,Beam,Miss R. Tandy,2012-09-01,14.0,Black African (Nigerian),Nigerian Pidgin,Yes - fluent,Yes,EHCP,Physical Disability,1.0,7y 8m,English,Maths,81.1,5,148,40,2,poor,True,False,"Uche Onyeka has Physical Disability and works with the SEN team most weeks. Sits on grade 1.0 overall. Teachers in English rate him highly, staff in Maths much less so. Reading age 7y 8m - well below his actual age of 13y 11m - so he can't access half the exam papers unaided. 148 points, 40 detentions. Told his Head of Year, word for word, that the school could ""do one"" - then apologised properly the next day, which is the frustrating bit. Attendance 81.1% and falling. Weeks go by where nobody sees him. Lives on the estate off Barking Road with mum and her partner. English isn't the main language at home, so letters get read by an older sibling. Quietly good at cars and car spotting, which nobody at school knew until Year 9. Free school meals and school-funded uniform; family declined a food bank referral. EHCP names 25 hours of TA support a week and access arrangements for exams."
HAR1494,Amarachi Okonkwo,F,9,9E,Beam,Miss R. Tandy,2013-08-22,13.0,Black African (Nigerian),Igbo,Yes - fluent,No,None,,2.3,9y 7m,English,RE,95.2,0,22,1,0,ok,False,False,"Amarachi Okonkwo struggles across almost every subject and has more or less stopped pretending otherwise. English is her best subject by a distance. RE is the one her tutor has to chase every report. 22 points logged - low-level stuff: chatting, out of seat, phone on the desk. Attendance 95.2% - never an issue. Lives in a flat with a lift that never works with dad, who works two jobs. Housing changed twice in the last two years and you can see it in the exercise books. Known across the year for cooking with her nan."
HAR1495,Amiin Yusuf,M,9,9E,Beam,Miss R. Tandy,2013-03-15,13.5,Black African (Somali),Somali,Yes - fluent,Yes,None,,1.8,11y 1m,English,Maths,95.0,3,92,8,0,mixed,False,False,"Amiin Yusuf has been on the intervention list for two years and progress has been slow at best. Average of 1.8 across the board, with a big spread between English and Maths. Reading age assessed at 11y 1m. Everything else follows from that. 92 points. Nothing serious, but the pattern is talking over staff and refusing to move seats. Attendance sits at 95.0% with no unauthorised absence. At home it's both parents, both working in the family business, in a house with a converted loft room. The commute in is two buses and it shows in the punctuality data. Runs robotics club and takes it more seriously than most of the staff do."
HAR1496,Tunde Okonkwo,M,9,9E,Beam,Miss R. Tandy,2013-05-22,13.3,Black African (Nigerian),Yoruba,Yes - fluent,No,None,,5.5,13y 2m,Spanish,Maths,94.2,1,1,1,0,good,False,False,"Tunde Okonkwo is quiet to the point of being invisible in some lessons and staff have to make an effort to notice him. Average working grade 5.5. Spanish is well above the rest; Maths is dragging the profile down. Behaviour record is spotless: 1 points on the system all year. 94.2% attendance - enough to trigger a letter home but not a fine. At home it's mum, stepdad and a new baby, in a one-bed with the living room as a bedroom. Parents' evening attendance is patchy, and it's shift work rather than a lack of interest. Would rather be at football (girls') than in any lesson and says so openly."
HAR1497,Sadia Kabir,F,9,9E,Beam,Miss R. Tandy,2013-06-20,13.2,British Bangladeshi,Sylheti,Yes - fluent,Yes,SEN Support (K),MLD - Moderate Learning Difficulty,4.2,10y 7m,Science,Computing,100.0,3,31,5,0,mixed,False,False,"Sadia Kabir is a solid, steady student who does what's asked and not a great deal more. Average of 4.2 across the board, with a big spread between Science and Computing. 31 behaviour points and 5 detentions, all for the same three things. 100.0% attendance and always on time. At home it's mum only, above a shop on the parade. Older siblings came through Harford as well and staff remember the surname. Spends every break on fixing phones. Managed move in from another East London secondary at the start of Year 9."
HAR1498,Scott Mallory,M,9,9E,Beam,Miss R. Tandy,2013-04-27,13.3,White British,English,No,No,None,,3.5,11y 1m,English,Spanish,100.0,1,12,3,0,ok,False,False,"Scott Mallory is quiet to the point of being invisible in some lessons and staff have to make an effort to notice him. Reports are consistent: strong in English, weak in Spanish, average grade 3.5. Reading age of 11y 1m against a chronological age of 13y 4m, which is the root of most of it. 12 behaviour points and 3 detentions, all for the same three things. 100.0% attendance and always on time. At home it's an older sister who does most of the parenting, in a one-bed with the living room as a bedroom. Older siblings came through Harford as well and staff remember the surname. Quietly good at pigeons, which nobody at school knew until Year 9."
HAR1499,Shane Larkin,M,9,9E,Beam,Miss R. Tandy,2013-05-13,13.3,White British,English,No,Yes,SEN Support (K),"SLCN - Speech, Language & Communication",1.8,9y 6m,English,Maths,79.9,15,108,35,2,poor,True,False,"Shane Larkin has SLCN - Speech, Language & Communication and works with the SEN team most weeks. Currently 1.8 on average - on target in English, a full two grades off in Maths. Literacy is the bottleneck: reading age 9y 6m and handwriting that he's embarrassed about. 108 points, 35 detentions. Told his Head of Year, word for word, that the school could ""do one"" - then apologised properly the next day, which is the frustrating bit. Attendance 79.9%. Two attendance meetings held, one missed by the family. Lives on the flats behind the Roman Road with mum, dad and grandad. The family are on the phone to the office constantly - engaged, if a bit much. One of the leaders in chess club; it's the one place he's consistently brilliant. Looked-after child, placed with foster carers in the borough since Year 8."
HAR1500,Arnas Kazlauskas,M,9,9E,Beam,Miss R. Tandy,2013-06-25,13.2,White Other (Lithuanian),Lithuanian,Yes - fluent,Yes,None,,6.1,13y 10m,History,English,100.0,2,9,2,0,ok,False,False,"Arnas Kazlauskas sits mid-table across the board and is happy there, which frustrates his tutor. Working at grade 6.1 on average, with History the clear strength and English the obvious weak spot. 9 points. Nothing serious, but the pattern is talking over staff and refusing to move seats. Attendance sits at 100.0% with no unauthorised absence. Lives on the Chrisp Street area with mum and three younger siblings, in a house with a converted loft room. Known across the year for baking."
HAR1501,Ahmed Hersi,M,9,9E,Beam,Miss R. Tandy,2013-03-25,13.4,Black African (Somali),Somali,Yes - fluent,Yes,None,,6.0,13y 8m,Maths,English,91.1,19,8,2,0,ok,False,False,"Ahmed Hersi is the definition of middle of the road - never in trouble, never top of the class. Sits on grade 6.0 overall. Teachers in Maths rate him highly, staff in English much less so. 8 behaviour points and 2 detentions, all for the same three things. Attendance 91.1%. Punctuality is the bigger problem: 19 lates this term. Lives in a terraced house shared with an aunt's family with both parents and an older brother. Whoever's home in the morning is doing four school runs, so he's largely left to sort himself out. Goes to STEM club every week without fail."
HAR1502,Yalini Selvarajah,F,9,9E,Beam,Miss R. Tandy,2012-12-20,13.7,Asian Other (Sri Lankan Tamil),Tamil,Yes - fluent,Yes,None,,4.4,11y 11m,Music,Science,88.6,6,26,1,0,ok,True,False,"Yalini Selvarajah is pleasant, chatty and easily distracted, but the work gets done in the end. Currently 4.4 on average - on target in Music, a full two grades off in Science. 26 points. Nothing serious, but the pattern is talking over staff and refusing to move seats. Attendance has slipped to 88.6% and there's a pattern of Monday mornings. Lives in a one-bed with the living room as a bedroom with dad and stepmum. Goes to STEM club every week without fail. Young carer - registered with the borough."
HAR1503,Zamzam Abdalla,F,9,9E,Beam,Miss R. Tandy,2013-05-07,13.3,Black African (Somali),Somali,No,No,None,,7.4,15y 1m,English,PE,93.8,2,29,2,0,ok,False,False,"Zamzam Abdalla sits near the front, works from the second the bell goes, and rarely needs telling twice. Average of 7.4 across the board, with a big spread between English and PE. 29 points logged - low-level stuff: chatting, out of seat, phone on the desk. Attendance 93.8%, which the year team are keeping an eye on. Lives on the Plaistow side with mum, dad and grandad. Older siblings came through Harford as well and staff remember the surname. Big into producing beats on FL Studio."
HAR1504,Georgia Doyle,F,9,9E,Beam,Miss R. Tandy,2013-06-01,13.3,White British,English,No,Yes,SEN Support (K),"SLCN - Speech, Language & Communication",5.1,11y 3m,English,Maths,84.1,7,118,39,0,poor,True,False,"Georgia Doyle has SLCN - Speech, Language & Communication and does far better with structure, warning of changes and a bit of patience. Sits on grade 5.1 overall. Teachers in English rate her highly, staff in Maths much less so. 118 points and 39 detentions. Walked out of Maths shouting ""this lesson is dead"" and slammed the door hard enough to crack the glass. Attendance 84.1%. Two attendance meetings held, one missed by the family. Lives with mum and a disabled younger brother in a maisonette off the high street. The commute in is two buses and it shows in the punctuality data. Big into Leyton Orient."
HAR1505,Abdirahman Warsame,M,9,9E,Beam,Miss R. Tandy,2013-03-16,13.5,Black African (Somali),Somali,Yes - fluent,Yes,None,,6.4,14y 6m,Maths,English,90.1,22,0,1,0,good,False,False,"Abdirahman Warsame is quiet to the point of being invisible in some lessons and staff have to make an effort to notice him. Sits on grade 6.4 overall. Teachers in Maths rate him highly, staff in English much less so. Nothing on the behaviour log worth reading - 0 points total. Attendance 90.1%, which the year team are keeping an eye on. Lives on the estate off Barking Road with an uncle who is also his named carer, in a house with a converted loft room. One of the leaders in Eco Club; it's the one place he's consistently brilliant."
HAR1506,Maisie Hendricks,F,9,9E,Beam,Miss R. Tandy,2013-03-03,13.5,White British,English,No,Yes,None,,3.4,10y 9m,French,Music,85.3,19,186,34,2,poor,True,False,"Maisie Hendricks runs the room if you let her, and most supply teachers let her. Currently 3.4 on average - on target in French, a full two grades off in Music. Literacy is the bottleneck: reading age 10y 9m and handwriting that she's embarrassed about. 186 behaviour points, 34 detentions, 2 suspensions - the worst being a fight in the DT corridor that took three staff to break up. 85.3% attendance. The school has issued a formal warning and a penalty notice is on the table. Lives in a two-bed flat with grandmother as main carer. The family are on the phone to the office constantly - engaged, if a bit much. Quietly good at Arsenal, which nobody at school knew until Year 9. Recently bereaved - lost her grandfather last year and it shows."
HAR1507,Zamzam Nur,F,9,9E,Beam,Miss R. Tandy,2013-07-06,13.2,Black African (Somali),Somali,Yes - fluent,No,None,,3.5,11y 5m,English,PE,90.6,12,72,12,0,mixed,False,False,"Zamzam Nur sits mid-table across the board and is happy there, which frustrates her tutor. Currently 3.5 on average - on target in English, a full two grades off in PE. 72 behaviour points and 12 detentions, all for the same three things. Attendance 90.6%, which the year team are keeping an eye on. Lives with grandmother as main carer in a house with a converted loft room. Parents' evening attendance is patchy, and it's shift work rather than a lack of interest. Big into boxing. Recently bereaved - lost her grandfather last year and it shows."
HAR1508,Fatjon Berisha,M,9,9E,Beam,Miss R. Tandy,2013-08-17,13.0,White Other (Albanian),Albanian,No,Yes,SEN Support (K),"SEMH - Social, Emotional & Mental Health",3.3,10y 3m,French,English,94.3,4,17,3,0,ok,False,False,"Fatjon Berisha has SEMH - Social, Emotional & Mental Health, which shapes how he copes with a full timetable in a building this loud. Reports are consistent: strong in French, weak in English, average grade 3.3. Reading age assessed at 10y 3m. Everything else follows from that. 17 points logged - low-level stuff: chatting, out of seat, phone on the desk. Attendance 94.3%, which the year team are keeping an eye on. Lives in a two-bed flat with mum, dad and grandad. Would rather be at boxercise than in any lesson and says so openly."
HAR1509,Amarachi Adebayo,F,9,9E,Beam,Miss R. Tandy,2013-05-06,13.3,Black African (Nigerian),Nigerian Pidgin,Yes - fluent,Yes,None,,4.2,11y 10m,PE,Design & Technology,98.1,1,25,1,0,ok,False,False,"Amarachi Adebayo is a grafter. Nothing comes easily but she keeps showing up and keeps trying. Currently 4.2 on average - on target in PE, a full two grades off in Design & Technology. 25 points. Nothing serious, but the pattern is talking over staff and refusing to move seats. Attendance sits at 98.1% with no unauthorised absence. Lives in a two-bed flat with an older sister who does most of the parenting. Goes to steel pans every week without fail."
HAR1510,Karolis Urbonas,M,9,9E,Beam,Miss R. Tandy,2013-01-28,13.6,White Other (Lithuanian),Lithuanian,Yes - fluent,No,None,,2.2,10y 8m,Science,English,72.9,18,54,6,1,mixed,True,True,"Karolis Urbonas has had long spells out of lessons and is being reintegrated slowly. Working at grade 2.2 on average, with Science the clear strength and English the obvious weak spot. Reading age assessed at 10y 8m. Everything else follows from that. 54 points. Nothing serious, but the pattern is talking over staff and refusing to move seats. Attendance 72.9% - persistently absent and now with the Education Welfare Officer. Lives on the houses off Green Street with mum and a disabled younger brother. Talks about producing beats on FL Studio constantly, in and out of lesson. Off-site alternative provision two days a week."
HAR1511,Zakariya Aden,M,9,9F,Rom,Mr J. Ferreira,2013-08-06,13.1,Black African (Somali),Somali,Yes - fluent,No,None,,4.4,12y 3m,French,Food Technology,95.4,4,13,3,0,ok,False,False,"Zakariya Aden is the definition of middle of the road - never in trouble, never top of the class. Working at grade 4.4 on average, with French the clear strength and Food Technology the obvious weak spot. 13 behaviour points and 3 detentions, all for the same three things. Attendance sits at 95.4% with no unauthorised absence. At home it's dad, who works two jobs, in a council flat on the fourth floor. Housing changed twice in the last two years and you can see it in the exercise books. Runs Duke of Edinburgh Bronze and takes it more seriously than most of the staff do. On a pastoral support plan after a difficult autumn term."
HAR1512,Nirmal Kaur,M,9,9F,Rom,Mr J. Ferreira,2013-08-24,13.0,British Indian,Malayalam,No,No,None,,4.8,12y 8m,English,RE,91.6,10,16,4,0,ok,False,False,"Nirmal Kaur is a grafter. Nothing comes easily but he keeps showing up and keeps trying. English is his best subject by a distance. RE is the one his tutor has to chase every report. 16 points. Nothing serious, but the pattern is talking over staff and refusing to move seats. 91.6% attendance - enough to trigger a letter home but not a fine. Home is in a two-bed flat with mum and three younger siblings. Quietly good at Afrobeats, which nobody at school knew until Year 9. Child in Need plan open; social worker attends termly."
HAR1513,Rahel Gebre,F,9,9F,Rom,Mr J. Ferreira,2012-09-11,14.0,Black African (Horn of Africa),Tigrinya,No,No,None,,3.1,12y 6m,PE,Drama,93.2,4,21,4,0,ok,False,False,"Rahel Gebre arrived below expectations and, honestly, hasn't closed much ground since. PE is her best subject by a distance. Drama is the one her tutor has to chase every report. 21 behaviour points, mostly talking, phones and being late to period one. Attendance 93.2%, which the year team are keeping an eye on. Lives on the Bow Common side with mum and her partner, above a shop on the parade. Big into cricket."
HAR1514,Leanne Sparrow,F,9,9F,Rom,Mr J. Ferreira,2013-01-07,13.6,White British,English,No,No,None,,1.0,10y 4m,Maths,English,100.0,0,72,12,0,mixed,False,False,"Leanne Sparrow has decided school isn't for her and spends most lessons proving it. Average of 1.0 across the board, with a big spread between Maths and English. Reading age assessed at 10y 4m. Everything else follows from that. 72 points logged - low-level stuff: chatting, out of seat, phone on the desk. Attendance sits at 100.0% with no unauthorised absence. Lives on the Plaistow side with mum, stepdad and a new baby. Money is tight and everyone in the house knows it. Quietly good at Roblox and Minecraft, which nobody at school knew until Year 9."
HAR1515,Bartek Zielinski,M,9,9F,Rom,Mr J. Ferreira,2013-02-24,13.5,White Other (Polish),Polish,No,No,SEN Support (K),ADHD (SEMH/medical),4.0,11y 1m,Science,Spanish,90.2,7,152,31,1,poor,False,False,"Bartek Zielinski has ADHD (SEMH/medical) and does far better with structure, warning of changes and a bit of patience. Sits on grade 4.0 overall. Teachers in Science rate him highly, staff in Spanish much less so. 152 behaviour points and 1 suspension. Refuses to accept a sanction from anyone he hasn't decided he likes. 90.2% attendance - enough to trigger a letter home but not a fine. At home it's both parents and an older brother, in a house with a converted loft room. It's a full house and a quiet space to do homework doesn't really exist. Known across the year for chess puzzles."
HAR1516,Rohan Rajan,M,9,9F,Rom,Mr J. Ferreira,2013-04-07,13.4,British Indian,Tamil,Yes - fluent,Yes,None,,4.4,11y 7m,Science,English,90.2,13,50,5,0,mixed,False,False,"Rohan Rajan is a decent worker who gets by on effort more than natural ability. Currently 4.4 on average - on target in Science, a full two grades off in English. 50 behaviour points and 5 detentions, all for the same three things. Attendance has slipped to 90.2% and there's a pattern of Monday mornings. Lives on the flats behind the Roman Road with an older sister who does most of the parenting. Spends every break on MMA."
HAR1517,Drita Hoxha,F,9,9F,Rom,Mr J. Ferreira,2013-03-25,13.4,White Other (Albanian),Albanian,No,Yes,None,,5.2,12y 10m,Drama,Maths,100.0,4,16,1,0,ok,False,False,"Drita Hoxha is a decent worker who gets by on effort more than natural ability. Sits on grade 5.2 overall. Teachers in Drama rate her highly, staff in Maths much less so. 16 points. Nothing serious, but the pattern is talking over staff and refusing to move seats. Attendance sits at 100.0% with no unauthorised absence. Home is in a council flat on the fourth floor with mum, stepdad and a new baby. Quietly good at sewing and altering clothes, which nobody at school knew until Year 9."
HAR1518,Kofi Frimpong,M,9,9F,Rom,Mr J. Ferreira,2012-11-19,13.8,Black African (Ghanaian),Ga,Yes - fluent,No,None,,4.1,11y 10m,Computing,English,88.5,14,50,7,1,mixed,True,False,"Kofi Frimpong is a solid, steady student who does what's asked and not a great deal more. Reports are consistent: strong in Computing, weak in English, average grade 4.1. 50 behaviour points and 7 detentions, all for the same three things. Attendance 88.5%, which the year team are keeping an eye on. Lives with mum, dad and four siblings in a terraced house shared with an aunt's family. Talks about doing nails and lashes for cousins constantly, in and out of lesson."
HAR1519,Thivya Selvarajah,F,9,9F,Rom,Mr J. Ferreira,2013-03-21,13.4,Asian Other (Sri Lankan Tamil),Tamil,Yes - fluent,Yes,SEN Support (K),SpLD - Dyslexia,3.3,10y 10m,English,Maths,97.8,0,34,5,0,mixed,False,False,"Thivya Selvarajah has SpLD - Dyslexia and works with the SEN team most weeks. Sits on grade 3.3 overall. Teachers in English rate her highly, staff in Maths much less so. 34 behaviour points, mostly talking, phones and being late to period one. Attendance 97.8% - never an issue. At home it's both parents and twin sisters, in a two-bed flat. One of the leaders in chess club; it's the one place she's consistently brilliant."
HAR1520,Ugne Kazlauskas,F,9,9F,Rom,Mr J. Ferreira,2013-07-07,13.2,White Other (Lithuanian),Lithuanian,No,No,None,,3.3,10y 10m,Art,Science,94.3,0,17,2,0,ok,False,False,"Ugne Kazlauskas arrived below expectations and, honestly, hasn't closed much ground since. Reports are consistent: strong in Art, weak in Science, average grade 3.3. Reading age of 10y 10m against a chronological age of 13y 1m, which is the root of most of it. 17 behaviour points and 2 detentions, all for the same three things. Attendance has slipped to 94.3% and there's a pattern of Monday mornings. Lives with dad and stepmum in a two-bed flat. Talks about Arsenal constantly, in and out of lesson."
HAR1521,Courtney Harris,F,9,9F,Rom,Mr J. Ferreira,2012-11-07,13.8,White British,English,No,Yes,None,,6.6,15y 0m,English,Maths,93.1,3,3,0,0,good,False,False,"Courtney Harris sits near the front, works from the second the bell goes, and rarely needs telling twice. Sits on grade 6.6 overall. Teachers in English rate her highly, staff in Maths much less so. 3 behaviour points and no detentions. Staff use her as the example. 93.1% attendance - enough to trigger a letter home but not a fine. At home it's an uncle who is also her named carer, in a council flat on the fourth floor. Goes to LGBTQ+ alliance every week without fail."
HAR1522,Mohamed Ali,M,9,9F,Rom,Mr J. Ferreira,2012-11-16,13.8,Black African (Somali),Somali,Yes - fluent,Yes,None,,3.9,12y 1m,Science,Maths,98.5,0,23,3,0,ok,False,False,"Mohamed Ali is a solid, steady student who does what's asked and not a great deal more. Reports are consistent: strong in Science, weak in Maths, average grade 3.9. 23 points logged - low-level stuff: chatting, out of seat, phone on the desk. Attendance 98.5% - never an issue. Lives with grandmother as main carer in a two-bed flat. Spends every break on cricket. Referred to CAMHS, still on the waiting list."
HAR1523,Shanice Palmer,F,9,9F,Rom,Mr J. Ferreira,2013-08-15,13.0,Black Caribbean / Mixed Black Caribbean,Jamaican Patois,No,No,None,,3.7,10y 0m,Science,English,96.1,4,7,1,0,good,False,False,"Shanice Palmer is a solid, steady student who does what's asked and not a great deal more. Science is her best subject by a distance. English is the one her tutor has to chase every report. Reading age assessed at 10y 0m. Everything else follows from that. Behaviour record is spotless: 7 points on the system all year. Attendance 96.1%. The only absences are medical and always covered by a note. Lives on the Manor Park end with both parents, both working in the family business. One of the leaders in Duke of Edinburgh Bronze; it's the one place she's consistently brilliant."
HAR1524,Szymon Lewandowska,M,9,9F,Rom,Mr J. Ferreira,2012-10-15,13.9,White Other (Polish),Polish,No,No,None,,3.3,12y 2m,Maths,English,95.5,1,81,12,0,mixed,False,False,"Szymon Lewandowska is capable but so far behind that catching up now looks unrealistic without serious intervention. Average working grade 3.3. Maths is well above the rest; English is dragging the profile down. 81 points. Nothing serious, but the pattern is talking over staff and refusing to move seats. Attendance sits at 95.5% with no unauthorised absence. At home it's dad, who works two jobs, in temporary accommodation. Whoever's home in the morning is doing four school runs, so he's largely left to sort himself out. Talks about fixing up mopeds constantly, in and out of lesson."
HAR1525,Abdirahman Diriye,M,9,9F,Rom,Mr J. Ferreira,2013-01-28,13.6,Black African (Somali),Somali,Yes - fluent,Yes,SEN Support (K),ASD - Autism Spectrum Condition,3.7,9y 8m,English,Food Technology,95.1,2,77,6,0,mixed,False,False,"Abdirahman Diriye is a solid, steady student who does what's asked and not a great deal more. Working at grade 3.7 on average, with English the clear strength and Food Technology the obvious weak spot. Literacy is the bottleneck: reading age 9y 8m and handwriting that he's embarrassed about. 77 behaviour points, mostly talking, phones and being late to period one. Attendance sits at 95.1% with no unauthorised absence. Lives on the houses off Green Street with mum and a disabled younger brother, in a one-bed with the living room as a bedroom. Money is tight and everyone in the house knows it. Quietly good at FIFA and Call of Duty, which nobody at school knew until Year 9. Off-site alternative provision two days a week."
HAR1526,Muna Sheikh,F,9,9F,Rom,Mr J. Ferreira,2013-04-03,13.4,Black African (Somali),Somali,Yes - new to English,Yes,SEN Support (K),Visual Impairment,5.4,11y 4m,Food Technology,Geography,84.7,13,128,24,1,poor,True,False,"Muna Sheikh speaks Somali at home and is at the stage where she understands nearly everything and says almost nothing. Sits on grade 5.4 overall. Teachers in Food Technology rate her highly, staff in Geography much less so. 128 points, 24 detentions. Told her Head of Year, word for word, that the school could ""do one"" - then apologised properly the next day, which is the frustrating bit. Attendance 84.7% and falling. Weeks go by where nobody sees her. Lives on the Plaistow side with grandmother as main carer, in a terraced house shared with an aunt's family. The commute in is two buses and it shows in the punctuality data. Goes to boxing club at the community gym every week without fail. Child in Need plan open; social worker attends termly."
HAR1527,Jasmeen Desai,F,9,9F,Rom,Mr J. Ferreira,2012-09-23,13.9,British Indian,Gujarati,Yes - developing,No,None,,3.5,12y 9m,English,Science,94.8,0,18,3,0,ok,False,False,"Jasmeen Desai sits mid-table across the board and is happy there, which frustrates her tutor. Average working grade 3.5. English is well above the rest; Science is dragging the profile down. 18 points. Nothing serious, but the pattern is talking over staff and refusing to move seats. 94.8% attendance - enough to trigger a letter home but not a fine. Lives in temporary accommodation with mum, dad and grandad. Spends every break on swimming."
HAR1528,Cabdi Sheikh,M,9,9F,Rom,Mr J. Ferreira,2012-10-02,13.9,Black African (Somali),Somali,Yes - developing,No,None,,4.8,12y 7m,Geography,Music,91.1,3,174,36,2,poor,False,False,"Cabdi Sheikh is the reason three departments have moved seating plans this year. Currently 4.8 on average - on target in Geography, a full two grades off in Music. 174 behaviour points, 36 detentions, 2 suspensions - the worst being a fight in the DT corridor that took three staff to break up. Attendance 91.1%. Punctuality is the bigger problem: 3 lates this term. Lives with an uncle who is also his named carer in a maisonette off the high street. One of the leaders in reading buddies; it's the one place he's consistently brilliant. Child in Need plan open; social worker attends termly."
HAR1529,Bianca Popescu,F,9,9F,Rom,Mr J. Ferreira,2012-09-03,14.0,White Other (Romanian),Romani,Yes - developing,No,None,,4.2,12y 2m,Drama,Computing,92.4,4,98,27,1,poor,False,False,"Bianca Popescu is the reason three departments have moved seating plans this year. Currently 4.2 on average - on target in Drama, a full two grades off in Computing. 98 behaviour points and 1 suspension. Refuses to accept a sanction from anyone she hasn't decided she likes. Attendance 92.4%. Punctuality is the bigger problem: 4 lates this term. Lives with dad, who works two jobs above a shop on the parade. Supportive at home, but stretched thin. Obsessed with 3D printing to the point of doing homework about it unprompted. Young carer - registered with the borough."
HAR1530,Duc Nguyen,M,9,9F,Rom,Mr J. Ferreira,2012-11-11,13.8,Asian Other (Vietnamese),Vietnamese,Yes - developing,Yes,None,,1.1,10y 10m,Science,English,87.6,9,186,23,2,poor,True,False,"Duc Nguyen is well known to every member of staff in the building, and not for the right reasons. Reports are consistent: strong in Science, weak in English, average grade 1.1. Literacy is the bottleneck: reading age 10y 10m and handwriting that he's embarrassed about. 186 behaviour points, 2 suspensions, and a permanent exclusion narrowly avoided after an incident with a vape and a fire alarm. 87.6% attendance. The school has issued a formal warning and a penalty notice is on the table. Lives with grandmother as main carer in a two-bed flat. It's a full house and a quiet space to do homework doesn't really exist. Would rather be at athletics than in any lesson and says so openly."
HAR1531,Fiifi Asante,M,9,9F,Rom,Mr J. Ferreira,2012-11-07,13.8,Black African (Ghanaian),Twi,No,Yes,SEN Support (K),"SEMH - Social, Emotional & Mental Health",2.8,10y 6m,Maths,PE,99.7,2,66,4,0,mixed,False,False,"Fiifi Asante has SEMH - Social, Emotional & Mental Health and works with the SEN team most weeks. Currently 2.8 on average - on target in Maths, a full two grades off in PE. 66 behaviour points and 4 detentions, all for the same three things. Attendance 99.7% - never an issue. Lives in a flat with a lift that never works with aunt and uncle and five cousins. Obsessed with Afrobeats to the point of doing homework about it unprompted."
HAR1532,Tahmid Hoque,M,9,9F,Rom,Mr J. Ferreira,2012-11-04,13.8,British Bangladeshi,Sylheti,No,No,None,,4.0,13y 1m,Maths,English,91.4,7,4,0,0,good,False,False,"Tahmid Hoque is a solid, steady student who does what's asked and not a great deal more. Reports are consistent: strong in Maths, weak in English, average grade 4.0. Behaviour record is spotless: 4 points on the system all year. Attendance 91.4%. Punctuality is the bigger problem: 7 lates this term. Lives on the houses off Green Street with mum, dad and grandad, in a maisonette off the high street. It's a full house and a quiet space to do homework doesn't really exist. Spends every break on cars and car spotting."
HAR1533,Ricardo Oliveira,M,9,9F,Rom,Mr J. Ferreira,2012-10-17,13.9,White Other (Portuguese / Brazilian),Portuguese,Yes - developing,No,None,,6.0,13y 6m,English,Spanish,90.1,5,232,21,0,poor,False,False,"Ricardo Oliveira is funny, sharp and absolutely exhausting to teach. English is his best subject by a distance. Spanish is the one his tutor has to chase every report. 232 points and 21 detentions. Walked out of Maths shouting ""this lesson is dead"" and slammed the door hard enough to crack the glass. 90.1% attendance - enough to trigger a letter home but not a fine. Lives in a maisonette off the high street with mum and three younger siblings. Supportive at home, but stretched thin. Talks about dog walking for money constantly, in and out of lesson."
HAR1534,Archie Cooper,M,9,9F,Rom,Mr J. Ferreira,2013-05-27,13.3,White British,English,No,Yes,SEN Support (K),SpLD - Dyslexia,2.6,9y 9m,Maths,English,91.0,21,28,4,0,ok,False,False,"Archie Cooper has SpLD - Dyslexia and does far better with structure, warning of changes and a bit of patience. Sits on grade 2.6 overall. Teachers in Maths rate him highly, staff in English much less so. Reading age of 9y 9m against a chronological age of 13y 3m, which is the root of most of it. 28 points logged - low-level stuff: chatting, out of seat, phone on the desk. Attendance 91.0%, which the year team are keeping an eye on. At home it's mum only, above a shop on the parade. Runs cricket in the summer term and takes it more seriously than most of the staff do."
HAR1535,Kelechi Ogunleye,M,9,9F,Rom,Mr J. Ferreira,2013-06-27,13.2,Black African (Nigerian),Igbo,No,Yes,None,,2.9,11y 7m,Science,History,93.0,3,15,2,0,ok,False,False,"Kelechi Ogunleye arrived below expectations and, honestly, hasn't closed much ground since. Science is his best subject by a distance. History is the one his tutor has to chase every report. 15 points logged - low-level stuff: chatting, out of seat, phone on the desk. Attendance 93.0%, which the year team are keeping an eye on. Lives on the estate off Barking Road with mum and a disabled younger brother, in a flat with a lift that never works. The commute in is two buses and it shows in the punctuality data. Obsessed with fixing up mopeds to the point of doing homework about it unprompted. Managed move in from another East London secondary at the start of Year 9."
HAR1536,Simran Kaur,F,9,9F,Rom,Mr J. Ferreira,2012-12-17,13.7,British Indian,Malayalam,Yes - developing,Yes,None,,6.7,14y 5m,Geography,Design & Technology,100.0,3,7,1,0,good,False,False,"Simran Kaur is one of those students who makes a lesson easier just by being in it. Sits on grade 6.7 overall. Teachers in Geography rate her highly, staff in Design & Technology much less so. 7 points logged, every one of them for uniform or equipment rather than conduct. Attendance 100.0% - never an issue. Home is in a flat with a lift that never works with mum and a disabled younger brother. The commute in is two buses and it shows in the punctuality data. Would rather be at boxing club at the community gym than in any lesson and says so openly."
HAR1537,Zain Nawaz,M,9,9F,Rom,Mr J. Ferreira,2012-09-24,13.9,British Pakistani,Punjabi,No,No,None,,6.3,14y 1m,Maths,RE,98.1,3,7,0,0,good,False,False,"Zain Nawaz is a solid, steady student who does what's asked and not a great deal more. Reports are consistent: strong in Maths, weak in RE, average grade 6.3. Nothing on the behaviour log worth reading - 7 points total. Attendance 98.1%. The only absences are medical and always covered by a note. Lives in a house with a converted loft room with both parents and twin sisters. Older siblings came through Harford as well and staff remember the surname. Goes to Islamic Society lunchtime prayer every week without fail. Working with the school counsellor weekly."
HAR1538,Anwar Haddad,M,9,9F,Rom,Mr J. Ferreira,2012-12-17,13.7,Arab,Arabic (Levantine),Yes - fluent,Yes,SEN Support (K),"SEMH - Social, Emotional & Mental Health",4.6,11y 8m,History,Computing,74.7,6,185,35,1,poor,True,False,"Anwar Haddad has a temper that goes from nought to shouting in about four seconds. Average of 4.6 across the board, with a big spread between History and Computing. 185 behaviour points and 1 suspension. Refuses to accept a sanction from anyone he hasn't decided he likes. Attendance 74.7% - persistently absent and now with the Education Welfare Officer. Lives on the estate off Barking Road with an uncle who is also his named carer. Goes to table tennis every week without fail. Looked-after child, placed with foster carers in the borough since Year 8."
HAR1539,Liban Hersi,M,9,9F,Rom,Mr J. Ferreira,2012-10-01,13.9,Black African (Somali),Somali,Yes - fluent,Yes,None,,1.1,10y 0m,Maths,English,86.4,4,79,6,0,mixed,True,False,"Liban Hersi is capable but so far behind that catching up now looks unrealistic without serious intervention. Maths is his best subject by a distance. English is the one his tutor has to chase every report. Reading age assessed at 10y 0m. Everything else follows from that. 79 points logged - low-level stuff: chatting, out of seat, phone on the desk. Attendance 86.4% and falling. Weeks go by where nobody sees him. Lives in a one-bed with the living room as a bedroom with both parents and twin sisters. Quietly good at drill and UK rap, which nobody at school knew until Year 9. Looked-after child, placed with foster carers in the borough since Year 8."
HAR1540,Rakib Rahman,M,9,9F,Rom,Mr J. Ferreira,2012-12-24,13.7,British Bangladeshi,Sylheti,No,No,None,,4.8,12y 4m,English,Spanish,90.5,19,109,21,1,poor,False,False,"Rakib Rahman runs the room if you let him, and most supply teachers let him. Average of 4.8 across the board, with a big spread between English and Spanish. 109 behaviour points, 1 suspension, and a permanent exclusion narrowly avoided after an incident with a vape and a fire alarm. 90.5% attendance - enough to trigger a letter home but not a fine. Lives in a one-bed with the living room as a bedroom with both parents and an older brother. Whoever's home in the morning is doing four school runs, so he's largely left to sort himself out. Runs boxercise and takes it more seriously than most of the staff do. Mentored by the school's attendance and inclusion lead."
HAR1541,Migle Jankauskas,F,10,10A,Lea,Mr A. Bhatti,2012-03-15,14.5,White Other (Lithuanian),Lithuanian,No,No,None,,2.5,11y 7m,English Literature,English Language,100.0,4,29,2,0,ok,False,False,"Migle Jankauskas is capable but so far behind that catching up now looks unrealistic without serious intervention. Average working grade 2.5. English Literature is well above the rest; English Language is dragging the profile down. Reading age assessed at 11y 7m. Everything else follows from that. 29 points. Nothing serious, but the pattern is talking over staff and refusing to move seats. Attendance 100.0% - never an issue. At home it's grandmother as main carer, in a one-bed with the living room as a bedroom. Spends every break on Leyton Orient."
HAR1542,Rumana Aktar,F,10,10A,Lea,Mr A. Bhatti,2011-09-17,15.0,British Bangladeshi,Sylheti,Yes - fluent,No,EHCP,SpLD - Dyslexia,4.9,12y 0m,Design & Technology,English Language,84.0,13,188,29,0,poor,True,False,"Rumana Aktar has SpLD - Dyslexia and works with the SEN team most weeks. Reports are consistent: strong in Design & Technology, weak in English Language, average grade 4.9. 188 behaviour points and 0 suspensions. Refuses to accept a sanction from anyone she hasn't decided she likes. 84.0% attendance. The school has issued a formal warning and a penalty notice is on the table. Lives in a one-bed with the living room as a bedroom with mum and a disabled younger brother. Whoever's home in the morning is doing four school runs, so she's largely left to sort herself out. Would rather be at basketball than in any lesson and says so openly. EHCP names 20 hours of TA support a week and access arrangements for exams."
HAR1543,Akua Appiah,F,10,10A,Lea,Mr A. Bhatti,2012-06-17,14.2,Black African (Ghanaian),Ga,Yes - new to English,No,None,,3.3,12y 8m,Maths,Religious Studies,87.4,12,214,39,1,poor,True,False,"Akua Appiah is a new-to-English arrival who is far cleverer than her written work can show yet. Reports are consistent: strong in Maths, weak in Religious Studies, average grade 3.3. 214 behaviour points and 39 detentions. Told a cover teacher to ""fuck off"" in March and got two days internal. 87.4% attendance. The school has issued a formal warning and a penalty notice is on the table. Lives with mum, stepdad and a new baby in a terraced house shared with an aunt's family. Nobody at home has the confidence to challenge the school, which staff are conscious of. Goes to school production every week without fail. Reduced timetable agreed with parents until Christmas."
HAR1544,Anish Pillai,M,10,10A,Lea,Mr A. Bhatti,2012-05-06,14.3,British Indian,Tamil,Yes - developing,No,SEN Support (K),SpLD - Dyslexia,5.5,13y 7m,Music,English Language,99.4,4,10,2,0,ok,False,False,"Anish Pillai has SpLD - Dyslexia and works with the SEN team most weeks. Reports are consistent: strong in Music, weak in English Language, average grade 5.5. 10 behaviour points and 2 detentions, all for the same three things. Attendance sits at 99.4% with no unauthorised absence. Lives with mum and a disabled younger brother in a one-bed with the living room as a bedroom. Money is tight and everyone in the house knows it. Talks about Arsenal constantly, in and out of lesson. Recently bereaved - lost his grandfather last year and it shows."
HAR1545,Sanjida Alam,F,10,10A,Lea,Mr A. Bhatti,2012-08-10,14.1,British Bangladeshi,Bengali,No,No,None,,5.7,13y 2m,Maths,English Literature,98.5,1,27,4,0,ok,False,False,"Sanjida Alam is a grafter. Nothing comes easily but she keeps showing up and keeps trying. Average of 5.7 across the board, with a big spread between Maths and English Literature. 27 behaviour points and 4 detentions, all for the same three things. Attendance 98.5% - never an issue. Home is in a flat with a lift that never works with mum, stepdad and a new baby. Goes to LGBTQ+ alliance every week without fail."
HAR1546,Bradley Sparrow,M,10,10A,Lea,Mr A. Bhatti,2012-05-02,14.3,White British,English,No,No,SEN Support (K),MLD - Moderate Learning Difficulty,1.7,10y 2m,English Literature,English Language,95.4,4,42,12,0,mixed,False,False,"Bradley Sparrow has MLD - Moderate Learning Difficulty and works with the SEN team most weeks. Currently 1.7 on average - on target in English Literature, a full two grades off in English Language. Reading age assessed at 10y 2m. Everything else follows from that. 42 points logged - low-level stuff: chatting, out of seat, phone on the desk. 95.4% attendance and always on time. At home it's aunt and uncle and five cousins, in a one-bed with the living room as a bedroom. The commute in is two buses and it shows in the punctuality data. Goes to table tennis every week without fail."
HAR1547,Jordan Nash,M,10,10A,Lea,Mr A. Bhatti,2011-12-22,14.7,White British,English,No,No,None,,7.8,16y 9m,Maths,English Language,85.3,6,7,0,0,good,True,False,"Jordan Nash is quietly brilliant - the sort of student who hands work in early and then asks for more. Sits on grade 7.8 overall. Teachers in Maths rate him highly, staff in English Language much less so. 7 behaviour points and no detentions. Staff use him as the example. Attendance 85.3% - persistently absent and now with the Education Welfare Officer. Lives on the Carpenters Estate with mum and three younger siblings. Known across the year for baking. Working with the school counsellor weekly."
HAR1548,Ardit Berisha,M,10,10A,Lea,Mr A. Bhatti,2012-07-23,14.1,White Other (Albanian),Albanian,Yes - fluent,No,None,,3.1,12y 5m,PE (GCSE),Media Studies,85.9,6,191,33,0,poor,True,False,"Ardit Berisha is bright enough to be doing well and chooses, daily, not to. PE (GCSE) is his best subject by a distance. Media Studies is the one his tutor has to chase every report. 191 points and 33 detentions. Walked out of Maths shouting ""this lesson is dead"" and slammed the door hard enough to crack the glass. Attendance 85.9% - persistently absent and now with the Education Welfare Officer. Lives in a terraced house shared with an aunt's family with both parents, both working in the family business. The family are on the phone to the office constantly - engaged, if a bit much. Known across the year for roller skating."
HAR1549,Jannatul Islam,F,10,10A,Lea,Mr A. Bhatti,2011-10-05,14.9,British Bangladeshi,Bengali,Yes - fluent,Yes,None,,5.4,13y 10m,Design & Technology,Art & Design,93.8,2,235,14,1,poor,False,False,"Jannatul Islam is the reason three departments have moved seating plans this year. Design & Technology is her best subject by a distance. Art & Design is the one her tutor has to chase every report. 235 behaviour points and 1 suspension. Refuses to accept a sanction from anyone she hasn't decided she likes. Attendance 93.8%, which the year team are keeping an eye on. At home it's mum, dad and grandad, in a one-bed with the living room as a bedroom. Spends every break on hairdressing. Referred to the borough's youth violence reduction team after being robbed for her phone on the way home."
HAR1550,Louise Butler,F,10,10A,Lea,Mr A. Bhatti,2011-10-12,14.9,White British,English,No,Yes,None,,4.1,12y 0m,English Language,English Literature,93.1,1,26,2,0,ok,False,False,"Louise Butler is a solid, steady student who does what's asked and not a great deal more. Reports are consistent: strong in English Language, weak in English Literature, average grade 4.1. 26 behaviour points and 2 detentions, all for the same three things. Attendance 93.1%. Punctuality is the bigger problem: 1 lates this term. Lives with mum, dad and four siblings in temporary accommodation. Older siblings came through Harford as well and staff remember the surname. One of the leaders in Warhammer club; it's the one place she's consistently brilliant."
HAR1551,Chiamaka Afolabi,F,10,10A,Lea,Mr A. Bhatti,2012-08-13,14.1,Black African (Nigerian),Edo,No,No,None,,4.7,13y 7m,Maths,English Literature,96.1,4,89,8,0,mixed,False,False,"Chiamaka Afolabi is reliable in lessons she likes and drifts badly in the ones she doesn't. Working at grade 4.7 on average, with Maths the clear strength and English Literature the obvious weak spot. 89 behaviour points, mostly talking, phones and being late to period one. Attendance sits at 96.1% with no unauthorised absence. Lives on the Manor Park end with mum, dad and four siblings, in a two-bed flat. Supportive at home, but stretched thin. Spends every break on 3D printing."
HAR1552,Tasnim Aktar,F,10,10A,Lea,Mr A. Bhatti,2012-01-20,14.6,British Bangladeshi,Bengali,No,No,None,,4.6,13y 2m,English Language,Combined Science,100.0,0,27,1,0,ok,False,False,"Tasnim Aktar is a grafter. Nothing comes easily but she keeps showing up and keeps trying. Average of 4.6 across the board, with a big spread between English Language and Combined Science. 27 points. Nothing serious, but the pattern is talking over staff and refusing to move seats. Attendance sits at 100.0% with no unauthorised absence. Lives with aunt and uncle and five cousins in a one-bed with the living room as a bedroom. The commute in is two buses and it shows in the punctuality data. One of the leaders in chess club; it's the one place she's consistently brilliant."
HAR1553,Alexandru Popescu,M,10,10A,Lea,Mr A. Bhatti,2012-03-09,14.5,White Other (Romanian),Romanian,Yes - fluent,Yes,None,,5.6,14y 7m,Combined Science,English Literature,93.3,1,23,2,0,ok,False,False,"Alexandru Popescu is a decent worker who gets by on effort more than natural ability. Sits on grade 5.6 overall. Teachers in Combined Science rate him highly, staff in English Literature much less so. 23 behaviour points, mostly talking, phones and being late to period one. 93.3% attendance - enough to trigger a letter home but not a fine. Lives on the estate off Barking Road with an uncle who is also his named carer. One of the leaders in peer mentoring; it's the one place he's consistently brilliant."
HAR1554,Lacey Gallagher,F,10,10A,Lea,Mr A. Bhatti,2012-02-12,14.6,White British,English,No,No,None,,6.5,14y 10m,English Language,Maths,94.7,3,90,12,0,mixed,False,False,"Lacey Gallagher is one of the strongest students in Year 10, and staff talk about her as a genuine top-set kid. Currently 6.5 on average - on target in English Language, a full two grades off in Maths. 90 points logged - low-level stuff: chatting, out of seat, phone on the desk. Attendance has slipped to 94.7% and there's a pattern of Monday mornings. Home is in a maisonette off the high street with grandmother as main carer. Spends every break on baking."
HAR1555,Abdi Jama,M,10,10A,Lea,Mr A. Bhatti,2011-12-16,14.7,Black African (Somali),Somali,No,No,None,,4.0,13y 11m,Combined Science,Business Studies,94.4,0,16,2,0,ok,False,False,"Abdi Jama is a solid, steady student who does what's asked and not a great deal more. Sits on grade 4.0 overall. Teachers in Combined Science rate him highly, staff in Business Studies much less so. 16 points logged - low-level stuff: chatting, out of seat, phone on the desk. Attendance has slipped to 94.4% and there's a pattern of Monday mornings. Lives on the Manor Park end with both parents and twin sisters, in a one-bed with the living room as a bedroom. Spends every break on Arsenal."
HAR1556,Simisola Nwosu,F,10,10A,Lea,Mr A. Bhatti,2012-08-18,14.0,Black African (Nigerian),Nigerian Pidgin,No,No,None,,8.0,15y 10m,English Language,English Literature,88.9,18,6,0,0,good,True,False,"Simisola Nwosu is one of those students who makes a lesson easier just by being in it. Average working grade 8.0. English Language is well above the rest; English Literature is dragging the profile down. 6 behaviour points, which for this school is nothing at all. Attendance has slipped to 88.9% and there's a pattern of Monday mornings. Lives in a one-bed with the living room as a bedroom with aunt and uncle and five cousins. Parents' evening attendance is patchy, and it's shift work rather than a lack of interest. Talks about Afrobeats constantly, in and out of lesson."
HAR1557,Yalini Rajendran,F,10,10A,Lea,Mr A. Bhatti,2012-01-04,14.7,Asian Other (Sri Lankan Tamil),Tamil,No,No,None,,2.0,11y 2m,Media Studies,English Language,92.6,2,204,18,0,poor,False,False,"Yalini Rajendran has a temper that goes from nought to shouting in about four seconds. Reports are consistent: strong in Media Studies, weak in English Language, average grade 2.0. Reading age assessed at 11y 2m. Everything else follows from that. 204 points, 18 detentions and 0 fixed-term suspensions. Last one was for calling a member of SLT a bitch in front of a Year 7 class. Attendance has slipped to 92.6% and there's a pattern of Monday mornings. Lives on the flats behind the Roman Road with mum, stepdad and a new baby. Money is tight and everyone in the house knows it. Would rather be at gospel choir than in any lesson and says so openly."
HAR1558,Nusrat Ahmed,F,10,10A,Lea,Mr A. Bhatti,2012-03-10,14.5,British Bangladeshi,Sylheti,No,Yes,None,,8.0,16y 5m,English Literature,English Language,90.8,20,1,0,0,good,False,False,"Nusrat Ahmed reads well above her age and has an answer for everything, usually the right one. Average of 8.0 across the board, with a big spread between English Literature and English Language. 1 points logged, every one of them for uniform or equipment rather than conduct. Attendance 90.8%. Punctuality is the bigger problem: 20 lates this term. Lives with mum and her partner in temporary accommodation. Money is tight and everyone in the house knows it. One of the leaders in Islamic Society lunchtime prayer; it's the one place she's consistently brilliant."
HAR1559,Hasibur Ahmed,M,10,10A,Lea,Mr A. Bhatti,2012-07-24,14.1,British Bangladeshi,Bengali,Yes - fluent,Yes,None,,4.7,13y 10m,History,Maths,97.3,2,2,0,0,good,False,False,"Hasibur Ahmed is the definition of middle of the road - never in trouble, never top of the class. Sits on grade 4.7 overall. Teachers in History rate him highly, staff in Maths much less so. 2 behaviour points and no detentions. Staff use him as the example. Attendance 97.3%. The only absences are medical and always covered by a note. Home is in a two-bed flat with mum, dad and grandad. The commute in is two buses and it shows in the punctuality data. Would rather be at chess club than in any lesson and says so openly."
HAR1560,Abdi Farah,M,10,10A,Lea,Mr A. Bhatti,2012-03-08,14.5,Black African (Somali),Somali,No,No,None,,4.7,13y 3m,English Language,Geography,97.2,4,2,0,0,good,False,False,"Abdi Farah is pleasant, chatty and easily distracted, but the work gets done in the end. Currently 4.7 on average - on target in English Language, a full two grades off in Geography. 2 points logged, every one of them for uniform or equipment rather than conduct. Attendance sits at 97.2% with no unauthorised absence. Home is in a one-bed with the living room as a bedroom with both parents, both working in the family business. Whoever's home in the morning is doing four school runs, so he's largely left to sort himself out. Big into K-pop."
HAR1561,Tahmina Alam,F,10,10A,Lea,Mr A. Bhatti,2011-09-02,15.0,British Bangladeshi,Sylheti,Yes - developing,No,None,,3.9,12y 10m,English Language,Maths,85.5,7,102,37,2,poor,True,False,"Tahmina Alam is bright enough to be doing well and chooses, daily, not to. Working at grade 3.9 on average, with English Language the clear strength and Maths the obvious weak spot. 102 behaviour points, 37 detentions, 2 suspensions - the worst being a fight in the DT corridor that took three staff to break up. Attendance 85.5%. Two attendance meetings held, one missed by the family. Lives on the estate off Barking Road with mum, stepdad and a new baby, in a one-bed with the living room as a bedroom. Supportive at home, but stretched thin. Quietly good at drill and UK rap, which nobody at school knew until Year 9."
HAR1562,Callum Tanner,M,10,10A,Lea,Mr A. Bhatti,2011-11-25,14.8,White British,English,No,No,None,,4.9,13y 4m,English Language,Computer Science,88.4,5,71,6,0,mixed,True,False,"Callum Tanner is a decent worker who gets by on effort more than natural ability. Currently 4.9 on average - on target in English Language, a full two grades off in Computer Science. 71 points. Nothing serious, but the pattern is talking over staff and refusing to move seats. Attendance 88.4%, which the year team are keeping an eye on. At home it's an older sister who does most of the parenting, in a council flat on the fourth floor. Housing changed twice in the last two years and you can see it in the exercise books. Would rather be at STEM club than in any lesson and says so openly."
HAR1563,Bukola Adewale,F,10,10A,Lea,Mr A. Bhatti,2012-04-07,14.4,Black African (Nigerian),Nigerian Pidgin,No,Yes,None,,5.8,13y 10m,Spanish,Combined Science,96.3,0,14,3,0,ok,False,False,"Bukola Adewale is reliable in lessons she likes and drifts badly in the ones she doesn't. Sits on grade 5.8 overall. Teachers in Spanish rate her highly, staff in Combined Science much less so. 14 behaviour points, mostly talking, phones and being late to period one. 96.3% attendance and always on time. Home is in a maisonette off the high street with an uncle who is also her named carer. Quietly good at graffiti and lettering, which nobody at school knew until Year 9."
HAR1564,Blessing Okonkwo,F,10,10A,Lea,Mr A. Bhatti,2012-05-26,14.3,Black African (Nigerian),Yoruba,Yes - developing,No,None,,3.6,12y 9m,Food Prep & Nutrition,English Language,89.4,12,80,8,0,mixed,True,False,"Blessing Okonkwo is a solid, steady student who does what's asked and not a great deal more. Currently 3.6 on average - on target in Food Prep & Nutrition, a full two grades off in English Language. 80 points. Nothing serious, but the pattern is talking over staff and refusing to move seats. 89.4% attendance - enough to trigger a letter home but not a fine. Home is in a maisonette off the high street with dad and stepmum. Quietly good at Leyton Orient, which nobody at school knew until Year 9."
HAR1565,Georgia Turner,F,10,10A,Lea,Mr A. Bhatti,2011-11-28,14.8,White British,English,No,No,None,,4.6,13y 0m,English Language,English Literature,86.5,10,217,34,2,poor,True,False,"Georgia Turner is well known to every member of staff in the building, and not for the right reasons. Reports are consistent: strong in English Language, weak in English Literature, average grade 4.6. 217 behaviour points, 2 suspensions, and a permanent exclusion narrowly avoided after an incident with a vape and a fire alarm. Attendance 86.5% - persistently absent and now with the Education Welfare Officer. At home it's foster carers, in a two-bed flat. The family are on the phone to the office constantly - engaged, if a bit much. Big into cooking with her nan."
HAR1566,Daniela Santos,F,10,10A,Lea,Mr A. Bhatti,2011-11-17,14.8,White Other (Portuguese / Brazilian),Portuguese,Yes - fluent,Yes,None,,9.0,16y 11m,English Language,Media Studies,84.1,13,17,1,0,ok,True,False,"Daniela Santos sits near the front, works from the second the bell goes, and rarely needs telling twice. Sits on grade 9.0 overall. Teachers in English Language rate her highly, staff in Media Studies much less so. 17 points. Nothing serious, but the pattern is talking over staff and refusing to move seats. Attendance 84.1% and falling. Weeks go by where nobody sees her. Home is in a two-bed flat with mum and a disabled younger brother. Parents' evening attendance is patchy, and it's shift work rather than a lack of interest. One of the leaders in cooking club; it's the one place she's consistently brilliant."
HAR1567,Naomi Francis,F,10,10A,Lea,Mr A. Bhatti,2012-01-01,14.7,Black Caribbean / Mixed Black Caribbean,Jamaican Patois,No,Yes,None,,5.1,14y 3m,English Language,Music,81.4,14,10,1,0,ok,True,False,"Naomi Francis is reliable in lessons she likes and drifts badly in the ones she doesn't. Working at grade 5.1 on average, with English Language the clear strength and Music the obvious weak spot. 10 points. Nothing serious, but the pattern is talking over staff and refusing to move seats. Attendance 81.4% and falling. Weeks go by where nobody sees her. Lives on the Chrisp Street area with an older sister who does most of the parenting, in a flat with a lift that never works. Whoever's home in the morning is doing four school runs, so she's largely left to sort herself out. Would rather be at chess club than in any lesson and says so openly."
HAR1568,Jubayer Uddin,M,10,10A,Lea,Mr A. Bhatti,2012-03-26,14.4,British Bangladeshi,Sylheti,No,No,None,,3.5,12y 3m,Maths,English Literature,94.9,1,7,1,0,good,False,False,"Jubayer Uddin is a grafter. Nothing comes easily but he keeps showing up and keeps trying. Reports are consistent: strong in Maths, weak in English Literature, average grade 3.5. Reading age of 12y 3m against a chronological age of 14y 5m, which is the root of most of it. 7 points logged, every one of them for uniform or equipment rather than conduct. Attendance 94.9%, which the year team are keeping an eye on. At home it's mum and a disabled younger brother, in a flat with a lift that never works. Whoever's home in the morning is doing four school runs, so he's largely left to sort himself out. Would rather be at coding club than in any lesson and says so openly."
HAR1569,Musa Sultana,M,10,10A,Lea,Mr A. Bhatti,2012-08-22,14.0,British Bangladeshi,Sylheti,Yes - developing,Yes,None,,5.9,13y 10m,English Literature,English Language,97.6,0,2,0,0,good,False,False,"Musa Sultana is a grafter. Nothing comes easily but he keeps showing up and keeps trying. Working at grade 5.9 on average, with English Literature the clear strength and English Language the obvious weak spot. Nothing on the behaviour log worth reading - 2 points total. Attendance 97.6%. The only absences are medical and always covered by a note. Lives in a house with a converted loft room with foster carers. Whoever's home in the morning is doing four school runs, so he's largely left to sort himself out. Would rather be at boxercise than in any lesson and says so openly."
HAR1570,Miraj Miah,M,10,10A,Lea,Mr A. Bhatti,2012-03-06,14.5,British Bangladeshi,Bengali,Yes - developing,No,SEN Support (K),"SEMH - Social, Emotional & Mental Health",3.9,11y 6m,Maths,Combined Science,94.8,1,17,4,0,ok,False,False,"Miraj Miah has SEMH - Social, Emotional & Mental Health, which shapes how he copes with a full timetable in a building this loud. Maths is his best subject by a distance. Combined Science is the one his tutor has to chase every report. 17 behaviour points and 4 detentions, all for the same three things. Attendance has slipped to 94.8% and there's a pattern of Monday mornings. Lives on the houses off Green Street with dad, who works two jobs, in a one-bed with the living room as a bedroom. Runs football (girls') and takes it more seriously than most of the staff do."
HAR1571,Abdirahman Abdalla,M,10,10B,Roding,Mrs E. Lightfoot,2011-09-09,15.0,Black African (Somali),Somali,No,No,None,,5.0,13y 6m,Maths,English Literature,93.7,0,6,1,0,good,False,False,"Abdirahman Abdalla is quiet to the point of being invisible in some lessons and staff have to make an effort to notice him. Average working grade 5.0. Maths is well above the rest; English Literature is dragging the profile down. 6 behaviour points, which for this school is nothing at all. Attendance 93.7%, which the year team are keeping an eye on. At home it's grandmother as main carer, in a two-bed flat. Known across the year for streaming on Twitch."
HAR1572,Jordan Doyle,M,10,10B,Roding,Mrs E. Lightfoot,2012-04-24,14.4,White British,English,No,Yes,SEN Support (K),"SEMH - Social, Emotional & Mental Health",1.0,9y 7m,Maths,English Language,77.2,10,116,33,0,poor,True,False,"Jordan Doyle is the loudest voice in every corridor between lessons. Average working grade 1.0. Maths is well above the rest; English Language is dragging the profile down. Reading age assessed at 9y 7m. Everything else follows from that. 116 behaviour points, 33 detentions, 0 suspensions - the worst being a fight in the DT corridor that took three staff to break up. Attendance 77.2% - persistently absent and now with the Education Welfare Officer. Lives on the Aldgate side of the borough with mum and her partner, in a terraced house shared with an aunt's family. Money is tight and everyone in the house knows it. Known across the year for swimming. Off-site alternative provision two days a week."
HAR1573,Imtiaz Sultana,M,10,10B,Roding,Mrs E. Lightfoot,2012-06-01,14.3,British Bangladeshi,Bengali,Yes - fluent,Yes,None,,7.7,15y 10m,Business Studies,English Literature,87.5,20,8,1,0,ok,True,False,"Imtiaz Sultana reads well above his age and has an answer for everything, usually the right one. Sits on grade 7.7 overall. Teachers in Business Studies rate him highly, staff in English Literature much less so. 8 points. Nothing serious, but the pattern is talking over staff and refusing to move seats. Attendance 87.5% - persistently absent and now with the Education Welfare Officer. Lives with dad and stepmum in a house with a converted loft room. Whoever's home in the morning is doing four school runs, so he's largely left to sort himself out. Runs football (girls') and takes it more seriously than most of the staff do."
HAR1574,Umut Celik,M,10,10B,Roding,Mrs E. Lightfoot,2011-10-09,14.9,White Other (Turkish / Kurdish),Turkish,Yes - new to English,No,None,,2.1,12y 9m,English Language,Maths,100.0,1,46,7,0,mixed,False,False,"Umut Celik joined Harford in Year 8 with almost no English and has come a long way, fast. English Language is his best subject by a distance. Maths is the one his tutor has to chase every report. Reading age of 12y 9m against a chronological age of 14y 10m, which is the root of most of it. 46 behaviour points, mostly talking, phones and being late to period one. 100.0% attendance and always on time. At home it's both parents and twin sisters, in temporary accommodation. Parents' evening attendance is patchy, and it's shift work rather than a lack of interest. Quietly good at cooking with her nan, which nobody at school knew until Year 9."
HAR1575,Dean Crabtree,M,10,10B,Roding,Mrs E. Lightfoot,2012-07-17,14.1,White British,English,No,No,SEN Support (K),MLD - Moderate Learning Difficulty,3.9,11y 7m,Design & Technology,English Literature,100.0,0,64,12,0,mixed,False,False,"Dean Crabtree is a grafter. Nothing comes easily but he keeps showing up and keeps trying. Working at grade 3.9 on average, with Design & Technology the clear strength and English Literature the obvious weak spot. 64 points. Nothing serious, but the pattern is talking over staff and refusing to move seats. Attendance sits at 100.0% with no unauthorised absence. Lives in a maisonette off the high street with an older sister who does most of the parenting. Parents' evening attendance is patchy, and it's shift work rather than a lack of interest. Known across the year for hairdressing."
HAR1576,Sagal Yusuf,F,10,10B,Roding,Mrs E. Lightfoot,2011-10-09,14.9,Black African (Somali),Somali,Yes - fluent,Yes,None,,6.3,15y 8m,Maths,English Language,87.1,15,117,29,1,poor,True,False,"Sagal Yusuf is bright enough to be doing well and chooses, daily, not to. Average of 6.3 across the board, with a big spread between Maths and English Language. 117 points, 29 detentions and 1 fixed-term suspension. Last one was for calling a member of SLT a bitch in front of a Year 7 class. Attendance 87.1%. Two attendance meetings held, one missed by the family. At home it's mum and her partner, in temporary accommodation. Talks about producing beats on FL Studio constantly, in and out of lesson. Mentored by the school's attendance and inclusion lead."
HAR1577,Ionela Constantin,F,10,10B,Roding,Mrs E. Lightfoot,2012-07-05,14.2,White Other (Romanian),Romani,Yes - fluent,No,None,,2.8,11y 5m,English Language,Maths,92.4,1,43,6,0,mixed,False,False,"Ionela Constantin arrived below expectations and, honestly, hasn't closed much ground since. Currently 2.8 on average - on target in English Language, a full two grades off in Maths. Reading age assessed at 11y 5m. Everything else follows from that. 43 behaviour points and 6 detentions, all for the same three things. Attendance has slipped to 92.4% and there's a pattern of Monday mornings. Home is in a flat with a lift that never works with aunt and uncle and five cousins. It's a full house and a quiet space to do homework doesn't really exist. Spends every break on sewing and altering clothes."
HAR1578,Elif Dogan,F,10,10B,Roding,Mrs E. Lightfoot,2011-11-05,14.8,White Other (Turkish / Kurdish),Turkish,Yes - fluent,Yes,None,,1.7,10y 11m,Combined Science,English Language,96.7,3,29,4,0,ok,False,False,"Elif Dogan is one of the lowest attainers in Year 10 and the department has run out of easy ideas. Sits on grade 1.7 overall. Teachers in Combined Science rate her highly, staff in English Language much less so. 29 behaviour points, mostly talking, phones and being late to period one. Attendance sits at 96.7% with no unauthorised absence. At home it's both parents and an older brother, in a flat with a lift that never works. Talks about West Ham constantly, in and out of lesson."
HAR1579,Minh Nguyen,M,10,10B,Roding,Mrs E. Lightfoot,2011-09-09,15.0,Asian Other (Vietnamese),Vietnamese,Yes - new to English,No,None,,3.3,13y 2m,Food Prep & Nutrition,English Literature,97.9,4,18,3,0,ok,False,False,"Minh Nguyen joined Harford in Year 8 with almost no English and has come a long way, fast. Sits on grade 3.3 overall. Teachers in Food Prep & Nutrition rate him highly, staff in English Literature much less so. Reading age assessed at 13y 2m. Everything else follows from that. 18 points. Nothing serious, but the pattern is talking over staff and refusing to move seats. Attendance 97.9%. The only absences are medical and always covered by a note. At home it's both parents and twin sisters, in temporary accommodation. Supportive at home, but stretched thin. Quietly good at football stats and fantasy leagues, which nobody at school knew until Year 9."
HAR1580,Marius Popescu,M,10,10B,Roding,Mrs E. Lightfoot,2012-01-16,14.6,White Other (Romanian),Romani,Yes - fluent,No,None,,2.5,11y 7m,Maths,History,88.2,9,171,37,1,poor,True,False,"Marius Popescu does not walk away from anything, which is most of the problem. Sits on grade 2.5 overall. Teachers in Maths rate him highly, staff in History much less so. Reading age assessed at 11y 7m. Everything else follows from that. 171 points, 37 detentions. Told his Head of Year, word for word, that the school could ""do one"" - then apologised properly the next day, which is the frustrating bit. Attendance has slipped to 88.2% and there's a pattern of Monday mornings. Lives on the Beckton end with aunt and uncle and five cousins, in a house with a converted loft room. Goes to young carers group every week without fail."
HAR1581,Tahmina Ali,F,10,10B,Roding,Mrs E. Lightfoot,2012-05-27,14.3,British Bangladeshi,Sylheti,No,No,None,,4.3,12y 9m,Media Studies,English Language,79.9,22,166,22,1,poor,True,False,"Tahmina Ali is well known to every member of staff in the building, and not for the right reasons. Working at grade 4.3 on average, with Media Studies the clear strength and English Language the obvious weak spot. 166 behaviour points, 22 detentions, 1 suspension - the worst being a fight in the DT corridor that took three staff to break up. Attendance 79.9%. Two attendance meetings held, one missed by the family. Home is in a terraced house shared with an aunt's family with mum and three younger siblings. It's a full house and a quiet space to do homework doesn't really exist. Would rather be at LGBTQ+ alliance than in any lesson and says so openly. Young carer - registered with the borough."
HAR1582,Gabija Navickas,F,10,10B,Roding,Mrs E. Lightfoot,2012-05-20,14.3,White Other (Lithuanian),Lithuanian,Yes - fluent,No,None,,3.6,12y 8m,English Language,History,96.6,2,29,3,0,ok,False,False,"Gabija Navickas is the definition of middle of the road - never in trouble, never top of the class. English Language is her best subject by a distance. History is the one her tutor has to chase every report. 29 points logged - low-level stuff: chatting, out of seat, phone on the desk. 96.6% attendance and always on time. At home it's aunt and uncle and five cousins, in a maisonette off the high street. Nobody at home has the confidence to challenge the school, which staff are conscious of. Obsessed with skateboarding to the point of doing homework about it unprompted."
HAR1583,Klaudia Zielinski,F,10,10B,Roding,Mrs E. Lightfoot,2011-09-08,15.0,White Other (Polish),Polish,No,No,None,,5.9,15y 6m,English Literature,Drama,99.5,2,60,9,0,mixed,False,False,"Klaudia Zielinski is quiet to the point of being invisible in some lessons and staff have to make an effort to notice her. Average working grade 5.9. English Literature is well above the rest; Drama is dragging the profile down. 60 behaviour points, mostly talking, phones and being late to period one. Attendance 99.5% - never an issue. Lives above a shop on the parade with dad and stepmum. Older siblings came through Harford as well and staff remember the surname. Goes to athletics every week without fail."
HAR1584,Junaid Talukder,M,10,10B,Roding,Mrs E. Lightfoot,2011-12-07,14.7,British Bangladeshi,Bengali,Yes - developing,No,None,,4.4,13y 8m,English Language,English Literature,97.4,2,10,2,0,ok,False,False,"Junaid Talukder is a grafter. Nothing comes easily but he keeps showing up and keeps trying. Currently 4.4 on average - on target in English Language, a full two grades off in English Literature. 10 behaviour points and 2 detentions, all for the same three things. 97.4% attendance and always on time. At home it's both parents and an older brother, in a flat with a lift that never works. Older siblings came through Harford as well and staff remember the surname. Runs dance troupe and takes it more seriously than most of the staff do."
HAR1585,Saira Akhtar,F,10,10B,Roding,Mrs E. Lightfoot,2012-08-02,14.1,British Pakistani,Punjabi,No,No,None,,4.8,13y 11m,Computer Science,English Language,93.8,0,1,1,0,good,False,False,"Saira Akhtar sits mid-table across the board and is happy there, which frustrates her tutor. Currently 4.8 on average - on target in Computer Science, a full two grades off in English Language. 1 behaviour points, which for this school is nothing at all. 93.8% attendance - enough to trigger a letter home but not a fine. Home is in a one-bed with the living room as a bedroom with foster carers. English isn't the main language at home, so letters get read by an older sibling. Runs football (girls') and takes it more seriously than most of the staff do. Mentored by the school's attendance and inclusion lead."
HAR1586,Mason Doherty,M,10,10B,Roding,Mrs E. Lightfoot,2012-07-12,14.1,White British,English,No,No,None,,2.9,11y 0m,Maths,English Language,99.5,4,81,4,0,mixed,False,False,"Mason Doherty arrived below expectations and, honestly, hasn't closed much ground since. Sits on grade 2.9 overall. Teachers in Maths rate him highly, staff in English Language much less so. 81 behaviour points, mostly talking, phones and being late to period one. Attendance 99.5% - never an issue. Lives on the towers on Devons Road with mum, dad and grandad, in a maisonette off the high street. Talks about producing beats on FL Studio constantly, in and out of lesson. Referred to CAMHS, still on the waiting list."
HAR1587,Bukola Ogunleye,F,10,10B,Roding,Mrs E. Lightfoot,2012-04-12,14.4,Black African (Nigerian),Edo,Yes - developing,Yes,None,,5.0,13y 0m,English Literature,English Language,98.9,2,4,0,0,good,False,False,"Bukola Ogunleye is a grafter. Nothing comes easily but she keeps showing up and keeps trying. Average of 5.0 across the board, with a big spread between English Literature and English Language. Nothing on the behaviour log worth reading - 4 points total. Attendance 98.9% - never an issue. Lives on the Beckton end with mum and a disabled younger brother, in a house with a converted loft room. It's a full house and a quiet space to do homework doesn't really exist. Spends every break on Chelsea."
HAR1588,Erion Bajrami,M,10,10B,Roding,Mrs E. Lightfoot,2011-09-08,15.0,White Other (Albanian),Albanian,No,No,None,,5.2,13y 11m,Drama,English Language,96.3,3,89,12,1,mixed,False,False,"Erion Bajrami is a grafter. Nothing comes easily but he keeps showing up and keeps trying. Reports are consistent: strong in Drama, weak in English Language, average grade 5.2. 89 behaviour points and 12 detentions, all for the same three things. Attendance 96.3% - never an issue. Lives on the estate off Barking Road with mum, stepdad and a new baby. Runs football (boys') and takes it more seriously than most of the staff do."
HAR1589,Talha Akhtar,M,10,10B,Roding,Mrs E. Lightfoot,2012-04-15,14.4,British Pakistani,Punjabi,Yes - fluent,No,SEN Support (K),Tourette's Syndrome,5.3,12y 2m,English Language,Music,94.6,4,62,12,0,mixed,False,False,"Talha Akhtar has Tourette's Syndrome and does far better with structure, warning of changes and a bit of patience. Reports are consistent: strong in English Language, weak in Music, average grade 5.3. 62 behaviour points and 12 detentions, all for the same three things. 94.6% attendance - enough to trigger a letter home but not a fine. Lives on the Beckton end with both parents and an older brother, in a one-bed with the living room as a bedroom. Would rather be at choir than in any lesson and says so openly."
HAR1590,Jamie Crabtree,M,10,10B,Roding,Mrs E. Lightfoot,2011-12-12,14.7,White British,English,No,No,EHCP,ASD - Autism Spectrum Condition,5.2,13y 2m,Maths,English Language,97.9,2,16,4,0,ok,False,False,"Jamie Crabtree has ASD - Autism Spectrum Condition and works with the SEN team most weeks. Sits on grade 5.2 overall. Teachers in Maths rate him highly, staff in English Language much less so. 16 behaviour points and 4 detentions, all for the same three things. Attendance 97.9% - never an issue. Home is in a maisonette off the high street with mum, stepdad and a new baby. It's a full house and a quiet space to do homework doesn't really exist. Runs boxing club at the community gym and takes it more seriously than most of the staff do. EHCP names 8 hours of TA support a week and access arrangements for exams."
HAR1591,Damilola Oyelaran,M,10,10B,Roding,Mrs E. Lightfoot,2011-10-27,14.8,Black African (Nigerian),Nigerian Pidgin,No,No,None,,6.2,14y 4m,Art & Design,Drama,100.0,4,11,4,0,ok,False,False,"Damilola Oyelaran is the definition of middle of the road - never in trouble, never top of the class. Sits on grade 6.2 overall. Teachers in Art & Design rate him highly, staff in Drama much less so. 11 points logged - low-level stuff: chatting, out of seat, phone on the desk. Attendance sits at 100.0% with no unauthorised absence. Lives on the flats behind the Roman Road with both parents and twin sisters. The commute in is two buses and it shows in the punctuality data. Would rather be at art club than in any lesson and says so openly."
HAR1592,Jubayer Hussain,M,10,10B,Roding,Mrs E. Lightfoot,2012-06-11,14.2,British Bangladeshi,Bengali,Yes - new to English,No,None,,2.5,11y 6m,English Language,Combined Science,94.9,0,9,4,0,ok,False,False,"Jubayer Hussain speaks Bengali at home and is at the stage where he understands nearly everything and says almost nothing. Reports are consistent: strong in English Language, weak in Combined Science, average grade 2.5. Reading age 11y 6m - well below his actual age of 14y 2m - so he can't access half the exam papers unaided. 9 behaviour points and 4 detentions, all for the same three things. 94.9% attendance - enough to trigger a letter home but not a fine. Lives on the houses off Green Street with an older sister who does most of the parenting, in a maisonette off the high street. Spends every break on roller skating."
HAR1593,Sumaiya Hussain,F,10,10B,Roding,Mrs E. Lightfoot,2012-01-03,14.7,British Bangladeshi,Sylheti,No,No,None,,6.6,15y 3m,Combined Science,English Language,96.0,1,54,7,0,mixed,False,False,"Sumaiya Hussain is one of those students who makes a lesson easier just by being in it. Combined Science is her best subject by a distance. English Language is the one her tutor has to chase every report. 54 points. Nothing serious, but the pattern is talking over staff and refusing to move seats. Attendance 96.0% - never an issue. Home is in a two-bed flat with foster carers. Parents' evening attendance is patchy, and it's shift work rather than a lack of interest. Goes to YouTube/editing club every week without fail."
HAR1594,Connor Ward,M,10,10B,Roding,Mrs E. Lightfoot,2011-09-13,15.0,White British,English,No,Yes,None,,4.0,13y 0m,Maths,English Literature,99.5,2,2,0,0,good,False,False,"Connor Ward is a grafter. Nothing comes easily but he keeps showing up and keeps trying. Maths is his best subject by a distance. English Literature is the one his tutor has to chase every report. 2 behaviour points and no detentions. Staff use him as the example. Attendance sits at 99.5% with no unauthorised absence. At home it's mum and a disabled younger brother, in a house with a converted loft room. Runs music tech club and takes it more seriously than most of the staff do. Reduced timetable agreed with parents until Christmas."
HAR1595,Neha Dhillon,F,10,10B,Roding,Mrs E. Lightfoot,2011-11-08,14.8,British Indian,Malayalam,No,No,None,,2.6,12y 3m,English Language,English Literature,99.7,2,20,3,0,ok,False,False,"Neha Dhillon is capable but so far behind that catching up now looks unrealistic without serious intervention. Sits on grade 2.6 overall. Teachers in English Language rate her highly, staff in English Literature much less so. Reading age 12y 3m - well below her actual age of 14y 9m - so she can't access half the exam papers unaided. 20 behaviour points, mostly talking, phones and being late to period one. 99.7% attendance and always on time. Lives on the houses off Green Street with mum only, in a house with a converted loft room. Goes to boxing club at the community gym every week without fail."
HAR1596,Charlotte Doyle,F,10,10B,Roding,Mrs E. Lightfoot,2012-04-23,14.4,White British,English,No,No,None,,4.9,14y 4m,Sociology,English Literature,95.4,1,46,12,0,mixed,False,False,"Charlotte Doyle is quiet to the point of being invisible in some lessons and staff have to make an effort to notice her. Average of 4.9 across the board, with a big spread between Sociology and English Literature. 46 behaviour points and 12 detentions, all for the same three things. Attendance sits at 95.4% with no unauthorised absence. Lives on the Manor Park end with dad and stepmum, in a terraced house shared with an aunt's family. Quietly good at roller skating, which nobody at school knew until Year 9. On the school's Prevent-adjacent watch list only for online content shared in a group chat; resolved, no further concern."
HAR1597,Labiba Alam,F,10,10B,Roding,Mrs E. Lightfoot,2012-08-10,14.1,British Bangladeshi,Sylheti,No,Yes,None,,6.8,15y 3m,English Literature,Combined Science,89.5,15,1,1,0,good,True,False,"Labiba Alam is one of the strongest students in Year 10, and staff talk about her as a genuine top-set kid. Working at grade 6.8 on average, with English Literature the clear strength and Combined Science the obvious weak spot. 1 points logged, every one of them for uniform or equipment rather than conduct. Attendance 89.5%. Punctuality is the bigger problem: 15 lates this term. At home it's aunt and uncle and five cousins, in a council flat on the fourth floor. Nobody at home has the confidence to challenge the school, which staff are conscious of. Known across the year for Leyton Orient."
HAR1598,Sanjay Mehta,M,10,10B,Roding,Mrs E. Lightfoot,2012-04-02,14.4,British Indian,Malayalam,Yes - developing,Yes,None,,4.2,13y 9m,English Literature,Maths,100.0,3,3,0,0,good,False,False,"Sanjay Mehta is quiet to the point of being invisible in some lessons and staff have to make an effort to notice him. Reports are consistent: strong in English Literature, weak in Maths, average grade 4.2. Behaviour record is spotless: 3 points on the system all year. Attendance sits at 100.0% with no unauthorised absence. Lives on the Plaistow side with mum, dad and grandad, in a two-bed flat. Goes to table tennis every week without fail."
HAR1599,Harjit Patel,M,10,10B,Roding,Mrs E. Lightfoot,2011-12-23,14.7,British Indian,Malayalam,No,No,SEN Support (K),MLD - Moderate Learning Difficulty,4.1,12y 11m,English Language,Geography,100.0,4,4,1,0,good,False,False,"Harjit Patel is a decent worker who gets by on effort more than natural ability. Reports are consistent: strong in English Language, weak in Geography, average grade 4.1. Behaviour record is spotless: 4 points on the system all year. Attendance 100.0% - never an issue. Lives on the flats behind the Roman Road with an older sister who does most of the parenting. Older siblings came through Harford as well and staff remember the surname. Quietly good at baking, which nobody at school knew until Year 9."
HAR1600,Andreea Stan,F,10,10B,Roding,Mrs E. Lightfoot,2012-05-26,14.3,White Other (Romanian),Romani,Yes - fluent,No,None,,5.7,13y 11m,Religious Studies,English Language,95.2,4,8,1,0,ok,False,False,"Andreea Stan sits mid-table across the board and is happy there, which frustrates her tutor. Currently 5.7 on average - on target in Religious Studies, a full two grades off in English Language. 8 behaviour points, mostly talking, phones and being late to period one. Attendance sits at 95.2% with no unauthorised absence. Lives with foster carers in a terraced house shared with an aunt's family. Whoever's home in the morning is doing four school runs, so she's largely left to sort herself out. Would rather be at gym club than in any lesson and says so openly."
HAR1601,Ionut Barbu,M,10,10C,Channelsea,Ms F. Demir,2012-01-28,14.6,White Other (Romanian),Romanian,No,No,SEN Support (K),"SEMH - Social, Emotional & Mental Health",2.7,11y 0m,English Literature,Geography,89.6,21,194,17,1,poor,True,False,"Ionut Barbu is on the SEND register for SEMH - Social, Emotional & Mental Health and has a one-page profile all staff are meant to have read. English Literature is his best subject by a distance. Geography is the one his tutor has to chase every report. 194 points, 17 detentions. Told his Head of Year, word for word, that the school could ""do one"" - then apologised properly the next day, which is the frustrating bit. Attendance 89.6%, which the year team are keeping an eye on. Lives in a council flat on the fourth floor with an uncle who is also his named carer. One of the leaders in drama club; it's the one place he's consistently brilliant. On the school's Prevent-adjacent watch list only for online content shared in a group chat; resolved, no further concern."
HAR1602,Tomasz Dabrowski,M,10,10C,Channelsea,Ms F. Demir,2012-08-17,14.0,White Other (Polish),Polish,Yes - fluent,Yes,None,,3.6,12y 10m,English Language,Maths,97.3,4,5,1,0,good,False,False,"Tomasz Dabrowski is quiet to the point of being invisible in some lessons and staff have to make an effort to notice him. Sits on grade 3.6 overall. Teachers in English Language rate him highly, staff in Maths much less so. Nothing on the behaviour log worth reading - 5 points total. 97.3% attendance and always on time. Lives on the Chrisp Street area with an uncle who is also his named carer. Housing changed twice in the last two years and you can see it in the exercise books. Obsessed with customising trainers to the point of doing homework about it unprompted."
HAR1603,Hollie Whelan,F,10,10C,Channelsea,Ms F. Demir,2012-08-16,14.0,White British,English,No,No,None,,6.3,13y 10m,Combined Science,Music,95.1,3,14,4,0,ok,False,False,"Hollie Whelan sits mid-table across the board and is happy there, which frustrates her tutor. Reports are consistent: strong in Combined Science, weak in Music, average grade 6.3. 14 behaviour points and 4 detentions, all for the same three things. Attendance sits at 95.1% with no unauthorised absence. Home is in a one-bed with the living room as a bedroom with both parents and twin sisters. Parents' evening attendance is patchy, and it's shift work rather than a lack of interest. Runs steel pans and takes it more seriously than most of the staff do."
HAR1604,Blessing Adeleke,F,10,10C,Channelsea,Ms F. Demir,2012-07-12,14.1,Black African (Nigerian),Edo,Yes - new to English,Yes,None,,4.2,12y 4m,English Language,Combined Science,95.2,1,196,32,0,poor,False,False,"Blessing Adeleke joined Harford in the spring term with almost no English and has come a long way, fast. Average of 4.2 across the board, with a big spread between English Language and Combined Science. 196 points, 32 detentions. Told her Head of Year, word for word, that the school could ""do one"" - then apologised properly the next day, which is the frustrating bit. Attendance 95.2% - never an issue. At home it's mum, dad and grandad, in a two-bed flat. Older siblings came through Harford as well and staff remember the surname. Quietly good at producing beats on FL Studio, which nobody at school knew until Year 9. Child in Need plan open; social worker attends termly."
HAR1605,Nusrat Choudhury,F,10,10C,Channelsea,Ms F. Demir,2012-05-28,14.3,British Bangladeshi,Sylheti,No,No,None,,1.9,11y 3m,Combined Science,Computer Science,90.4,8,172,16,2,poor,False,False,"Nusrat Choudhury is the loudest voice in every corridor between lessons. Sits on grade 1.9 overall. Teachers in Combined Science rate her highly, staff in Computer Science much less so. 172 points, 16 detentions. Told her Head of Year, word for word, that the school could ""do one"" - then apologised properly the next day, which is the frustrating bit. Attendance has slipped to 90.4% and there's a pattern of Monday mornings. Lives on the estate off Barking Road with dad, who works two jobs. English isn't the main language at home, so letters get read by an older sibling. Quietly good at Arsenal, which nobody at school knew until Year 9. On the school's Prevent-adjacent watch list only for online content shared in a group chat; resolved, no further concern."
HAR1606,Khanh Hoang,M,10,10C,Channelsea,Ms F. Demir,2012-07-19,14.1,Asian Other (Vietnamese),Vietnamese,Yes - fluent,No,SEN Support (K),"SEMH - Social, Emotional & Mental Health",4.8,12y 3m,English Language,Religious Studies,96.0,3,44,6,0,mixed,False,False,"Khanh Hoang has SEMH - Social, Emotional & Mental Health and does far better with structure, warning of changes and a bit of patience. English Language is his best subject by a distance. Religious Studies is the one his tutor has to chase every report. 44 points. Nothing serious, but the pattern is talking over staff and refusing to move seats. Attendance 96.0%. The only absences are medical and always covered by a note. Lives on the Beckton end with mum and a disabled younger brother, above a shop on the parade. Supportive at home, but stretched thin. Runs school council and takes it more seriously than most of the staff do. Looked-after child, placed with foster carers in the borough since Year 8."
HAR1607,Talha Hussain,M,10,10C,Channelsea,Ms F. Demir,2012-05-26,14.3,British Pakistani,Punjabi,Yes - new to English,Yes,None,,2.3,11y 10m,English Literature,English Language,88.4,14,227,40,0,poor,True,False,"Talha Hussain speaks Punjabi at home and is at the stage where he understands nearly everything and says almost nothing. Sits on grade 2.3 overall. Teachers in English Literature rate him highly, staff in English Language much less so. Literacy is the bottleneck: reading age 11y 10m and handwriting that he's embarrassed about. 227 points and 40 detentions. Walked out of Maths shouting ""this lesson is dead"" and slammed the door hard enough to crack the glass. Attendance 88.4%. Punctuality is the bigger problem: 14 lates this term. Lives on the Bow Common side with an older sister who does most of the parenting. Spends every break on fishing on the Lea. Working with the school counsellor weekly."
HAR1608,Nathaniel Palmer,M,10,10C,Channelsea,Ms F. Demir,2011-09-06,15.0,Black Caribbean / Mixed Black Caribbean,English,No,Yes,None,,2.3,12y 7m,English Language,French,98.1,2,36,12,0,mixed,False,False,"Nathaniel Palmer is capable but so far behind that catching up now looks unrealistic without serious intervention. Working at grade 2.3 on average, with English Language the clear strength and French the obvious weak spot. Reading age assessed at 12y 7m. Everything else follows from that. 36 behaviour points and 12 detentions, all for the same three things. Attendance 98.1% - never an issue. Lives on the Chrisp Street area with both parents and twin sisters, in a maisonette off the high street. Housing changed twice in the last two years and you can see it in the exercise books. Spends every break on swimming."
HAR1609,Shaniqua Grant,F,10,10C,Channelsea,Ms F. Demir,2012-01-07,14.7,Black Caribbean / Mixed Black Caribbean,Jamaican Patois,No,No,SEN Support (K),"SLCN - Speech, Language & Communication",7.0,14y 6m,English Language,English Literature,97.0,1,7,0,0,good,False,False,"Shaniqua Grant has SLCN - Speech, Language & Communication, which shapes how she copes with a full timetable in a building this loud. Working at grade 7.0 on average, with English Language the clear strength and English Literature the obvious weak spot. 7 behaviour points and no detentions. Staff use her as the example. Attendance 97.0% - never an issue. Lives on the estate off Barking Road with mum and three younger siblings, in a two-bed flat. Supportive at home, but stretched thin. Known across the year for Roblox and Minecraft."
HAR1610,Lina Barakat,F,10,10C,Channelsea,Ms F. Demir,2011-10-23,14.9,Arab,Arabic (Moroccan),No,Yes,None,,7.8,16y 7m,English Literature,Drama,94.9,3,2,0,0,good,False,False,"Lina Barakat is one of the strongest students in Year 10, and staff talk about her as a genuine top-set kid. Average working grade 7.8. English Literature is well above the rest; Drama is dragging the profile down. 2 points logged, every one of them for uniform or equipment rather than conduct. Attendance 94.9%. Punctuality is the bigger problem: 3 lates this term. Lives on the Bow Common side with dad and stepmum, in a terraced house shared with an aunt's family. Supportive at home, but stretched thin. One of the leaders in art club; it's the one place she's consistently brilliant."
HAR1611,Redwan Ali,M,10,10C,Channelsea,Ms F. Demir,2011-12-15,14.7,British Bangladeshi,Bengali,Yes - developing,No,None,,1.0,10y 6m,PE (GCSE),English Language,100.0,2,90,6,0,mixed,False,False,"Redwan Ali is capable but so far behind that catching up now looks unrealistic without serious intervention. Average of 1.0 across the board, with a big spread between PE (GCSE) and English Language. Reading age of 10y 6m against a chronological age of 14y 8m, which is the root of most of it. 90 behaviour points, mostly talking, phones and being late to period one. Attendance 100.0% - never an issue. Lives with both parents and twin sisters above a shop on the parade. Older siblings came through Harford as well and staff remember the surname. Talks about skateboarding constantly, in and out of lesson."
HAR1612,Lacey Sparrow,F,10,10C,Channelsea,Ms F. Demir,2012-03-20,14.5,White British,English,No,Yes,None,,5.0,14y 1m,English Language,Maths,76.1,7,205,35,0,poor,True,False,"Lacey Sparrow does not walk away from anything, which is most of the problem. Currently 5.0 on average - on target in English Language, a full two grades off in Maths. 205 behaviour points, 35 detentions, 0 suspensions - the worst being a fight in the DT corridor that took three staff to break up. Attendance 76.1% - persistently absent and now with the Education Welfare Officer. At home it's grandmother as main carer, in a flat with a lift that never works. Known across the year for TikTok edits."
HAR1613,Cristina Ionescu,F,10,10C,Channelsea,Ms F. Demir,2011-12-11,14.7,White Other (Romanian),Romani,No,No,None,,3.6,13y 2m,Spanish,Combined Science,96.0,3,0,1,0,good,False,False,"Cristina Ionescu is reliable in lessons she likes and drifts badly in the ones she doesn't. Average working grade 3.6. Spanish is well above the rest; Combined Science is dragging the profile down. 0 behaviour points, which for this school is nothing at all. 96.0% attendance and always on time. Home is in a two-bed flat with mum, stepdad and a new baby. Supportive at home, but stretched thin. Would rather be at Islamic Society lunchtime prayer than in any lesson and says so openly. Young carer - registered with the borough."
HAR1614,Akosua Amoah,F,10,10C,Channelsea,Ms F. Demir,2012-04-18,14.4,Black African (Ghanaian),Twi,Yes - fluent,Yes,None,,6.2,14y 10m,English Language,Food Prep & Nutrition,91.8,19,21,3,0,ok,False,False,"Akosua Amoah is the definition of middle of the road - never in trouble, never top of the class. Sits on grade 6.2 overall. Teachers in English Language rate her highly, staff in Food Prep & Nutrition much less so. 21 behaviour points, mostly talking, phones and being late to period one. 91.8% attendance - enough to trigger a letter home but not a fine. Lives on the Beckton end with both parents and twin sisters, in a flat with a lift that never works. Big into West Ham."
HAR1615,Emre Dogan,M,10,10C,Channelsea,Ms F. Demir,2011-09-04,15.0,White Other (Turkish / Kurdish),Kurdish (Kurmanji),Yes - new to English,Yes,None,,3.0,12y 10m,English Language,Combined Science,99.5,2,24,3,0,ok,False,False,"Emre Dogan arrived mid-year from Pakistan and is still finding his feet. Sits on grade 3.0 overall. Teachers in English Language rate him highly, staff in Combined Science much less so. Literacy is the bottleneck: reading age 12y 10m and handwriting that he's embarrassed about. 24 points. Nothing serious, but the pattern is talking over staff and refusing to move seats. Attendance 99.5%. The only absences are medical and always covered by a note. Lives in a flat with a lift that never works with aunt and uncle and five cousins. Parents' evening attendance is patchy, and it's shift work rather than a lack of interest. Obsessed with graffiti and lettering to the point of doing homework about it unprompted."
HAR1616,Jubayer Islam,M,10,10C,Channelsea,Ms F. Demir,2012-03-07,14.5,British Bangladeshi,Sylheti,Yes - fluent,No,None,,4.9,13y 9m,English Language,Maths,88.6,13,237,23,2,poor,True,False,"Jubayer Islam is funny, sharp and absolutely exhausting to teach. Working at grade 4.9 on average, with English Language the clear strength and Maths the obvious weak spot. 237 behaviour points, 2 suspensions, and a permanent exclusion narrowly avoided after an incident with a vape and a fire alarm. Attendance 88.6%. Punctuality is the bigger problem: 13 lates this term. Lives above a shop on the parade with both parents, both working in the family business. It's a full house and a quiet space to do homework doesn't really exist. Would rather be at music tech club than in any lesson and says so openly."
HAR1617,Klaudio Shala,M,10,10C,Channelsea,Ms F. Demir,2012-08-12,14.1,White Other (Albanian),Albanian,Yes - fluent,No,None,,4.2,12y 3m,Media Studies,English Literature,88.9,16,25,3,0,ok,True,False,"Klaudio Shala is reliable in lessons he likes and drifts badly in the ones he doesn't. Reports are consistent: strong in Media Studies, weak in English Literature, average grade 4.2. 25 behaviour points, mostly talking, phones and being late to period one. Attendance 88.9%. Punctuality is the bigger problem: 16 lates this term. Lives on the towers on Devons Road with foster carers, in a two-bed flat. English isn't the main language at home, so letters get read by an older sibling. Talks about fixing up mopeds constantly, in and out of lesson."
HAR1618,Rohan Gill,M,10,10C,Channelsea,Ms F. Demir,2011-11-16,14.8,British Indian,Tamil,Yes - fluent,Yes,None,,4.4,13y 3m,English Literature,Computer Science,89.6,18,38,11,0,mixed,True,False,"Rohan Gill sits mid-table across the board and is happy there, which frustrates his tutor. Average working grade 4.4. English Literature is well above the rest; Computer Science is dragging the profile down. 38 points logged - low-level stuff: chatting, out of seat, phone on the desk. 89.6% attendance - enough to trigger a letter home but not a fine. Lives with both parents and twin sisters in a one-bed with the living room as a bedroom. Parents' evening attendance is patchy, and it's shift work rather than a lack of interest. One of the leaders in choir; it's the one place he's consistently brilliant."
HAR1619,Riley Baker,M,10,10C,Channelsea,Ms F. Demir,2012-06-14,14.2,White British,English,No,No,SEN Support (K),"SLCN - Speech, Language & Communication",6.7,13y 3m,Combined Science,Sociology,94.5,2,9,4,0,ok,False,False,"Riley Baker has SLCN - Speech, Language & Communication and works with the SEN team most weeks. Sits on grade 6.7 overall. Teachers in Combined Science rate him highly, staff in Sociology much less so. 9 behaviour points and 4 detentions, all for the same three things. Attendance 94.5%. Punctuality is the bigger problem: 2 lates this term. Lives with an uncle who is also his named carer in a house with a converted loft room. Would rather be at library monitors than in any lesson and says so openly."
HAR1620,Simran Gill,F,10,10C,Channelsea,Ms F. Demir,2012-03-24,14.4,British Indian,Punjabi,Yes - fluent,No,None,,4.3,13y 2m,Maths,English Literature,96.6,1,10,3,0,ok,False,False,"Simran Gill is a grafter. Nothing comes easily but she keeps showing up and keeps trying. Working at grade 4.3 on average, with Maths the clear strength and English Literature the obvious weak spot. 10 behaviour points and 3 detentions, all for the same three things. Attendance 96.6% - never an issue. Home is in a flat with a lift that never works with grandmother as main carer. Money is tight and everyone in the house knows it. Big into producing beats on FL Studio. Young carer - registered with the borough."
HAR1621,Latoya Clarke,F,10,10C,Channelsea,Ms F. Demir,2012-01-24,14.6,Black Caribbean / Mixed Black Caribbean,English,No,Yes,None,,2.5,12y 7m,Maths,English Language,86.4,18,112,17,1,poor,True,False,"Latoya Clarke is the loudest voice in every corridor between lessons. Maths is her best subject by a distance. English Language is the one her tutor has to chase every report. 112 points and 17 detentions. Walked out of Maths shouting ""this lesson is dead"" and slammed the door hard enough to crack the glass. Attendance 86.4% - persistently absent and now with the Education Welfare Officer. Lives with both parents, both working in the family business in a maisonette off the high street. Housing changed twice in the last two years and you can see it in the exercise books. One of the leaders in athletics; it's the one place she's consistently brilliant. Looked-after child, placed with foster carers in the borough since Year 8."
HAR1622,Tia Crabtree,F,10,10C,Channelsea,Ms F. Demir,2012-02-03,14.6,White British,English,No,Yes,None,,2.2,12y 2m,English Literature,Maths,98.9,3,91,8,0,mixed,False,False,"Tia Crabtree has decided school isn't for her and spends most lessons proving it. English Literature is her best subject by a distance. Maths is the one her tutor has to chase every report. Reading age of 12y 2m against a chronological age of 14y 6m, which is the root of most of it. 91 points logged - low-level stuff: chatting, out of seat, phone on the desk. Attendance 98.9%. The only absences are medical and always covered by a note. Lives on the Aldgate side of the borough with aunt and uncle and five cousins, in a flat with a lift that never works. Parents' evening attendance is patchy, and it's shift work rather than a lack of interest. Goes to netball every week without fail. Working with the school counsellor weekly."
HAR1623,Kymani Anderson,M,10,10C,Channelsea,Ms F. Demir,2012-01-10,14.6,Black Caribbean / Mixed Black Caribbean,Jamaican Patois,No,Yes,None,,3.7,12y 6m,English Literature,English Language,97.4,4,5,0,0,good,False,False,"Kymani Anderson is pleasant, chatty and easily distracted, but the work gets done in the end. Average of 3.7 across the board, with a big spread between English Literature and English Language. Literacy is the bottleneck: reading age 12y 6m and handwriting that he's embarrassed about. Behaviour record is spotless: 5 points on the system all year. Attendance 97.4% - never an issue. Home is in a house with a converted loft room with mum, dad and grandad. Known across the year for roller skating."
HAR1624,Nayeem Hussain,M,10,10C,Channelsea,Ms F. Demir,2012-08-09,14.1,British Bangladeshi,Sylheti,Yes - fluent,No,None,,6.9,14y 6m,English Literature,English Language,92.6,3,8,3,0,ok,False,False,"Nayeem Hussain is one of those students who makes a lesson easier just by being in it. Average of 6.9 across the board, with a big spread between English Literature and English Language. 8 behaviour points, mostly talking, phones and being late to period one. Attendance 92.6%. Punctuality is the bigger problem: 3 lates this term. Lives on the Bow Common side with an uncle who is also his named carer. Older siblings came through Harford as well and staff remember the surname. Known across the year for Roblox and Minecraft."
HAR1625,Amara Palmer,F,10,10C,Channelsea,Ms F. Demir,2011-09-21,14.9,Black Caribbean / Mixed Black Caribbean,English,No,No,None,,7.0,15y 11m,PE (GCSE),Spanish,50.2,7,27,2,0,ok,True,True,"Amara Palmer is one of the school's most worrying attendance cases and one of its nicest kids. Sits on grade 7.0 overall. Teachers in PE (GCSE) rate her highly, staff in Spanish much less so. 27 behaviour points and 2 detentions, all for the same three things. 50.2% attendance. The school has issued a formal warning and a penalty notice is on the table. Lives in temporary accommodation with mum, stepdad and a new baby. The commute in is two buses and it shows in the punctuality data. Spends every break on boxing."
HAR1626,Dalia Mansour,F,10,10C,Channelsea,Ms F. Demir,2012-07-10,14.1,Arab,Arabic (Levantine),No,Yes,None,,5.5,13y 2m,Combined Science,English Literature,94.5,4,21,4,0,ok,False,False,"Dalia Mansour is quiet to the point of being invisible in some lessons and staff have to make an effort to notice her. Average of 5.5 across the board, with a big spread between Combined Science and English Literature. 21 points logged - low-level stuff: chatting, out of seat, phone on the desk. Attendance 94.5%. Punctuality is the bigger problem: 4 lates this term. Lives on the Carpenters Estate with mum and her partner, in a council flat on the fourth floor. It's a full house and a quiet space to do homework doesn't really exist. Would rather be at steel pans than in any lesson and says so openly."
HAR1627,Imani Bennett,F,10,10C,Channelsea,Ms F. Demir,2011-09-11,15.0,Black Caribbean / Mixed Black Caribbean,English,No,No,None,,5.3,14y 4m,English Literature,History,96.4,4,26,3,0,ok,False,False,"Imani Bennett is a decent worker who gets by on effort more than natural ability. Working at grade 5.3 on average, with English Literature the clear strength and History the obvious weak spot. 26 behaviour points and 3 detentions, all for the same three things. Attendance 96.4%. The only absences are medical and always covered by a note. Lives in a one-bed with the living room as a bedroom with foster carers. Housing changed twice in the last two years and you can see it in the exercise books. Quietly good at graffiti and lettering, which nobody at school knew until Year 9."
HAR1628,Kaidon Lewis,M,10,10C,Channelsea,Ms F. Demir,2012-04-23,14.4,Black Caribbean / Mixed Black Caribbean,English,No,Yes,SEN Support (K),"SEMH - Social, Emotional & Mental Health",2.1,9y 1m,Maths,English Literature,87.9,17,119,32,0,poor,True,False,"Kaidon Lewis has SEMH - Social, Emotional & Mental Health and works with the SEN team most weeks. Sits on grade 2.1 overall. Teachers in Maths rate him highly, staff in English Literature much less so. Reading age 9y 1m - well below his actual age of 14y 4m - so he can't access half the exam papers unaided. 119 behaviour points and 0 suspensions. Refuses to accept a sanction from anyone he hasn't decided he likes. Attendance 87.9% and falling. Weeks go by where nobody sees him. Lives on the Bow Common side with mum, dad and grandad, in a one-bed with the living room as a bedroom. Parents' evening attendance is patchy, and it's shift work rather than a lack of interest. Obsessed with swimming to the point of doing homework about it unprompted. On a pastoral support plan after a difficult autumn term."
HAR1629,Semere Gebre,M,10,10C,Channelsea,Ms F. Demir,2012-03-01,14.5,Black African (Horn of Africa),Amharic,Yes - developing,Yes,None,,2.9,12y 5m,History,Sociology,81.3,22,176,31,3,poor,True,False,"Semere Gebre has a temper that goes from nought to shouting in about four seconds. Average of 2.9 across the board, with a big spread between History and Sociology. Reading age assessed at 12y 5m. Everything else follows from that. 176 points, 31 detentions and 3 fixed-term suspensions. Last one was for calling a member of SLT a bitch in front of a Year 7 class. Attendance 81.3% and falling. Weeks go by where nobody sees him. Lives on the flats behind the Roman Road with mum only, in a council flat on the fourth floor. It's a full house and a quiet space to do homework doesn't really exist. Runs choir and takes it more seriously than most of the staff do."
HAR1630,Rezaul Karim,M,10,10C,Channelsea,Ms F. Demir,2011-11-16,14.8,British Bangladeshi,Bengali,Yes - fluent,No,None,,2.1,12y 4m,Triple Science,Maths,89.8,14,157,26,1,poor,True,False,"Rezaul Karim is the reason three departments have moved seating plans this year. Average working grade 2.1. Triple Science is well above the rest; Maths is dragging the profile down. Reading age of 12y 4m against a chronological age of 14y 9m, which is the root of most of it. 157 behaviour points and 26 detentions. Told a cover teacher to ""fuck off"" in March and got two days internal. 89.8% attendance - enough to trigger a letter home but not a fine. Home is in a maisonette off the high street with mum and her partner. Housing changed twice in the last two years and you can see it in the exercise books. Talks about Millwall constantly, in and out of lesson."
HAR1631,Emeka Balogun,M,10,10D,Ravensbourne,Mr W. Casey,2012-02-27,14.5,Black African (Nigerian),Yoruba,Yes - fluent,Yes,None,,1.0,10y 10m,Combined Science,English Language,62.0,10,100,25,0,poor,True,True,"Emeka Balogun has had long spells out of lessons and is being reintegrated slowly. Working at grade 1.0 on average, with Combined Science the clear strength and English Language the obvious weak spot. Reading age of 10y 10m against a chronological age of 14y 6m, which is the root of most of it. 100 points and 25 detentions. Screamed ""I don't give a shit"" across a full canteen and was removed for the afternoon. 62.0% attendance. The school has issued a formal warning and a penalty notice is on the table. Lives with mum only above a shop on the parade. Known across the year for swimming. On the school's Prevent-adjacent watch list only for online content shared in a group chat; resolved, no further concern."
HAR1632,Ifrah Aden,F,10,10D,Ravensbourne,Mr W. Casey,2011-10-19,14.9,Black African (Somali),Somali,Yes - fluent,No,None,,2.9,13y 4m,Combined Science,English Language,94.0,3,16,1,0,ok,False,False,"Ifrah Aden arrived below expectations and, honestly, hasn't closed much ground since. Currently 2.9 on average - on target in Combined Science, a full two grades off in English Language. 16 points. Nothing serious, but the pattern is talking over staff and refusing to move seats. Attendance 94.0%. Punctuality is the bigger problem: 3 lates this term. Lives on the Plaistow side with mum and three younger siblings. Goes to YouTube/editing club every week without fail."
HAR1633,Chantelle Baker,F,10,10D,Ravensbourne,Mr W. Casey,2011-10-07,14.9,White British,English,No,No,SEN Support (K),Visual Impairment,1.1,10y 0m,Combined Science,English Language,87.9,14,220,34,0,poor,True,False,"Chantelle Baker has Visual Impairment, which shapes how she copes with a full timetable in a building this loud. Currently 1.1 on average - on target in Combined Science, a full two grades off in English Language. Reading age 10y 0m - well below her actual age of 14y 10m - so she can't access half the exam papers unaided. 220 behaviour points and 0 suspensions. Refuses to accept a sanction from anyone she hasn't decided she likes. 87.9% attendance. The school has issued a formal warning and a penalty notice is on the table. Lives on the Manor Park end with foster carers. Obsessed with Millwall to the point of doing homework about it unprompted."
HAR1634,Nabila Sarker,F,10,10D,Ravensbourne,Mr W. Casey,2012-04-20,14.4,British Bangladeshi,Sylheti,Yes - fluent,No,SEN Support (K),SpLD - Dyslexia,4.8,11y 9m,English Language,History,95.5,1,74,4,0,mixed,False,False,"Nabila Sarker has SpLD - Dyslexia and works with the SEN team most weeks. Reports are consistent: strong in English Language, weak in History, average grade 4.8. 74 behaviour points, mostly talking, phones and being late to period one. Attendance sits at 95.5% with no unauthorised absence. Lives in a terraced house shared with an aunt's family with mum, dad and grandad. Nobody at home has the confidence to challenge the school, which staff are conscious of. Goes to art club every week without fail."
HAR1635,Yewande Ogunleye,F,10,10D,Ravensbourne,Mr W. Casey,2012-05-08,14.3,Black African (Nigerian),Yoruba,Yes - fluent,No,EHCP,SpLD - Dyslexia,3.8,11y 6m,English Language,English Literature,93.6,4,92,11,0,mixed,False,False,"Yewande Ogunleye is quiet to the point of being invisible in some lessons and staff have to make an effort to notice her. Sits on grade 3.8 overall. Teachers in English Language rate her highly, staff in English Literature much less so. 92 points logged - low-level stuff: chatting, out of seat, phone on the desk. 93.6% attendance - enough to trigger a letter home but not a fine. At home it's an uncle who is also her named carer, in a council flat on the fourth floor. Older siblings came through Harford as well and staff remember the surname. Obsessed with dog walking for money to the point of doing homework about it unprompted. EHCP names 20 hours of TA support a week and access arrangements for exams."
HAR1636,Shahid Islam,M,10,10D,Ravensbourne,Mr W. Casey,2012-07-07,14.2,British Bangladeshi,Bengali,Yes - fluent,No,None,,6.9,15y 1m,Combined Science,English Language,100.0,2,11,4,0,ok,False,False,"Shahid Islam is a high flyer with the kind of exercise books other teachers photocopy as an example. Working at grade 6.9 on average, with Combined Science the clear strength and English Language the obvious weak spot. 11 points logged - low-level stuff: chatting, out of seat, phone on the desk. Attendance 100.0% - never an issue. Lives above a shop on the parade with an older sister who does most of the parenting. The commute in is two buses and it shows in the punctuality data. Quietly good at drill and UK rap, which nobody at school knew until Year 9."
HAR1637,Segun Adewale,M,10,10D,Ravensbourne,Mr W. Casey,2012-01-19,14.6,Black African (Nigerian),Igbo,Yes - developing,No,SEN Support (K),ADHD (SEMH/medical),2.7,11y 3m,English Language,English Literature,96.6,1,20,4,0,ok,False,False,"Segun Adewale can do the work when someone sits with him, and almost never does it when nobody does. Reports are consistent: strong in English Language, weak in English Literature, average grade 2.7. Reading age 11y 3m - well below his actual age of 14y 7m - so he can't access half the exam papers unaided. 20 points logged - low-level stuff: chatting, out of seat, phone on the desk. Attendance 96.6%. The only absences are medical and always covered by a note. Lives on the flats behind the Roman Road with mum and a disabled younger brother, in a one-bed with the living room as a bedroom. Money is tight and everyone in the house knows it. One of the leaders in young carers group; it's the one place he's consistently brilliant."
HAR1638,Fjolla Berisha,F,10,10D,Ravensbourne,Mr W. Casey,2012-06-21,14.2,White Other (Albanian),Albanian,Yes - fluent,No,None,,7.8,16y 3m,English Language,Drama,91.0,12,63,8,1,mixed,False,False,"Fjolla Berisha is a high flyer with the kind of exercise books other teachers photocopy as an example. English Language is her best subject by a distance. Drama is the one her tutor has to chase every report. 63 points logged - low-level stuff: chatting, out of seat, phone on the desk. Attendance 91.0%. Punctuality is the bigger problem: 12 lates this term. At home it's mum and her partner, in a terraced house shared with an aunt's family. Nobody at home has the confidence to challenge the school, which staff are conscious of. Runs chess club and takes it more seriously than most of the staff do."
HAR1639,Sabbir Kabir,M,10,10D,Ravensbourne,Mr W. Casey,2012-02-12,14.6,British Bangladeshi,Bengali,Yes - fluent,Yes,None,,4.3,12y 11m,English Literature,PE (GCSE),67.2,7,8,1,0,good,True,True,"Sabbir Kabir is one of the school's most worrying attendance cases and one of its nicest kids. English Literature is his best subject by a distance. PE (GCSE) is the one his tutor has to chase every report. 8 behaviour points, which for this school is nothing at all. Attendance 67.2%. Two attendance meetings held, one missed by the family. Lives on the towers on Devons Road with mum, dad and grandad. Big into cooking with her nan."
HAR1640,Ifeoma Oyelaran,F,10,10D,Ravensbourne,Mr W. Casey,2012-06-16,14.2,Black African (Nigerian),Yoruba,Yes - fluent,No,None,,6.4,13y 10m,English Language,Computer Science,86.1,18,106,33,0,poor,True,False,"Ifeoma Oyelaran is the reason three departments have moved seating plans this year. Working at grade 6.4 on average, with English Language the clear strength and Computer Science the obvious weak spot. 106 behaviour points and 0 suspensions. Refuses to accept a sanction from anyone she hasn't decided she likes. Attendance 86.1% and falling. Weeks go by where nobody sees her. Lives on the flats behind the Roman Road with dad, who works two jobs. Talks about doing nails and lashes for cousins constantly, in and out of lesson."
HAR1641,Ngozi Nwosu,F,10,10D,Ravensbourne,Mr W. Casey,2012-02-04,14.6,Black African (Nigerian),Yoruba,Yes - developing,No,None,,3.4,13y 1m,English Language,Maths,62.5,18,109,28,0,poor,True,True,"Ngozi Nwosu has had long spells out of lessons and is being reintegrated slowly. Average of 3.4 across the board, with a big spread between English Language and Maths. 109 behaviour points, 0 suspensions, and a permanent exclusion narrowly avoided after an incident with a vape and a fire alarm. Attendance 62.5% - persistently absent and now with the Education Welfare Officer. Lives with mum and a disabled younger brother in a maisonette off the high street. Older siblings came through Harford as well and staff remember the surname. Known across the year for West Ham. Child in Need plan open; social worker attends termly."
HAR1642,Jodie Turner,F,10,10D,Ravensbourne,Mr W. Casey,2011-11-15,14.8,White British,English,No,No,None,,6.8,15y 4m,Triple Science,Maths,99.2,4,81,8,0,mixed,False,False,"Jodie Turner has been on the gifted and talented register since Year 7 and has never dropped off it. Triple Science is her best subject by a distance. Maths is the one her tutor has to chase every report. 81 points. Nothing serious, but the pattern is talking over staff and refusing to move seats. Attendance sits at 99.2% with no unauthorised absence. At home it's foster carers, in a council flat on the fourth floor. Parents' evening attendance is patchy, and it's shift work rather than a lack of interest. Talks about West Ham constantly, in and out of lesson."
HAR1643,Kieran Beckett,M,10,10D,Ravensbourne,Mr W. Casey,2012-07-04,14.2,White British,English,No,No,None,,2.5,12y 4m,Religious Studies,Maths,84.5,13,105,32,2,poor,True,False,"Kieran Beckett has a temper that goes from nought to shouting in about four seconds. Average of 2.5 across the board, with a big spread between Religious Studies and Maths. Literacy is the bottleneck: reading age 12y 4m and handwriting that he's embarrassed about. 105 points and 32 detentions. Screamed ""I don't give a shit"" across a full canteen and was removed for the afternoon. 84.5% attendance. The school has issued a formal warning and a penalty notice is on the table. Lives on the houses off Green Street with an older sister who does most of the parenting. Housing changed twice in the last two years and you can see it in the exercise books. Goes to Islamic Society lunchtime prayer every week without fail."
HAR1644,Talha Raja,M,10,10D,Ravensbourne,Mr W. Casey,2011-10-13,14.9,British Pakistani,Urdu,Yes - fluent,No,None,,7.3,15y 0m,English Language,Combined Science,97.6,0,8,0,0,good,False,False,"Talha Raja is a high flyer with the kind of exercise books other teachers photocopy as an example. Average of 7.3 across the board, with a big spread between English Language and Combined Science. Behaviour record is spotless: 8 points on the system all year. 97.6% attendance and always on time. Lives on the Chrisp Street area with both parents and an older brother, above a shop on the parade. Spends every break on graffiti and lettering."
HAR1645,Kwesi Mensah,M,10,10D,Ravensbourne,Mr W. Casey,2012-04-19,14.4,Black African (Ghanaian),Ewe,No,Yes,None,,4.9,13y 3m,Maths,English Language,100.0,4,6,0,0,good,False,False,"Kwesi Mensah is reliable in lessons he likes and drifts badly in the ones he doesn't. Working at grade 4.9 on average, with Maths the clear strength and English Language the obvious weak spot. 6 behaviour points and no detentions. Staff use him as the example. 100.0% attendance and always on time. Lives on the Bow Common side with dad and stepmum. Big into Roblox and Minecraft."
HAR1646,Shohel Chowdhury,M,10,10D,Ravensbourne,Mr W. Casey,2012-08-02,14.1,British Bangladeshi,Bengali,No,No,None,,3.9,12y 10m,PE (GCSE),English Language,83.0,3,163,24,0,poor,True,False,"Shohel Chowdhury is bright enough to be doing well and chooses, daily, not to. Average of 3.9 across the board, with a big spread between PE (GCSE) and English Language. 163 behaviour points and 0 suspensions. Refuses to accept a sanction from anyone he hasn't decided he likes. Attendance 83.0% and falling. Weeks go by where nobody sees him. Lives on the Bow Common side with foster carers, above a shop on the parade. Older siblings came through Harford as well and staff remember the surname. Talks about TikTok edits constantly, in and out of lesson. Off-site alternative provision two days a week."
HAR1647,Jack Beckett,M,10,10D,Ravensbourne,Mr W. Casey,2012-04-18,14.4,White British,English,No,No,None,,4.6,13y 4m,Art & Design,English Language,84.4,21,154,19,0,poor,True,False,"Jack Beckett is the reason three departments have moved seating plans this year. Art & Design is his best subject by a distance. English Language is the one his tutor has to chase every report. 154 behaviour points and 0 suspensions. Refuses to accept a sanction from anyone he hasn't decided he likes. 84.4% attendance. The school has issued a formal warning and a penalty notice is on the table. At home it's aunt and uncle and five cousins, in a terraced house shared with an aunt's family. Supportive at home, but stretched thin. Goes to robotics club every week without fail."
HAR1648,Precious Bello,F,10,10D,Ravensbourne,Mr W. Casey,2011-12-05,14.7,Black African (Nigerian),Yoruba,Yes - new to English,Yes,None,,5.4,14y 6m,English Literature,English Language,100.0,4,1,0,0,good,False,False,"Precious Bello speaks Yoruba at home and is at the stage where she understands nearly everything and says almost nothing. Reports are consistent: strong in English Literature, weak in English Language, average grade 5.4. 1 behaviour points and no detentions. Staff use her as the example. Attendance 100.0%. The only absences are medical and always covered by a note. Lives with dad, who works two jobs in a flat with a lift that never works. Older siblings came through Harford as well and staff remember the surname. Big into producing beats on FL Studio."
HAR1649,Ikran Elmi,F,10,10D,Ravensbourne,Mr W. Casey,2012-05-24,14.3,Black African (Somali),Somali,Yes - fluent,Yes,None,,2.4,11y 3m,Combined Science,English Language,93.3,4,46,9,0,mixed,False,False,"Ikran Elmi is significantly behind where she should be and the gap is widening every term. Working at grade 2.4 on average, with Combined Science the clear strength and English Language the obvious weak spot. 46 behaviour points, mostly talking, phones and being late to period one. 93.3% attendance - enough to trigger a letter home but not a fine. At home it's grandmother as main carer, in a one-bed with the living room as a bedroom. Nobody at home has the confidence to challenge the school, which staff are conscious of. Would rather be at athletics than in any lesson and says so openly. Off-site alternative provision two days a week."
HAR1650,Anika Ali,F,10,10D,Ravensbourne,Mr W. Casey,2012-04-12,14.4,British Bangladeshi,Bengali,Yes - fluent,Yes,SEN Support (K),"SEMH - Social, Emotional & Mental Health",7.0,14y 5m,English Literature,Art & Design,88.9,6,201,26,0,poor,True,False,"Anika Ali has SEMH - Social, Emotional & Mental Health and works with the SEN team most weeks. English Literature is her best subject by a distance. Art & Design is the one her tutor has to chase every report. 201 points and 26 detentions. Screamed ""I don't give a shit"" across a full canteen and was removed for the afternoon. Attendance has slipped to 88.9% and there's a pattern of Monday mornings. Home is in a maisonette off the high street with an uncle who is also her named carer. English isn't the main language at home, so letters get read by an older sibling. Would rather be at library monitors than in any lesson and says so openly. Free school meals and school-funded uniform; family declined a food bank referral."
HAR1651,Bukola Onyeka,F,10,10D,Ravensbourne,Mr W. Casey,2012-01-26,14.6,Black African (Nigerian),Edo,Yes - fluent,Yes,None,,6.2,15y 3m,Combined Science,Maths,99.8,3,122,20,0,poor,False,False,"Bukola Onyeka is the reason three departments have moved seating plans this year. Reports are consistent: strong in Combined Science, weak in Maths, average grade 6.2. 122 points, 20 detentions. Told her Head of Year, word for word, that the school could ""do one"" - then apologised properly the next day, which is the frustrating bit. Attendance sits at 99.8% with no unauthorised absence. Home is in a one-bed with the living room as a bedroom with mum and a disabled younger brother. English isn't the main language at home, so letters get read by an older sibling. Talks about karate constantly, in and out of lesson. Mentored by the school's attendance and inclusion lead."
HAR1652,Louise Stubbs,F,10,10D,Ravensbourne,Mr W. Casey,2012-03-17,14.5,White British,English,No,Yes,None,,3.2,12y 8m,English Literature,Maths,70.6,19,65,10,0,mixed,True,True,"Louise Stubbs has had long spells out of lessons and is being reintegrated slowly. Currently 3.2 on average - on target in English Literature, a full two grades off in Maths. 65 behaviour points, mostly talking, phones and being late to period one. Attendance 70.6% - persistently absent and now with the Education Welfare Officer. Lives on the flats behind the Roman Road with dad, who works two jobs, in a council flat on the fourth floor. Would rather be at athletics than in any lesson and says so openly. Free school meals and school-funded uniform; family declined a food bank referral."
HAR1653,Elikem Darko,M,10,10D,Ravensbourne,Mr W. Casey,2011-09-13,15.0,Black African (Ghanaian),Ewe,Yes - new to English,No,None,,1.3,11y 0m,English Language,English Literature,98.5,3,50,4,0,mixed,False,False,"Elikem Darko speaks Ewe at home and is at the stage where he understands nearly everything and says almost nothing. Working at grade 1.3 on average, with English Language the clear strength and English Literature the obvious weak spot. Literacy is the bottleneck: reading age 11y 0m and handwriting that he's embarrassed about. 50 points logged - low-level stuff: chatting, out of seat, phone on the desk. Attendance sits at 98.5% with no unauthorised absence. At home it's dad and stepmum, in a two-bed flat. Talks about Afrobeats constantly, in and out of lesson."
HAR1654,Charlotte Nash,F,10,10D,Ravensbourne,Mr W. Casey,2011-11-20,14.8,White British,English,No,No,None,,2.2,11y 9m,Geography,English Literature,94.4,0,79,13,0,mixed,False,False,"Charlotte Nash arrived below expectations and, honestly, hasn't closed much ground since. Average working grade 2.2. Geography is well above the rest; English Literature is dragging the profile down. Reading age 11y 9m - well below her actual age of 14y 9m - so she can't access half the exam papers unaided. 79 points. Nothing serious, but the pattern is talking over staff and refusing to move seats. Attendance has slipped to 94.4% and there's a pattern of Monday mornings. Home is above a shop on the parade with mum and her partner. Whoever's home in the morning is doing four school runs, so she's largely left to sort herself out. Goes to music tech club every week without fail."
HAR1655,Nyla Lewis,F,10,10D,Ravensbourne,Mr W. Casey,2012-02-15,14.5,Black Caribbean / Mixed Black Caribbean,Jamaican Patois,No,No,None,,4.3,13y 6m,Maths,Design & Technology,94.0,1,1,0,0,good,False,False,"Nyla Lewis sits mid-table across the board and is happy there, which frustrates her tutor. Average of 4.3 across the board, with a big spread between Maths and Design & Technology. Behaviour record is spotless: 1 points on the system all year. Attendance 94.0%. Punctuality is the bigger problem: 1 lates this term. At home it's dad and stepmum, in a one-bed with the living room as a bedroom. Parents' evening attendance is patchy, and it's shift work rather than a lack of interest. Quietly good at drill and UK rap, which nobody at school knew until Year 9."
HAR1656,Tomasz Lewandowska,M,10,10D,Ravensbourne,Mr W. Casey,2012-05-27,14.3,White Other (Polish),Polish,Yes - fluent,No,None,,7.3,14y 9m,Religious Studies,English Language,98.1,1,50,10,0,mixed,False,False,"Tomasz Lewandowska reads well above his age and has an answer for everything, usually the right one. Currently 7.3 on average - on target in Religious Studies, a full two grades off in English Language. 50 points. Nothing serious, but the pattern is talking over staff and refusing to move seats. Attendance sits at 98.1% with no unauthorised absence. At home it's mum and three younger siblings, in a two-bed flat. Supportive at home, but stretched thin. One of the leaders in young carers group; it's the one place he's consistently brilliant."
HAR1657,Rakib Aktar,M,10,10D,Ravensbourne,Mr W. Casey,2012-02-03,14.6,British Bangladeshi,Bengali,No,Yes,None,,5.2,14y 4m,Geography,Design & Technology,93.2,4,5,1,0,good,False,False,"Rakib Aktar is the definition of middle of the road - never in trouble, never top of the class. Average working grade 5.2. Geography is well above the rest; Design & Technology is dragging the profile down. Behaviour record is spotless: 5 points on the system all year. Attendance has slipped to 93.2% and there's a pattern of Monday mornings. Home is in a one-bed with the living room as a bedroom with mum, dad and grandad. The family are on the phone to the office constantly - engaged, if a bit much. Talks about fishing on the Lea constantly, in and out of lesson."
HAR1658,Danielle Francis,F,10,10D,Ravensbourne,Mr W. Casey,2011-10-14,14.9,Black Caribbean / Mixed Black Caribbean,English,No,No,None,,5.0,14y 6m,Combined Science,English Language,93.7,1,0,1,0,good,False,False,"Danielle Francis is a decent worker who gets by on effort more than natural ability. Average of 5.0 across the board, with a big spread between Combined Science and English Language. Behaviour record is spotless: 0 points on the system all year. 93.7% attendance - enough to trigger a letter home but not a fine. Home is in a council flat on the fourth floor with mum, dad and grandad. Money is tight and everyone in the house knows it. One of the leaders in table tennis; it's the one place she's consistently brilliant."
HAR1659,Trang Hoang,F,10,10D,Ravensbourne,Mr W. Casey,2012-01-06,14.7,Asian Other (Vietnamese),Vietnamese,Yes - fluent,Yes,None,,6.7,15y 11m,English Language,English Literature,85.9,9,46,6,0,mixed,True,False,"Trang Hoang is a high flyer with the kind of exercise books other teachers photocopy as an example. Average of 6.7 across the board, with a big spread between English Language and English Literature. 46 behaviour points, mostly talking, phones and being late to period one. 85.9% attendance. The school has issued a formal warning and a penalty notice is on the table. Lives on the houses off Green Street with mum and three younger siblings. One of the leaders in boxercise; it's the one place she's consistently brilliant. Referred to the borough's youth violence reduction team after being robbed for her phone on the way home."
HAR1660,Shahid Begum,M,10,10D,Ravensbourne,Mr W. Casey,2012-08-17,14.0,British Bangladeshi,Bengali,Yes - fluent,No,None,,2.9,12y 3m,Design & Technology,Maths,96.7,0,87,5,0,mixed,False,False,"Shahid Begum arrived below expectations and, honestly, hasn't closed much ground since. Currently 2.9 on average - on target in Design & Technology, a full two grades off in Maths. 87 points logged - low-level stuff: chatting, out of seat, phone on the desk. 96.7% attendance and always on time. Lives with both parents, both working in the family business above a shop on the parade. Money is tight and everyone in the house knows it. Goes to drama club every week without fail."
HAR1661,Anaya Iyer,F,10,10E,Beam,Mrs P. Nwosu,2011-12-24,14.7,British Indian,Malayalam,Yes - new to English,No,SEN Support (K),SpLD - Dyslexia,3.1,11y 3m,English Language,English Literature,100.0,0,73,7,0,mixed,False,False,"Anaya Iyer speaks Malayalam at home and is at the stage where she understands nearly everything and says almost nothing. Working at grade 3.1 on average, with English Language the clear strength and English Literature the obvious weak spot. Reading age 11y 3m - well below her actual age of 14y 8m - so she can't access half the exam papers unaided. 73 behaviour points and 7 detentions, all for the same three things. 100.0% attendance and always on time. Lives in a council flat on the fourth floor with grandmother as main carer. Parents' evening attendance is patchy, and it's shift work rather than a lack of interest. Would rather be at Islamic Society lunchtime prayer than in any lesson and says so openly."
HAR1662,Liam Whelan,M,10,10E,Beam,Mrs P. Nwosu,2012-08-25,14.0,White British,English,No,Yes,None,,6.7,14y 8m,Computer Science,English Literature,100.0,3,59,12,0,mixed,False,False,"Liam Whelan is bright, organised and slightly obsessive about his grades, which is both a strength and a problem. Currently 6.7 on average - on target in Computer Science, a full two grades off in English Literature. 59 behaviour points and 12 detentions, all for the same three things. Attendance sits at 100.0% with no unauthorised absence. Home is in a one-bed with the living room as a bedroom with mum and a disabled younger brother. Whoever's home in the morning is doing four school runs, so he's largely left to sort himself out. Runs reading buddies and takes it more seriously than most of the staff do."
HAR1663,Courtney Hendricks,F,10,10E,Beam,Mrs P. Nwosu,2012-06-27,14.2,White British,English,No,No,None,,5.0,13y 10m,Maths,English Language,100.0,0,29,3,0,ok,False,False,"Courtney Hendricks is reliable in lessons she likes and drifts badly in the ones she doesn't. Working at grade 5.0 on average, with Maths the clear strength and English Language the obvious weak spot. 29 points logged - low-level stuff: chatting, out of seat, phone on the desk. Attendance 100.0% - never an issue. Lives on the estate off Barking Road with both parents and twin sisters. Talks about drill and UK rap constantly, in and out of lesson."
HAR1664,Ariana Gashi,F,10,10E,Beam,Mrs P. Nwosu,2011-10-27,14.8,White Other (Albanian),Albanian,Yes - fluent,No,EHCP,"SLCN - Speech, Language & Communication",3.8,11y 9m,Geography,Combined Science,100.0,3,10,1,0,ok,False,False,"Ariana Gashi is quiet to the point of being invisible in some lessons and staff have to make an effort to notice her. Sits on grade 3.8 overall. Teachers in Geography rate her highly, staff in Combined Science much less so. 10 points. Nothing serious, but the pattern is talking over staff and refusing to move seats. Attendance 100.0% - never an issue. Lives on the Beckton end with mum, stepdad and a new baby. Spends every break on producing beats on FL Studio. EHCP names 15 hours of TA support a week and access arrangements for exams."
HAR1665,Hasibur Sultana,M,10,10E,Beam,Mrs P. Nwosu,2012-03-01,14.5,British Bangladeshi,Bengali,Yes - developing,Yes,None,,5.4,14y 3m,Sociology,Design & Technology,98.9,4,51,10,0,mixed,False,False,"Hasibur Sultana is quiet to the point of being invisible in some lessons and staff have to make an effort to notice him. Average of 5.4 across the board, with a big spread between Sociology and Design & Technology. 51 points. Nothing serious, but the pattern is talking over staff and refusing to move seats. 98.9% attendance and always on time. Home is in a flat with a lift that never works with mum only. Would rather be at young carers group than in any lesson and says so openly."
HAR1666,Charlie Watson,M,10,10E,Beam,Mrs P. Nwosu,2012-02-26,14.5,White British,English,No,No,None,,7.0,14y 6m,Art & Design,English Language,100.0,3,15,3,0,ok,False,False,"Charlie Watson is bright, organised and slightly obsessive about his grades, which is both a strength and a problem. Average of 7.0 across the board, with a big spread between Art & Design and English Language. 15 behaviour points, mostly talking, phones and being late to period one. 100.0% attendance and always on time. Lives in a two-bed flat with aunt and uncle and five cousins. Money is tight and everyone in the house knows it. Would rather be at rugby than in any lesson and says so openly."
HAR1667,Ellie Stubbs,F,10,10E,Beam,Mrs P. Nwosu,2012-07-17,14.1,White British,English,No,No,None,,4.8,12y 10m,English Literature,Maths,90.5,19,79,13,0,mixed,False,False,"Ellie Stubbs is the definition of middle of the road - never in trouble, never top of the class. Reports are consistent: strong in English Literature, weak in Maths, average grade 4.8. 79 points. Nothing serious, but the pattern is talking over staff and refusing to move seats. Attendance has slipped to 90.5% and there's a pattern of Monday mornings. Lives with aunt and uncle and five cousins in temporary accommodation. The commute in is two buses and it shows in the punctuality data. One of the leaders in athletics; it's the one place she's consistently brilliant."
HAR1668,Nikhil Mehta,M,10,10E,Beam,Mrs P. Nwosu,2011-09-06,15.0,British Indian,Punjabi,Yes - fluent,Yes,None,,4.5,14y 3m,English Literature,Maths,86.8,16,14,4,0,ok,True,False,"Nikhil Mehta is a solid, steady student who does what's asked and not a great deal more. Sits on grade 4.5 overall. Teachers in English Literature rate him highly, staff in Maths much less so. 14 points. Nothing serious, but the pattern is talking over staff and refusing to move seats. Attendance 86.8% - persistently absent and now with the Education Welfare Officer. Home is in a one-bed with the living room as a bedroom with mum and her partner. Housing changed twice in the last two years and you can see it in the exercise books. Talks about Arsenal constantly, in and out of lesson. Recently bereaved - lost his grandfather last year and it shows."
HAR1669,Redwan Begum,M,10,10E,Beam,Mrs P. Nwosu,2012-05-05,14.3,British Bangladeshi,Sylheti,Yes - fluent,No,None,,6.3,15y 4m,Combined Science,Maths,87.8,14,235,34,1,poor,True,False,"Redwan Begum is well known to every member of staff in the building, and not for the right reasons. Average working grade 6.3. Combined Science is well above the rest; Maths is dragging the profile down. 235 behaviour points and 1 suspension. Refuses to accept a sanction from anyone he hasn't decided he likes. Attendance 87.8%. Two attendance meetings held, one missed by the family. Lives with both parents, both working in the family business in a flat with a lift that never works. Talks about FIFA and Call of Duty constantly, in and out of lesson."
HAR1670,Kwesi Osei,M,10,10E,Beam,Mrs P. Nwosu,2012-06-08,14.2,Black African (Ghanaian),Twi,Yes - fluent,Yes,None,,3.5,12y 9m,English Language,Maths,97.6,2,7,1,0,good,False,False,"Kwesi Osei is reliable in lessons he likes and drifts badly in the ones he doesn't. Average of 3.5 across the board, with a big spread between English Language and Maths. Nothing on the behaviour log worth reading - 7 points total. 97.6% attendance and always on time. At home it's mum and three younger siblings, in a house with a converted loft room. Obsessed with Afrobeats to the point of doing homework about it unprompted. Referred to the borough's youth violence reduction team after being robbed for his phone on the way home."
HAR1671,Prashant Menon,M,10,10E,Beam,Mrs P. Nwosu,2012-08-24,14.0,British Indian,Gujarati,No,No,None,,3.6,12y 1m,Combined Science,Art & Design,82.7,12,8,0,0,good,True,False,"Prashant Menon is a solid, steady student who does what's asked and not a great deal more. Sits on grade 3.6 overall. Teachers in Combined Science rate him highly, staff in Art & Design much less so. Literacy is the bottleneck: reading age 12y 1m and handwriting that he's embarrassed about. Nothing on the behaviour log worth reading - 8 points total. Attendance 82.7% - persistently absent and now with the Education Welfare Officer. Lives on the flats behind the Roman Road with mum and a disabled younger brother. Whoever's home in the morning is doing four school runs, so he's largely left to sort himself out. Runs coding club and takes it more seriously than most of the staff do."
HAR1672,Sabina Rahman,F,10,10E,Beam,Mrs P. Nwosu,2012-05-28,14.3,British Bangladeshi,Sylheti,Yes - developing,Yes,None,,3.3,12y 9m,PE (GCSE),English Literature,70.9,18,77,13,0,mixed,True,True,"Sabina Rahman has had long spells out of lessons and is being reintegrated slowly. Reports are consistent: strong in PE (GCSE), weak in English Literature, average grade 3.3. 77 behaviour points, mostly talking, phones and being late to period one. Attendance 70.9% and falling. Weeks go by where nobody sees her. Lives with mum, dad and four siblings in a two-bed flat. Nobody at home has the confidence to challenge the school, which staff are conscious of. Would rather be at cricket in the summer term than in any lesson and says so openly. On the school's Prevent-adjacent watch list only for online content shared in a group chat; resolved, no further concern."
HAR1673,Connor Hendricks,M,10,10E,Beam,Mrs P. Nwosu,2012-04-08,14.4,White British,English,No,No,None,,6.0,14y 11m,English Language,Art & Design,94.1,3,167,19,3,poor,False,False,"Connor Hendricks is bright enough to be doing well and chooses, daily, not to. Sits on grade 6.0 overall. Teachers in English Language rate him highly, staff in Art & Design much less so. 167 points, 19 detentions. Told his Head of Year, word for word, that the school could ""do one"" - then apologised properly the next day, which is the frustrating bit. Attendance 94.1%, which the year team are keeping an eye on. Home is in a maisonette off the high street with mum only. The commute in is two buses and it shows in the punctuality data. One of the leaders in school council; it's the one place he's consistently brilliant. Working with the school counsellor weekly."
HAR1674,Mikael Tekle,M,10,10E,Beam,Mrs P. Nwosu,2011-12-01,14.8,Black African (Horn of Africa),Oromo,Yes - developing,No,None,,5.1,14y 2m,English Literature,Religious Studies,100.0,0,85,7,0,mixed,False,False,"Mikael Tekle is reliable in lessons he likes and drifts badly in the ones he doesn't. Average of 5.1 across the board, with a big spread between English Literature and Religious Studies. 85 points. Nothing serious, but the pattern is talking over staff and refusing to move seats. 100.0% attendance and always on time. At home it's mum and three younger siblings, in a one-bed with the living room as a bedroom. Runs table tennis and takes it more seriously than most of the staff do."
HAR1675,Redwan Chowdhury,M,10,10E,Beam,Mrs P. Nwosu,2012-03-21,14.4,British Bangladeshi,Sylheti,Yes - fluent,Yes,None,,1.9,11y 4m,Food Prep & Nutrition,English Language,88.1,14,223,33,2,poor,True,False,"Redwan Chowdhury has a temper that goes from nought to shouting in about four seconds. Food Prep & Nutrition is his best subject by a distance. English Language is the one his tutor has to chase every report. 223 behaviour points and 33 detentions. Told a cover teacher to ""fuck off"" in March and got two days internal. Attendance has slipped to 88.1% and there's a pattern of Monday mornings. Lives on the Aldgate side of the borough with dad and stepmum. The commute in is two buses and it shows in the punctuality data. Spends every break on sewing and altering clothes."
HAR1676,Hamza Qureshi,M,10,10E,Beam,Mrs P. Nwosu,2011-09-07,15.0,British Pakistani,Pashto,Yes - developing,Yes,None,,2.1,12y 1m,English Language,English Literature,87.0,13,199,20,2,poor,True,False,"Hamza Qureshi is funny, sharp and absolutely exhausting to teach. Reports are consistent: strong in English Language, weak in English Literature, average grade 2.1. Reading age assessed at 12y 1m. Everything else follows from that. 199 behaviour points, 2 suspensions, and a permanent exclusion narrowly avoided after an incident with a vape and a fire alarm. 87.0% attendance. The school has issued a formal warning and a penalty notice is on the table. Home is in a terraced house shared with an aunt's family with foster carers. Big into graffiti and lettering. Looked-after child, placed with foster carers in the borough since Year 8."
HAR1677,Hamza Iqbal,M,10,10E,Beam,Mrs P. Nwosu,2012-07-28,14.1,British Pakistani,Urdu,Yes - fluent,No,None,,6.3,13y 7m,English Language,English Literature,94.8,0,24,4,0,ok,False,False,"Hamza Iqbal is a decent worker who gets by on effort more than natural ability. English Language is his best subject by a distance. English Literature is the one his tutor has to chase every report. 24 behaviour points and 4 detentions, all for the same three things. 94.8% attendance - enough to trigger a letter home but not a fine. Home is in a terraced house shared with an aunt's family with mum and a disabled younger brother. Goes to steel pans every week without fail."
HAR1678,Amber Crabtree,F,10,10E,Beam,Mrs P. Nwosu,2012-07-08,14.1,White British,English,No,No,None,,5.4,13y 5m,Religious Studies,Maths,100.0,2,52,11,0,mixed,False,False,"Amber Crabtree sits mid-table across the board and is happy there, which frustrates her tutor. Reports are consistent: strong in Religious Studies, weak in Maths, average grade 5.4. 52 behaviour points and 11 detentions, all for the same three things. 100.0% attendance and always on time. Lives in a one-bed with the living room as a bedroom with mum and her partner. English isn't the main language at home, so letters get read by an older sibling. Spends every break on Leyton Orient."
HAR1679,Kayleigh Hughes,F,10,10E,Beam,Mrs P. Nwosu,2012-02-12,14.6,White British,English,No,Yes,SEN Support (K),ASD - Autism Spectrum Condition,4.7,11y 9m,English Language,Maths,98.7,3,62,11,0,mixed,False,False,"Kayleigh Hughes has ASD - Autism Spectrum Condition, which shapes how she copes with a full timetable in a building this loud. Reports are consistent: strong in English Language, weak in Maths, average grade 4.7. 62 behaviour points, mostly talking, phones and being late to period one. 98.7% attendance and always on time. Lives on the Aldgate side of the borough with dad, who works two jobs, in a one-bed with the living room as a bedroom. The family are on the phone to the office constantly - engaged, if a bit much. Quietly good at drill and UK rap, which nobody at school knew until Year 9."
HAR1680,Shafin Begum,M,10,10E,Beam,Mrs P. Nwosu,2012-04-20,14.4,British Bangladeshi,Bengali,Yes - developing,Yes,None,,5.3,14y 4m,English Literature,Triple Science,94.7,1,12,2,0,ok,False,False,"Shafin Begum is reliable in lessons he likes and drifts badly in the ones he doesn't. Average working grade 5.3. English Literature is well above the rest; Triple Science is dragging the profile down. 12 behaviour points and 2 detentions, all for the same three things. Attendance 94.7%, which the year team are keeping an eye on. Lives on the estate off Barking Road with grandmother as main carer, in temporary accommodation. Older siblings came through Harford as well and staff remember the surname. Talks about MMA constantly, in and out of lesson."
HAR1681,Alexandru Ciobanu,M,10,10E,Beam,Mrs P. Nwosu,2011-10-25,14.9,White Other (Romanian),Romani,Yes - developing,Yes,SEN Support (K),ADHD (SEMH/medical),1.0,10y 2m,English Language,English Literature,98.3,0,37,7,0,mixed,False,False,"Alexandru Ciobanu struggles across almost every subject and has more or less stopped pretending otherwise. Reports are consistent: strong in English Language, weak in English Literature, average grade 1.0. Reading age assessed at 10y 2m. Everything else follows from that. 37 points. Nothing serious, but the pattern is talking over staff and refusing to move seats. Attendance 98.3%. The only absences are medical and always covered by a note. At home it's mum, stepdad and a new baby, in a council flat on the fourth floor. Big into chess puzzles."
HAR1682,Malachi Roberts,M,10,10E,Beam,Mrs P. Nwosu,2011-10-24,14.9,Black Caribbean / Mixed Black Caribbean,Jamaican Patois,No,Yes,EHCP,SpLD - Dyslexia,1.0,8y 8m,English Language,English Language,88.8,17,166,28,3,poor,True,False,"Malachi Roberts is well known to every member of staff in the building, and not for the right reasons. Working at grade 1.0 on average, with English Language the clear strength and English Language the obvious weak spot. Reading age of 8y 8m against a chronological age of 14y 10m, which is the root of most of it. 166 behaviour points and 3 suspensions. Refuses to accept a sanction from anyone he hasn't decided he likes. Attendance has slipped to 88.8% and there's a pattern of Monday mornings. Lives on the Chrisp Street area with mum, stepdad and a new baby, in a house with a converted loft room. Runs netball and takes it more seriously than most of the staff do. EHCP names 20 hours of TA support a week and access arrangements for exams."
HAR1683,Beatriz Pereira,F,10,10E,Beam,Mrs P. Nwosu,2011-11-01,14.8,White Other (Portuguese / Brazilian),Portuguese,Yes - developing,No,SEN Support (K),SpLD - Dyscalculia,4.5,11y 5m,Combined Science,English Language,98.0,0,11,1,0,ok,False,False,"Beatriz Pereira is reliable in lessons she likes and drifts badly in the ones she doesn't. Average working grade 4.5. Combined Science is well above the rest; English Language is dragging the profile down. 11 points. Nothing serious, but the pattern is talking over staff and refusing to move seats. Attendance 98.0% - never an issue. Lives in a house with a converted loft room with both parents, both working in the family business. It's a full house and a quiet space to do homework doesn't really exist. Talks about Millwall constantly, in and out of lesson."
HAR1684,Meera Sekhon,F,10,10E,Beam,Mrs P. Nwosu,2012-04-12,14.4,British Indian,Gujarati,Yes - fluent,No,None,,4.2,12y 11m,English Literature,PE (GCSE),98.0,2,68,4,0,mixed,False,False,"Meera Sekhon sits mid-table across the board and is happy there, which frustrates her tutor. Average working grade 4.2. English Literature is well above the rest; PE (GCSE) is dragging the profile down. 68 points logged - low-level stuff: chatting, out of seat, phone on the desk. Attendance 98.0%. The only absences are medical and always covered by a note. Lives on the Manor Park end with both parents, both working in the family business. Money is tight and everyone in the house knows it. Quietly good at graffiti and lettering, which nobody at school knew until Year 9."
HAR1685,Kashif Zaman,M,10,10E,Beam,Mrs P. Nwosu,2011-12-05,14.7,British Pakistani,Punjabi,Yes - fluent,No,None,,6.5,14y 10m,Triple Science,English Literature,92.2,4,17,1,0,ok,False,False,"Kashif Zaman reads well above his age and has an answer for everything, usually the right one. Currently 6.5 on average - on target in Triple Science, a full two grades off in English Literature. 17 behaviour points and 1 detentions, all for the same three things. Attendance 92.2%. Punctuality is the bigger problem: 4 lates this term. Lives on the Bow Common side with mum only, in a house with a converted loft room. Supportive at home, but stretched thin. Goes to gaming club every week without fail."
HAR1686,Weronika Lewandowska,F,10,10E,Beam,Mrs P. Nwosu,2012-04-27,14.3,White Other (Polish),Polish,Yes - fluent,Yes,None,,4.4,13y 10m,Art & Design,Combined Science,93.5,2,3,1,0,good,False,False,"Weronika Lewandowska is a solid, steady student who does what's asked and not a great deal more. Currently 4.4 on average - on target in Art & Design, a full two grades off in Combined Science. 3 points logged, every one of them for uniform or equipment rather than conduct. 93.5% attendance - enough to trigger a letter home but not a fine. Lives with both parents and twin sisters in a maisonette off the high street. Whoever's home in the morning is doing four school runs, so she's largely left to sort herself out. Goes to LGBTQ+ alliance every week without fail."
HAR1687,Rabia Butt,F,10,10E,Beam,Mrs P. Nwosu,2011-12-05,14.7,British Pakistani,Urdu,No,No,None,,6.1,15y 1m,History,English Language,94.9,0,16,1,0,ok,False,False,"Rabia Butt is a decent worker who gets by on effort more than natural ability. Reports are consistent: strong in History, weak in English Language, average grade 6.1. 16 behaviour points, mostly talking, phones and being late to period one. 94.9% attendance - enough to trigger a letter home but not a fine. At home it's mum, dad and four siblings, in a council flat on the fourth floor. It's a full house and a quiet space to do homework doesn't really exist. Obsessed with customising trainers to the point of doing homework about it unprompted."
HAR1688,Sadman Islam,M,10,10E,Beam,Mrs P. Nwosu,2012-07-10,14.1,British Bangladeshi,Bengali,Yes - fluent,No,None,,3.1,12y 0m,Maths,Design & Technology,93.3,0,5,0,0,good,False,False,"Sadman Islam has been on the intervention list for two years and progress has been slow at best. Working at grade 3.1 on average, with Maths the clear strength and Design & Technology the obvious weak spot. Reading age assessed at 12y 0m. Everything else follows from that. 5 behaviour points, which for this school is nothing at all. Attendance 93.3%. Punctuality is the bigger problem: 0 lates this term. Home is in a two-bed flat with mum and a disabled younger brother. Talks about customising trainers constantly, in and out of lesson. Referred to CAMHS, still on the waiting list."
HAR1689,Titilayo Okafor,F,10,10E,Beam,Mrs P. Nwosu,2012-02-08,14.6,Black African (Nigerian),Edo,Yes - developing,Yes,None,,2.4,12y 5m,English Language,English Literature,88.9,4,126,38,2,poor,True,False,"Titilayo Okafor has a temper that goes from nought to shouting in about four seconds. Sits on grade 2.4 overall. Teachers in English Language rate her highly, staff in English Literature much less so. Reading age assessed at 12y 5m. Everything else follows from that. 126 behaviour points, 2 suspensions, and a permanent exclusion narrowly avoided after an incident with a vape and a fire alarm. Attendance 88.9%, which the year team are keeping an eye on. Lives with dad and stepmum above a shop on the parade. The family are on the phone to the office constantly - engaged, if a bit much. Big into fixing phones."
HAR1690,Kiran Butt,F,10,10E,Beam,Mrs P. Nwosu,2011-10-12,14.9,British Pakistani,Urdu,Yes - fluent,Yes,None,,1.9,11y 4m,Media Studies,English Language,100.0,4,9,3,0,ok,False,False,"Kiran Butt is capable but so far behind that catching up now looks unrealistic without serious intervention. Average working grade 1.9. Media Studies is well above the rest; English Language is dragging the profile down. Literacy is the bottleneck: reading age 11y 4m and handwriting that she's embarrassed about. 9 points logged - low-level stuff: chatting, out of seat, phone on the desk. Attendance 100.0%. The only absences are medical and always covered by a note. Home is in a house with a converted loft room with dad and stepmum. Supportive at home, but stretched thin. Big into fixing up mopeds."
HAR1691,Migle Navickas,F,10,10F,Rom,Mr B. Stannard,2011-11-03,14.8,White Other (Lithuanian),Lithuanian,Yes - new to English,No,SEN Support (K),ADHD (SEMH/medical),2.0,10y 4m,English Language,Maths,90.2,4,218,22,1,poor,False,False,"Migle Navickas is a new-to-English arrival who is far cleverer than her written work can show yet. Working at grade 2.0 on average, with English Language the clear strength and Maths the obvious weak spot. Literacy is the bottleneck: reading age 10y 4m and handwriting that she's embarrassed about. 218 behaviour points, 22 detentions, 1 suspension - the worst being a fight in the DT corridor that took three staff to break up. Attendance 90.2%, which the year team are keeping an eye on. Lives with mum and her partner above a shop on the parade. English isn't the main language at home, so letters get read by an older sibling. Goes to reading buddies every week without fail."
HAR1692,Ayesha Khan,F,10,10F,Rom,Mr B. Stannard,2012-07-19,14.1,British Bangladeshi,Sylheti,Yes - fluent,Yes,None,,4.4,13y 2m,Combined Science,Drama,100.0,2,26,4,0,ok,False,False,"Ayesha Khan sits mid-table across the board and is happy there, which frustrates her tutor. Average working grade 4.4. Combined Science is well above the rest; Drama is dragging the profile down. 26 points logged - low-level stuff: chatting, out of seat, phone on the desk. Attendance 100.0%. The only absences are medical and always covered by a note. Lives on the Plaistow side with both parents and twin sisters. Parents' evening attendance is patchy, and it's shift work rather than a lack of interest. Talks about graffiti and lettering constantly, in and out of lesson."
HAR1693,Cem Kilic,M,10,10F,Rom,Mr B. Stannard,2012-04-09,14.4,White Other (Turkish / Kurdish),Zazaki,No,No,None,,5.6,14y 4m,English Language,Maths,92.5,1,0,1,0,good,False,False,"Cem Kilic is reliable in lessons he likes and drifts badly in the ones he doesn't. Sits on grade 5.6 overall. Teachers in English Language rate him highly, staff in Maths much less so. 0 points logged, every one of them for uniform or equipment rather than conduct. Attendance has slipped to 92.5% and there's a pattern of Monday mornings. Lives on the Carpenters Estate with foster carers. Nobody at home has the confidence to challenge the school, which staff are conscious of. Talks about fixing phones constantly, in and out of lesson."
HAR1694,Umut Demir,M,10,10F,Rom,Mr B. Stannard,2012-01-14,14.6,White Other (Turkish / Kurdish),Turkish,Yes - fluent,No,None,,4.5,13y 1m,Combined Science,Spanish,91.9,20,24,3,0,ok,False,False,"Umut Demir is a decent worker who gets by on effort more than natural ability. Sits on grade 4.5 overall. Teachers in Combined Science rate him highly, staff in Spanish much less so. 24 behaviour points, mostly talking, phones and being late to period one. 91.9% attendance - enough to trigger a letter home but not a fine. At home it's mum only, in a flat with a lift that never works. Older siblings came through Harford as well and staff remember the surname. Spends every break on trainspotting."
HAR1695,Ebru Kilic,F,10,10F,Rom,Mr B. Stannard,2011-11-06,14.8,White Other (Turkish / Kurdish),Turkish,Yes - fluent,No,None,,4.9,14y 4m,English Language,Maths,99.2,1,0,1,0,good,False,False,"Ebru Kilic is a solid, steady student who does what's asked and not a great deal more. Currently 4.9 on average - on target in English Language, a full two grades off in Maths. 0 points logged, every one of them for uniform or equipment rather than conduct. Attendance 99.2%. The only absences are medical and always covered by a note. Lives on the Aldgate side of the borough with an older sister who does most of the parenting. Would rather be at chess club than in any lesson and says so openly."
HAR1696,Zainab Ojo,F,10,10F,Rom,Mr B. Stannard,2011-12-27,14.7,Black African (Nigerian),Igbo,Yes - fluent,Yes,None,,3.9,12y 7m,English Language,English Literature,96.1,3,27,4,0,ok,False,False,"Zainab Ojo is a grafter. Nothing comes easily but she keeps showing up and keeps trying. Reports are consistent: strong in English Language, weak in English Literature, average grade 3.9. 27 behaviour points, mostly talking, phones and being late to period one. 96.1% attendance and always on time. Lives in a maisonette off the high street with mum and a disabled younger brother. Money is tight and everyone in the house knows it. Would rather be at art club than in any lesson and says so openly."
HAR1697,Fjolla Dervishi,F,10,10F,Rom,Mr B. Stannard,2012-04-21,14.4,White Other (Albanian),Albanian,Yes - fluent,No,SEN Support (K),SpLD - Dyslexia,1.7,9y 3m,Maths,English Language,92.8,3,17,3,0,ok,False,False,"Fjolla Dervishi has been on the intervention list for two years and progress has been slow at best. Average of 1.7 across the board, with a big spread between Maths and English Language. Reading age 9y 3m - well below her actual age of 14y 4m - so she can't access half the exam papers unaided. 17 points. Nothing serious, but the pattern is talking over staff and refusing to move seats. Attendance has slipped to 92.8% and there's a pattern of Monday mornings. At home it's mum and a disabled younger brother, in a two-bed flat. Supportive at home, but stretched thin. Goes to drama club every week without fail."
HAR1698,Blerta Dervishi,F,10,10F,Rom,Mr B. Stannard,2012-08-22,14.0,White Other (Albanian),Albanian,No,Yes,None,,2.2,11y 9m,Geography,English Literature,83.4,13,123,33,2,poor,True,False,"Blerta Dervishi is funny, sharp and absolutely exhausting to teach. Reports are consistent: strong in Geography, weak in English Literature, average grade 2.2. 123 points and 33 detentions. Screamed ""I don't give a shit"" across a full canteen and was removed for the afternoon. Attendance 83.4% - persistently absent and now with the Education Welfare Officer. Lives on the Beckton end with an older sister who does most of the parenting. Older siblings came through Harford as well and staff remember the surname. Runs Duke of Edinburgh Bronze and takes it more seriously than most of the staff do."
HAR1699,Sonia Sandhu,F,10,10F,Rom,Mr B. Stannard,2012-05-05,14.3,British Indian,Hindi,No,Yes,None,,2.5,10y 11m,Maths,English Language,98.4,3,13,3,0,ok,False,False,"Sonia Sandhu has been on the intervention list for two years and progress has been slow at best. Currently 2.5 on average - on target in Maths, a full two grades off in English Language. Reading age of 10y 11m against a chronological age of 14y 3m, which is the root of most of it. 13 points logged - low-level stuff: chatting, out of seat, phone on the desk. Attendance 98.4% - never an issue. Lives on the flats behind the Roman Road with an older sister who does most of the parenting, in temporary accommodation. Supportive at home, but stretched thin. Talks about Roblox and Minecraft constantly, in and out of lesson."
HAR1700,Farhana Aktar,F,10,10F,Rom,Mr B. Stannard,2012-06-02,14.2,British Bangladeshi,Sylheti,Yes - fluent,Yes,SEN Support (K),SpLD - Dyscalculia,6.7,13y 5m,PE (GCSE),English Language,92.3,2,21,1,0,ok,False,False,"Farhana Aktar is on the SEND register for SpLD - Dyscalculia and has a one-page profile all staff are meant to have read. PE (GCSE) is her best subject by a distance. English Language is the one her tutor has to chase every report. 21 points. Nothing serious, but the pattern is talking over staff and refusing to move seats. Attendance 92.3%, which the year team are keeping an eye on. Lives on the houses off Green Street with both parents and an older brother. It's a full house and a quiet space to do homework doesn't really exist. Quietly good at graffiti and lettering, which nobody at school knew until Year 9."
HAR1701,Ruksana Khan,F,10,10F,Rom,Mr B. Stannard,2012-02-19,14.5,British Bangladeshi,Bengali,No,No,None,,3.1,12y 6m,Maths,English Literature,94.5,3,18,2,0,ok,False,False,"Ruksana Khan can do the work when someone sits with her, and almost never does it when nobody does. Working at grade 3.1 on average, with Maths the clear strength and English Literature the obvious weak spot. Reading age of 12y 6m against a chronological age of 14y 6m, which is the root of most of it. 18 behaviour points and 2 detentions, all for the same three things. Attendance 94.5%, which the year team are keeping an eye on. Lives with grandmother as main carer in a one-bed with the living room as a bedroom. Nobody at home has the confidence to challenge the school, which staff are conscious of. One of the leaders in peer mentoring; it's the one place she's consistently brilliant."
HAR1702,Saira Raja,F,10,10F,Rom,Mr B. Stannard,2012-06-16,14.2,British Pakistani,Punjabi,Yes - developing,No,None,,5.7,13y 4m,Combined Science,English Literature,93.9,3,43,9,0,mixed,False,False,"Saira Raja sits mid-table across the board and is happy there, which frustrates her tutor. Sits on grade 5.7 overall. Teachers in Combined Science rate her highly, staff in English Literature much less so. 43 behaviour points, mostly talking, phones and being late to period one. 93.9% attendance - enough to trigger a letter home but not a fine. Home is in temporary accommodation with mum and a disabled younger brother. English isn't the main language at home, so letters get read by an older sibling. Talks about fixing up mopeds constantly, in and out of lesson."
HAR1703,Reece Gayle,M,10,10F,Rom,Mr B. Stannard,2012-06-24,14.2,Black Caribbean / Mixed Black Caribbean,Jamaican Patois,No,Yes,None,,7.3,14y 10m,Maths,English Language,90.6,7,54,13,0,mixed,False,False,"Reece Gayle is a high flyer with the kind of exercise books other teachers photocopy as an example. Average of 7.3 across the board, with a big spread between Maths and English Language. 54 points logged - low-level stuff: chatting, out of seat, phone on the desk. Attendance 90.6%, which the year team are keeping an eye on. Lives in a maisonette off the high street with both parents and twin sisters. The family are on the phone to the office constantly - engaged, if a bit much. One of the leaders in gym club; it's the one place he's consistently brilliant. Mentored by the school's attendance and inclusion lead."
HAR1704,Uche Balogun,M,10,10F,Rom,Mr B. Stannard,2012-08-20,14.0,Black African (Nigerian),Igbo,Yes - fluent,Yes,None,,3.7,12y 2m,Religious Studies,Spanish,94.7,3,24,4,0,ok,False,False,"Uche Balogun is a decent worker who gets by on effort more than natural ability. Average of 3.7 across the board, with a big spread between Religious Studies and Spanish. Reading age assessed at 12y 2m. Everything else follows from that. 24 points logged - low-level stuff: chatting, out of seat, phone on the desk. Attendance has slipped to 94.7% and there's a pattern of Monday mornings. Lives with both parents, both working in the family business in a flat with a lift that never works. Housing changed twice in the last two years and you can see it in the exercise books. Known across the year for 3D printing."
HAR1705,Louie Mallory,M,10,10F,Rom,Mr B. Stannard,2012-04-03,14.4,White British,English,No,Yes,None,,1.0,11y 5m,PE (GCSE),English Language,94.0,0,232,23,0,poor,False,False,"Louie Mallory is the reason three departments have moved seating plans this year. Average working grade 1.0. PE (GCSE) is well above the rest; English Language is dragging the profile down. Reading age assessed at 11y 5m. Everything else follows from that. 232 behaviour points and 0 suspensions. Refuses to accept a sanction from anyone he hasn't decided he likes. Attendance has slipped to 94.0% and there's a pattern of Monday mornings. At home it's aunt and uncle and five cousins, in temporary accommodation. Parents' evening attendance is patchy, and it's shift work rather than a lack of interest. Known across the year for anime. Free school meals and school-funded uniform; family declined a food bank referral."
HAR1706,Harleen Iyer,F,10,10F,Rom,Mr B. Stannard,2012-02-11,14.6,British Indian,Gujarati,Yes - developing,No,SEN Support (K),"SLCN - Speech, Language & Communication",4.6,11y 7m,English Language,Media Studies,91.3,16,31,13,0,mixed,False,False,"Harleen Iyer is reliable in lessons she likes and drifts badly in the ones she doesn't. Working at grade 4.6 on average, with English Language the clear strength and Media Studies the obvious weak spot. 31 behaviour points and 13 detentions, all for the same three things. Attendance 91.3%. Punctuality is the bigger problem: 16 lates this term. Lives on the Carpenters Estate with mum only. Older siblings came through Harford as well and staff remember the surname. Quietly good at Leyton Orient, which nobody at school knew until Year 9."
HAR1707,Shafin Ali,M,10,10F,Rom,Mr B. Stannard,2012-08-01,14.1,British Bangladeshi,Sylheti,No,No,EHCP,"SEMH - Social, Emotional & Mental Health",1.0,9y 4m,English Literature,English Language,98.2,4,94,9,0,mixed,False,False,"Shafin Ali has SEMH - Social, Emotional & Mental Health and works with the SEN team most weeks. English Literature is his best subject by a distance. English Language is the one his tutor has to chase every report. 94 behaviour points and 9 detentions, all for the same three things. Attendance 98.2%. The only absences are medical and always covered by a note. Home is in temporary accommodation with dad, who works two jobs. Housing changed twice in the last two years and you can see it in the exercise books. Goes to STEM club every week without fail. EHCP names 5 hours of TA support a week and access arrangements for exams."
HAR1708,Nusrat Sarker,F,10,10F,Rom,Mr B. Stannard,2012-08-23,14.0,British Bangladeshi,Sylheti,Yes - fluent,Yes,None,,3.4,12y 8m,English Literature,Drama,91.0,6,94,7,0,mixed,False,False,"Nusrat Sarker is the definition of middle of the road - never in trouble, never top of the class. Sits on grade 3.4 overall. Teachers in English Literature rate her highly, staff in Drama much less so. 94 points. Nothing serious, but the pattern is talking over staff and refusing to move seats. Attendance 91.0%. Punctuality is the bigger problem: 6 lates this term. Lives on the Aldgate side of the borough with dad and stepmum. Money is tight and everyone in the house knows it. Talks about swimming constantly, in and out of lesson."
HAR1709,Keisha Palmer,F,10,10F,Rom,Mr B. Stannard,2012-02-21,14.5,Black Caribbean / Mixed Black Caribbean,English,No,No,SEN Support (K),ASD - Autism Spectrum Condition,7.0,13y 7m,History,PE (GCSE),100.0,2,8,0,0,good,False,False,"Keisha Palmer has ASD - Autism Spectrum Condition, which shapes how she copes with a full timetable in a building this loud. Sits on grade 7.0 overall. Teachers in History rate her highly, staff in PE (GCSE) much less so. 8 behaviour points and no detentions. Staff use her as the example. 100.0% attendance and always on time. Lives on the flats behind the Roman Road with an uncle who is also her named carer, in a one-bed with the living room as a bedroom. Known across the year for fishing on the Lea."
HAR1710,Adanna Adebayo,F,10,10F,Rom,Mr B. Stannard,2011-12-26,14.7,Black African (Nigerian),Nigerian Pidgin,No,Yes,None,,6.0,14y 1m,English Literature,English Language,92.5,0,34,8,0,mixed,False,False,"Adanna Adebayo is a grafter. Nothing comes easily but she keeps showing up and keeps trying. Working at grade 6.0 on average, with English Literature the clear strength and English Language the obvious weak spot. 34 behaviour points, mostly talking, phones and being late to period one. Attendance 92.5%. Punctuality is the bigger problem: 0 lates this term. Home is in temporary accommodation with mum and three younger siblings. Supportive at home, but stretched thin. Spends every break on karate."
HAR1711,Nur Aydin,F,10,10F,Rom,Mr B. Stannard,2012-04-24,14.4,White Other (Turkish / Kurdish),Kurdish (Kurmanji),Yes - fluent,Yes,None,,3.0,12y 9m,English Language,English Literature,91.8,16,20,2,0,ok,False,False,"Nur Aydin struggles across almost every subject and has more or less stopped pretending otherwise. Sits on grade 3.0 overall. Teachers in English Language rate her highly, staff in English Literature much less so. 20 points. Nothing serious, but the pattern is talking over staff and refusing to move seats. 91.8% attendance - enough to trigger a letter home but not a fine. At home it's mum and three younger siblings, in a terraced house shared with an aunt's family. Whoever's home in the morning is doing four school runs, so she's largely left to sort herself out. Goes to steel pans every week without fail."
HAR1712,Millie Baker,F,10,10F,Rom,Mr B. Stannard,2012-05-05,14.3,White British,English,No,Yes,SEN Support (K),MLD - Moderate Learning Difficulty,2.9,11y 3m,Maths,Food Prep & Nutrition,79.8,16,199,36,1,poor,True,False,"Millie Baker runs the room if you let her, and most supply teachers let her. Maths is her best subject by a distance. Food Prep & Nutrition is the one her tutor has to chase every report. Literacy is the bottleneck: reading age 11y 3m and handwriting that she's embarrassed about. 199 points and 36 detentions. Screamed ""I don't give a shit"" across a full canteen and was removed for the afternoon. Attendance 79.8%. Two attendance meetings held, one missed by the family. Lives in a two-bed flat with mum, dad and four siblings. Whoever's home in the morning is doing four school runs, so she's largely left to sort herself out. Big into graffiti and lettering."
HAR1713,Sunil Sharma,M,10,10F,Rom,Mr B. Stannard,2012-06-13,14.2,British Indian,Tamil,Yes - fluent,Yes,None,,8.3,16y 9m,Design & Technology,English Language,100.0,0,1,0,0,good,False,False,"Sunil Sharma is quietly brilliant - the sort of student who hands work in early and then asks for more. Design & Technology is his best subject by a distance. English Language is the one his tutor has to chase every report. Behaviour record is spotless: 1 points on the system all year. 100.0% attendance and always on time. Lives on the Manor Park end with mum only, in a flat with a lift that never works. It's a full house and a quiet space to do homework doesn't really exist. Obsessed with dog walking for money to the point of doing homework about it unprompted."
HAR1714,Jordan Stubbs,M,10,10F,Rom,Mr B. Stannard,2012-06-10,14.2,White British,English,No,Yes,None,,3.7,12y 7m,English Language,English Literature,88.6,14,28,3,0,ok,True,False,"Jordan Stubbs is a decent worker who gets by on effort more than natural ability. Currently 3.7 on average - on target in English Language, a full two grades off in English Literature. 28 points. Nothing serious, but the pattern is talking over staff and refusing to move seats. Attendance 88.6%. Punctuality is the bigger problem: 14 lates this term. Lives with dad, who works two jobs in a maisonette off the high street. The family are on the phone to the office constantly - engaged, if a bit much. Would rather be at music tech club than in any lesson and says so openly."
HAR1715,Magdalena Zielinski,F,10,10F,Rom,Mr B. Stannard,2012-06-22,14.2,White Other (Polish),Polish,Yes - developing,No,None,,3.9,12y 6m,English Language,English Literature,96.4,2,18,3,0,ok,False,False,"Magdalena Zielinski is a decent worker who gets by on effort more than natural ability. Average working grade 3.9. English Language is well above the rest; English Literature is dragging the profile down. 18 points. Nothing serious, but the pattern is talking over staff and refusing to move seats. Attendance sits at 96.4% with no unauthorised absence. Home is in a flat with a lift that never works with mum, stepdad and a new baby. Runs art club and takes it more seriously than most of the staff do."
HAR1716,Deniz Kurt,M,10,10F,Rom,Mr B. Stannard,2012-01-18,14.6,White Other (Turkish / Kurdish),Kurdish (Kurmanji),No,No,None,,2.8,12y 6m,English Literature,Drama,94.0,3,25,2,0,ok,False,False,"Deniz Kurt struggles across almost every subject and has more or less stopped pretending otherwise. Average working grade 2.8. English Literature is well above the rest; Drama is dragging the profile down. Reading age assessed at 12y 6m. Everything else follows from that. 25 behaviour points and 2 detentions, all for the same three things. Attendance has slipped to 94.0% and there's a pattern of Monday mornings. Lives in a one-bed with the living room as a bedroom with an older sister who does most of the parenting. The commute in is two buses and it shows in the punctuality data. Runs gaming club and takes it more seriously than most of the staff do. Referred to the borough's youth violence reduction team after being robbed for his phone on the way home."
HAR1717,Jakub Kowalski,M,10,10F,Rom,Mr B. Stannard,2012-07-09,14.1,White Other (Polish),Polish,Yes - developing,No,SEN Support (K),MLD - Moderate Learning Difficulty,2.2,10y 2m,Combined Science,English Literature,86.2,17,137,40,3,poor,True,False,"Jakub Kowalski has MLD - Moderate Learning Difficulty, which shapes how he copes with a full timetable in a building this loud. Sits on grade 2.2 overall. Teachers in Combined Science rate him highly, staff in English Literature much less so. Reading age of 10y 2m against a chronological age of 14y 1m, which is the root of most of it. 137 points, 40 detentions. Told his Head of Year, word for word, that the school could ""do one"" - then apologised properly the next day, which is the frustrating bit. Attendance 86.2% and falling. Weeks go by where nobody sees him. Home is in a maisonette off the high street with mum, stepdad and a new baby. English isn't the main language at home, so letters get read by an older sibling. Spends every break on West Ham."
HAR1718,Tasnim Choudhury,F,10,10F,Rom,Mr B. Stannard,2012-03-04,14.5,British Bangladeshi,Bengali,Yes - fluent,Yes,None,,3.8,12y 6m,English Language,Combined Science,93.0,0,11,3,0,ok,False,False,"Tasnim Choudhury is the definition of middle of the road - never in trouble, never top of the class. Average working grade 3.8. English Language is well above the rest; Combined Science is dragging the profile down. Reading age 12y 6m - well below her actual age of 14y 5m - so she can't access half the exam papers unaided. 11 behaviour points and 3 detentions, all for the same three things. Attendance 93.0%, which the year team are keeping an eye on. Home is in a two-bed flat with both parents and an older brother. The family are on the phone to the office constantly - engaged, if a bit much. Obsessed with sewing and altering clothes to the point of doing homework about it unprompted."
HAR1719,Beatriz Almeida,F,10,10F,Rom,Mr B. Stannard,2011-09-05,15.0,White Other (Portuguese / Brazilian),Portuguese,No,No,None,,5.5,14y 2m,Maths,Food Prep & Nutrition,96.0,2,104,38,1,poor,False,False,"Beatriz Almeida has a temper that goes from nought to shouting in about four seconds. Average of 5.5 across the board, with a big spread between Maths and Food Prep & Nutrition. 104 behaviour points, 38 detentions, 1 suspension - the worst being a fight in the DT corridor that took three staff to break up. 96.0% attendance and always on time. Lives on the towers on Devons Road with an older sister who does most of the parenting. Obsessed with producing beats on FL Studio to the point of doing homework about it unprompted."
HAR1720,Ebele Nwosu,F,10,10F,Rom,Mr B. Stannard,2012-03-05,14.5,Black African (Nigerian),Igbo,Yes - fluent,No,EHCP,"SLCN - Speech, Language & Communication",1.0,10y 0m,Art & Design,English Language,92.4,4,16,1,0,ok,False,False,"Ebele Nwosu has SLCN - Speech, Language & Communication, which shapes how she copes with a full timetable in a building this loud. Reports are consistent: strong in Art & Design, weak in English Language, average grade 1.0. Reading age of 10y 0m against a chronological age of 14y 5m, which is the root of most of it. 16 points. Nothing serious, but the pattern is talking over staff and refusing to move seats. 92.4% attendance - enough to trigger a letter home but not a fine. Lives above a shop on the parade with an uncle who is also her named carer. The commute in is two buses and it shows in the punctuality data. Obsessed with sewing and altering clothes to the point of doing homework about it unprompted. EHCP names 10 hours of TA support a week and access arrangements for exams."
HAR1721,Mahiya Khan,F,11,11A,Lea,Mrs V. Croucher,2011-05-23,15.3,British Bangladeshi,Sylheti,Yes - developing,Yes,None,,2.4,13y 2m,Combined Science,English Language,96.2,1,18,3,0,ok,False,False,"Mahiya Khan is capable but so far behind that catching up now looks unrealistic without serious intervention. Average of 2.4 across the board, with a big spread between Combined Science and English Language. Reading age 13y 2m - well below her actual age of 15y 3m - so she can't access half the exam papers unaided. 18 behaviour points and 3 detentions, all for the same three things. Attendance 96.2% - never an issue. Lives in a flat with a lift that never works with mum and her partner. Whoever's home in the morning is doing four school runs, so she's largely left to sort herself out. Quietly good at roller skating, which nobody at school knew until Year 9. Managed move in from another East London secondary at the start of Year 11."
HAR1722,Nikita Watson,F,11,11A,Lea,Mrs V. Croucher,2011-03-14,15.5,White British,English,No,No,None,,5.4,14y 7m,Maths,English Language,83.4,22,131,14,2,poor,True,False,"Nikita Watson is the reason three departments have moved seating plans this year. Maths is her best subject by a distance. English Language is the one her tutor has to chase every report. 131 points, 14 detentions. Told her Head of Year, word for word, that the school could ""do one"" - then apologised properly the next day, which is the frustrating bit. Attendance 83.4%. Two attendance meetings held, one missed by the family. Lives on the Beckton end with mum, stepdad and a new baby, in a maisonette off the high street. One of the leaders in cheerleading; it's the one place she's consistently brilliant. Managed move in from another East London secondary at the start of Year 11."
HAR1723,Mohamed Sheikh,M,11,11A,Lea,Mrs V. Croucher,2011-08-10,15.1,Black African (Somali),Somali,Yes - new to English,Yes,None,,1.7,12y 7m,French,English Language,88.5,17,110,38,2,poor,True,False,"Mohamed Sheikh joined Harford in the spring term with almost no English and has come a long way, fast. Sits on grade 1.7 overall. Teachers in French rate him highly, staff in English Language much less so. Literacy is the bottleneck: reading age 12y 7m and handwriting that he's embarrassed about. 110 points and 38 detentions. Screamed ""I don't give a shit"" across a full canteen and was removed for the afternoon. Attendance 88.5%, which the year team are keeping an eye on. Home is in a maisonette off the high street with an older sister who does most of the parenting. Supportive at home, but stretched thin. Quietly good at TikTok edits, which nobody at school knew until Year 9."
HAR1724,Kaleem Whyte,M,11,11A,Lea,Mrs V. Croucher,2011-02-21,15.5,Black Caribbean / Mixed Black Caribbean,English,No,No,None,,4.6,15y 0m,English Language,English Literature,98.8,1,25,2,0,ok,False,False,"Kaleem Whyte is a decent worker who gets by on effort more than natural ability. Sits on grade 4.6 overall. Teachers in English Language rate him highly, staff in English Literature much less so. 25 points logged - low-level stuff: chatting, out of seat, phone on the desk. Attendance sits at 98.8% with no unauthorised absence. Home is in a maisonette off the high street with both parents and twin sisters. Supportive at home, but stretched thin. Obsessed with baking to the point of doing homework about it unprompted."
HAR1725,Sabbir Talukder,M,11,11A,Lea,Mrs V. Croucher,2010-11-08,15.8,British Bangladeshi,Sylheti,Yes - fluent,Yes,None,,5.3,14y 11m,Religious Studies,English Language,91.9,11,2,1,0,good,False,False,"Sabbir Talukder is a grafter. Nothing comes easily but he keeps showing up and keeps trying. Average working grade 5.3. Religious Studies is well above the rest; English Language is dragging the profile down. 2 behaviour points, which for this school is nothing at all. Attendance 91.9%, which the year team are keeping an eye on. Home is in a council flat on the fourth floor with mum and her partner. Known across the year for cooking with her nan."
HAR1726,Jasmin Choudhury,F,11,11A,Lea,Mrs V. Croucher,2010-10-25,15.9,British Bangladeshi,Bengali,No,No,None,,6.7,16y 3m,Media Studies,Maths,99.5,2,13,1,0,ok,False,False,"Jasmin Choudhury is quietly brilliant - the sort of student who hands work in early and then asks for more. Media Studies is her best subject by a distance. Maths is the one her tutor has to chase every report. 13 behaviour points, mostly talking, phones and being late to period one. Attendance sits at 99.5% with no unauthorised absence. At home it's mum only, in a terraced house shared with an aunt's family. Runs anime and manga club and takes it more seriously than most of the staff do."
HAR1727,Selin Yilmaz,F,11,11A,Lea,Mrs V. Croucher,2011-02-21,15.5,White Other (Turkish / Kurdish),Turkish,Yes - developing,Yes,None,,2.2,13y 1m,Maths,English Language,97.2,0,84,7,0,mixed,False,False,"Selin Yilmaz has decided school isn't for her and spends most lessons proving it. Reports are consistent: strong in Maths, weak in English Language, average grade 2.2. Literacy is the bottleneck: reading age 13y 1m and handwriting that she's embarrassed about. 84 behaviour points and 7 detentions, all for the same three things. Attendance 97.2%. The only absences are medical and always covered by a note. Lives on the estate off Barking Road with mum, dad and grandad. Big into fixing up mopeds."
HAR1728,Chloe Boyle,F,11,11A,Lea,Mrs V. Croucher,2010-09-25,15.9,White British,English,No,No,None,,1.2,12y 2m,Art & Design,English Language,95.7,4,212,36,1,poor,False,False,"Chloe Boyle is bright enough to be doing well and chooses, daily, not to. Working at grade 1.2 on average, with Art & Design the clear strength and English Language the obvious weak spot. Reading age assessed at 12y 2m. Everything else follows from that. 212 behaviour points, 36 detentions, 1 suspension - the worst being a fight in the DT corridor that took three staff to break up. Attendance 95.7%. The only absences are medical and always covered by a note. Home is in a maisonette off the high street with dad and stepmum. Supportive at home, but stretched thin. Goes to cricket in the summer term every week without fail."
HAR1729,Ionela Ciobanu,F,11,11A,Lea,Mrs V. Croucher,2011-08-24,15.0,White Other (Romanian),Romani,Yes - developing,Yes,None,,2.4,12y 0m,Triple Science,English Language,92.8,3,92,7,0,mixed,False,False,"Ionela Ciobanu is significantly behind where she should be and the gap is widening every term. Average working grade 2.4. Triple Science is well above the rest; English Language is dragging the profile down. Reading age 12y 0m - well below her actual age of 15y 0m - so she can't access half the exam papers unaided. 92 points. Nothing serious, but the pattern is talking over staff and refusing to move seats. Attendance 92.8%. Punctuality is the bigger problem: 3 lates this term. Home is in a maisonette off the high street with both parents and twin sisters. Nobody at home has the confidence to challenge the school, which staff are conscious of. Quietly good at skateboarding, which nobody at school knew until Year 9."
HAR1730,Israt Choudhury,F,11,11A,Lea,Mrs V. Croucher,2011-05-08,15.3,British Bangladeshi,Bengali,Yes - developing,Yes,SEN Support (K),ASD - Autism Spectrum Condition,3.1,13y 1m,Religious Studies,English Language,41.8,18,144,39,3,poor,True,True,"Israt Choudhury has had long spells out of lessons and is being reintegrated slowly. Sits on grade 3.1 overall. Teachers in Religious Studies rate her highly, staff in English Language much less so. Reading age assessed at 13y 1m. Everything else follows from that. 144 points and 39 detentions. Screamed ""I don't give a shit"" across a full canteen and was removed for the afternoon. Attendance 41.8% - persistently absent and now with the Education Welfare Officer. Lives on the Manor Park end with grandmother as main carer, in a house with a converted loft room. Talks about dog walking for money constantly, in and out of lesson. On a pastoral support plan after a difficult autumn term."
HAR1731,Ebele Oyelaran,F,11,11A,Lea,Mrs V. Croucher,2011-02-01,15.6,Black African (Nigerian),Nigerian Pidgin,Yes - developing,Yes,None,,1.2,11y 7m,PE (GCSE),English Language,85.1,17,208,20,1,poor,True,False,"Ebele Oyelaran is funny, sharp and absolutely exhausting to teach. Average working grade 1.2. PE (GCSE) is well above the rest; English Language is dragging the profile down. Reading age of 11y 7m against a chronological age of 15y 6m, which is the root of most of it. 208 points, 20 detentions and 1 fixed-term suspension. Last one was for calling a member of SLT a bitch in front of a Year 7 class. Attendance 85.1%. Two attendance meetings held, one missed by the family. Lives on the estate off Barking Road with mum and a disabled younger brother, above a shop on the parade. The commute in is two buses and it shows in the punctuality data. Obsessed with Millwall to the point of doing homework about it unprompted."
HAR1732,Bailey Harris,M,11,11A,Lea,Mrs V. Croucher,2011-03-17,15.5,White British,English,No,No,None,,5.4,14y 8m,Combined Science,English Language,100.0,0,24,4,0,ok,False,False,"Bailey Harris is quiet to the point of being invisible in some lessons and staff have to make an effort to notice him. Currently 5.4 on average - on target in Combined Science, a full two grades off in English Language. 24 points logged - low-level stuff: chatting, out of seat, phone on the desk. 100.0% attendance and always on time. Lives in a two-bed flat with grandmother as main carer. It's a full house and a quiet space to do homework doesn't really exist. One of the leaders in netball; it's the one place he's consistently brilliant. Working with the school counsellor weekly."
HAR1733,Babatunde Onyeka,M,11,11A,Lea,Mrs V. Croucher,2010-12-09,15.7,Black African (Nigerian),Yoruba,Yes - fluent,No,None,,7.4,16y 5m,Maths,Design & Technology,91.9,5,67,9,0,mixed,False,False,"Babatunde Onyeka is one of those students who makes a lesson easier just by being in it. Currently 7.4 on average - on target in Maths, a full two grades off in Design & Technology. 67 behaviour points and 9 detentions, all for the same three things. 91.9% attendance - enough to trigger a letter home but not a fine. Lives on the Aldgate side of the borough with grandmother as main carer, in a flat with a lift that never works. Big into skateboarding."
HAR1734,Precious Ogunleye,F,11,11A,Lea,Mrs V. Croucher,2010-10-13,15.9,Black African (Nigerian),Nigerian Pidgin,Yes - fluent,Yes,None,,4.8,15y 8m,English Language,Maths,91.6,15,2,0,0,good,False,False,"Precious Ogunleye is quiet to the point of being invisible in some lessons and staff have to make an effort to notice her. Average working grade 4.8. English Language is well above the rest; Maths is dragging the profile down. Nothing on the behaviour log worth reading - 2 points total. Attendance 91.6%, which the year team are keeping an eye on. Lives in temporary accommodation with an older sister who does most of the parenting. The family are on the phone to the office constantly - engaged, if a bit much. Runs debate club and takes it more seriously than most of the staff do. Working with the school counsellor weekly."
HAR1735,Thivya Kapoor,F,11,11A,Lea,Mrs V. Croucher,2011-05-24,15.3,British Indian,Tamil,Yes - developing,No,SEN Support (K),ASD - Autism Spectrum Condition,3.4,13y 0m,Combined Science,English Language,100.0,0,16,1,0,ok,False,False,"Thivya Kapoor is a solid, steady student who does what's asked and not a great deal more. Average working grade 3.4. Combined Science is well above the rest; English Language is dragging the profile down. Literacy is the bottleneck: reading age 13y 0m and handwriting that she's embarrassed about. 16 points logged - low-level stuff: chatting, out of seat, phone on the desk. 100.0% attendance and always on time. Lives on the towers on Devons Road with grandmother as main carer, in a flat with a lift that never works. English isn't the main language at home, so letters get read by an older sibling. Big into K-pop."
HAR1736,Cristian Constantin,M,11,11A,Lea,Mrs V. Croucher,2011-06-22,15.2,White Other (Romanian),Romanian,Yes - fluent,No,None,,6.8,16y 1m,English Language,Maths,100.0,0,7,0,0,good,False,False,"Cristian Constantin is bright, organised and slightly obsessive about his grades, which is both a strength and a problem. Reports are consistent: strong in English Language, weak in Maths, average grade 6.8. Behaviour record is spotless: 7 points on the system all year. Attendance 100.0%. The only absences are medical and always covered by a note. Lives in a flat with a lift that never works with an older sister who does most of the parenting. Older siblings came through Harford as well and staff remember the surname. Known across the year for K-pop."
HAR1737,Riley Sparrow,M,11,11A,Lea,Mrs V. Croucher,2011-03-16,15.5,White British,English,No,Yes,None,,4.2,13y 9m,Maths,English Literature,98.1,4,74,4,0,mixed,False,False,"Riley Sparrow is pleasant, chatty and easily distracted, but the work gets done in the end. Reports are consistent: strong in Maths, weak in English Literature, average grade 4.2. 74 behaviour points, mostly talking, phones and being late to period one. Attendance 98.1% - never an issue. Lives on the houses off Green Street with mum only. Big into football stats and fantasy leagues."
HAR1738,Trey Thompson,M,11,11A,Lea,Mrs V. Croucher,2011-07-15,15.1,Black Caribbean / Mixed Black Caribbean,English,No,No,None,,3.8,14y 2m,English Language,Geography,97.9,4,18,4,0,ok,False,False,"Trey Thompson is the definition of middle of the road - never in trouble, never top of the class. English Language is his best subject by a distance. Geography is the one his tutor has to chase every report. 18 behaviour points, mostly talking, phones and being late to period one. Attendance 97.9% - never an issue. At home it's both parents, both working in the family business, in a council flat on the fourth floor. Runs chess club and takes it more seriously than most of the staff do."
HAR1739,Tariq Haddad,M,11,11A,Lea,Mrs V. Croucher,2011-03-18,15.5,Arab,Arabic (Sudanese),Yes - fluent,Yes,None,,4.0,13y 3m,French,English Language,100.0,0,12,3,0,ok,False,False,"Tariq Haddad sits mid-table across the board and is happy there, which frustrates his tutor. Average of 4.0 across the board, with a big spread between French and English Language. 12 behaviour points, mostly talking, phones and being late to period one. Attendance 100.0% - never an issue. At home it's aunt and uncle and five cousins, in a house with a converted loft room. Big into chess puzzles."
HAR1740,Mariana Ferreira,F,11,11A,Lea,Mrs V. Croucher,2010-10-23,15.9,White Other (Portuguese / Brazilian),Portuguese,Yes - fluent,Yes,None,,3.3,14y 4m,English Language,Drama,99.2,1,6,0,0,good,False,False,"Mariana Ferreira has been on the intervention list for two years and progress has been slow at best. Currently 3.3 on average - on target in English Language, a full two grades off in Drama. 6 points logged, every one of them for uniform or equipment rather than conduct. 99.2% attendance and always on time. Home is in a council flat on the fourth floor with dad and stepmum. It's a full house and a quiet space to do homework doesn't really exist. Spends every break on West Ham."
HAR1741,Abdul Mia,M,11,11A,Lea,Mrs V. Croucher,2010-12-23,15.7,British Bangladeshi,Bengali,Yes - fluent,Yes,SEN Support (K),ASD - Autism Spectrum Condition,3.6,13y 10m,Combined Science,Art & Design,100.0,4,10,2,0,ok,False,False,"Abdul Mia is a decent worker who gets by on effort more than natural ability. Currently 3.6 on average - on target in Combined Science, a full two grades off in Art & Design. Reading age 13y 10m - well below his actual age of 15y 8m - so he can't access half the exam papers unaided. 10 behaviour points and 2 detentions, all for the same three things. Attendance sits at 100.0% with no unauthorised absence. Home is in a maisonette off the high street with foster carers. Nobody at home has the confidence to challenge the school, which staff are conscious of. One of the leaders in football (girls'); it's the one place he's consistently brilliant."
HAR1742,Ashraful Karim,M,11,11A,Lea,Mrs V. Croucher,2011-05-25,15.3,British Bangladeshi,Sylheti,Yes - fluent,Yes,SEN Support (K),"SEMH - Social, Emotional & Mental Health",1.8,12y 2m,Maths,English Literature,74.7,4,26,2,0,ok,True,False,"Ashraful Karim has SEMH - Social, Emotional & Mental Health and works with the SEN team most weeks. Maths is his best subject by a distance. English Literature is the one his tutor has to chase every report. Reading age of 12y 2m against a chronological age of 15y 3m, which is the root of most of it. 26 points logged - low-level stuff: chatting, out of seat, phone on the desk. 74.7% attendance. The school has issued a formal warning and a penalty notice is on the table. Lives on the flats behind the Roman Road with both parents and twin sisters. Supportive at home, but stretched thin. Talks about 3D printing constantly, in and out of lesson. Referred to CAMHS, still on the waiting list."
HAR1743,Labiba Miah,F,11,11A,Lea,Mrs V. Croucher,2011-01-16,15.6,British Bangladeshi,Bengali,Yes - developing,No,None,,6.8,16y 0m,English Literature,English Language,92.1,4,7,0,0,good,False,False,"Labiba Miah is one of those students who makes a lesson easier just by being in it. Currently 6.8 on average - on target in English Literature, a full two grades off in English Language. 7 behaviour points, which for this school is nothing at all. Attendance 92.1%. Punctuality is the bigger problem: 4 lates this term. Lives above a shop on the parade with grandmother as main carer. Older siblings came through Harford as well and staff remember the surname. Big into customising trainers. Referred to CAMHS, still on the waiting list."
HAR1744,Mehmet Yilmaz,M,11,11A,Lea,Mrs V. Croucher,2011-05-08,15.3,White Other (Turkish / Kurdish),Zazaki,Yes - developing,No,None,,7.2,16y 4m,English Language,English Literature,93.1,4,5,0,0,good,False,False,"Mehmet Yilmaz is one of those students who makes a lesson easier just by being in it. Reports are consistent: strong in English Language, weak in English Literature, average grade 7.2. Nothing on the behaviour log worth reading - 5 points total. 93.1% attendance - enough to trigger a letter home but not a fine. Lives with mum, stepdad and a new baby in a one-bed with the living room as a bedroom. Nobody at home has the confidence to challenge the school, which staff are conscious of. Quietly good at fixing phones, which nobody at school knew until Year 9."
HAR1745,Pedro Ferreira,M,11,11A,Lea,Mrs V. Croucher,2011-02-08,15.6,White Other (Portuguese / Brazilian),Portuguese,Yes - fluent,Yes,SEN Support (K),SpLD - Dyslexia,3.0,11y 6m,English Language,Combined Science,92.2,1,47,6,0,mixed,False,False,"Pedro Ferreira is on the SEND register for SpLD - Dyslexia and has a one-page profile all staff are meant to have read. Reports are consistent: strong in English Language, weak in Combined Science, average grade 3.0. Reading age 11y 6m - well below his actual age of 15y 6m - so he can't access half the exam papers unaided. 47 points. Nothing serious, but the pattern is talking over staff and refusing to move seats. 92.2% attendance - enough to trigger a letter home but not a fine. Lives on the flats behind the Roman Road with foster carers. Housing changed twice in the last two years and you can see it in the exercise books. Talks about trainspotting constantly, in and out of lesson."
HAR1746,Thivya Kaur,F,11,11A,Lea,Mrs V. Croucher,2010-09-23,15.9,British Indian,Gujarati,Yes - developing,No,None,,4.0,14y 4m,English Literature,English Language,95.2,3,5,0,0,good,False,False,"Thivya Kaur is a decent worker who gets by on effort more than natural ability. Currently 4.0 on average - on target in English Literature, a full two grades off in English Language. 5 points logged, every one of them for uniform or equipment rather than conduct. 95.2% attendance and always on time. Lives on the estate off Barking Road with mum and her partner, in temporary accommodation. The commute in is two buses and it shows in the punctuality data. Known across the year for skateboarding."
HAR1747,Cristina Dumitru,F,11,11A,Lea,Mrs V. Croucher,2011-03-06,15.5,White Other (Romanian),Romanian,Yes - developing,Yes,None,,8.3,17y 10m,PE (GCSE),Music,98.2,1,51,5,0,mixed,False,False,"Cristina Dumitru is a high flyer with the kind of exercise books other teachers photocopy as an example. PE (GCSE) is her best subject by a distance. Music is the one her tutor has to chase every report. 51 points. Nothing serious, but the pattern is talking over staff and refusing to move seats. Attendance 98.2%. The only absences are medical and always covered by a note. Lives in a two-bed flat with both parents and an older brother. Goes to Warhammer club every week without fail."
HAR1748,Bruno Silva,M,11,11A,Lea,Mrs V. Croucher,2010-11-01,15.8,White Other (Portuguese / Brazilian),Portuguese,Yes - new to English,No,None,,5.9,15y 10m,Maths,English Literature,100.0,3,7,0,0,good,False,False,"Bruno Silva speaks Portuguese at home and is at the stage where he understands nearly everything and says almost nothing. Reports are consistent: strong in Maths, weak in English Literature, average grade 5.9. 7 behaviour points and no detentions. Staff use him as the example. Attendance 100.0%. The only absences are medical and always covered by a note. At home it's mum, dad and grandad, in a terraced house shared with an aunt's family. Housing changed twice in the last two years and you can see it in the exercise books. Quietly good at skateboarding, which nobody at school knew until Year 9."
HAR1749,Lacey Harris,F,11,11A,Lea,Mrs V. Croucher,2010-09-14,16.0,White British,English,No,No,None,,6.3,16y 2m,PE (GCSE),English Literature,98.0,4,54,10,0,mixed,False,False,"Lacey Harris is a solid, steady student who does what's asked and not a great deal more. Working at grade 6.3 on average, with PE (GCSE) the clear strength and English Literature the obvious weak spot. 54 points logged - low-level stuff: chatting, out of seat, phone on the desk. Attendance 98.0% - never an issue. At home it's mum, dad and four siblings, in a maisonette off the high street. Housing changed twice in the last two years and you can see it in the exercise books. Talks about customising trainers constantly, in and out of lesson. Managed move in from another East London secondary at the start of Year 11."
HAR1750,Hatice Sahin,F,11,11A,Lea,Mrs V. Croucher,2010-10-18,15.9,White Other (Turkish / Kurdish),Kurdish (Kurmanji),Yes - fluent,No,None,,4.8,14y 4m,English Language,History,92.5,0,79,6,0,mixed,False,False,"Hatice Sahin is quiet to the point of being invisible in some lessons and staff have to make an effort to notice her. English Language is her best subject by a distance. History is the one her tutor has to chase every report. 79 points. Nothing serious, but the pattern is talking over staff and refusing to move seats. 92.5% attendance - enough to trigger a letter home but not a fine. At home it's mum only, in a flat with a lift that never works. Runs Warhammer club and takes it more seriously than most of the staff do."
HAR1751,Danny Turner,M,11,11B,Roding,Mr H. Zaman,2010-10-04,15.9,White British,English,No,No,None,,7.6,17y 8m,Combined Science,Computer Science,96.0,1,33,10,0,mixed,False,False,"Danny Turner reads well above his age and has an answer for everything, usually the right one. Currently 7.6 on average - on target in Combined Science, a full two grades off in Computer Science. 33 points logged - low-level stuff: chatting, out of seat, phone on the desk. Attendance 96.0% - never an issue. Lives in a two-bed flat with mum, dad and grandad. Talks about hairdressing constantly, in and out of lesson."
HAR1752,Yewande Nnaji,F,11,11B,Roding,Mr H. Zaman,2010-12-19,15.7,Black African (Nigerian),Nigerian Pidgin,Yes - fluent,Yes,None,,5.7,15y 10m,French,English Literature,95.8,1,50,10,0,mixed,False,False,"Yewande Nnaji is pleasant, chatty and easily distracted, but the work gets done in the end. French is her best subject by a distance. English Literature is the one her tutor has to chase every report. 50 behaviour points and 10 detentions, all for the same three things. 95.8% attendance and always on time. Lives on the Plaistow side with mum, dad and four siblings, above a shop on the parade. Parents' evening attendance is patchy, and it's shift work rather than a lack of interest. Would rather be at cooking club than in any lesson and says so openly."
HAR1753,Quyen Nguyen,F,11,11B,Roding,Mr H. Zaman,2011-06-27,15.2,Asian Other (Vietnamese),Vietnamese,Yes - fluent,No,None,,6.6,15y 8m,English Language,Maths,90.2,15,0,1,0,good,False,False,"Quyen Nguyen is quietly brilliant - the sort of student who hands work in early and then asks for more. Reports are consistent: strong in English Language, weak in Maths, average grade 6.6. 0 points logged, every one of them for uniform or equipment rather than conduct. Attendance 90.2%, which the year team are keeping an eye on. Lives with aunt and uncle and five cousins in a house with a converted loft room. Obsessed with Arsenal to the point of doing homework about it unprompted."
HAR1754,Chiamaka Fashola,F,11,11B,Roding,Mr H. Zaman,2010-09-15,16.0,Black African (Nigerian),Yoruba,Yes - developing,Yes,None,,4.4,14y 10m,English Literature,Business Studies,89.3,3,20,1,0,ok,True,False,"Chiamaka Fashola is a solid, steady student who does what's asked and not a great deal more. Sits on grade 4.4 overall. Teachers in English Literature rate her highly, staff in Business Studies much less so. 20 points logged - low-level stuff: chatting, out of seat, phone on the desk. Attendance 89.3%, which the year team are keeping an eye on. Lives on the Beckton end with mum, stepdad and a new baby. Nobody at home has the confidence to challenge the school, which staff are conscious of. Runs cooking club and takes it more seriously than most of the staff do."
HAR1755,Yasir Butt,M,11,11B,Roding,Mr H. Zaman,2011-06-10,15.2,British Pakistani,Punjabi,No,Yes,None,,5.9,15y 4m,Combined Science,Media Studies,94.7,4,5,0,0,good,False,False,"Yasir Butt is a solid, steady student who does what's asked and not a great deal more. Average of 5.9 across the board, with a big spread between Combined Science and Media Studies. Behaviour record is spotless: 5 points on the system all year. Attendance 94.7%. Punctuality is the bigger problem: 4 lates this term. Lives on the Beckton end with dad and stepmum, in a house with a converted loft room. English isn't the main language at home, so letters get read by an older sibling. Known across the year for sewing and altering clothes."
HAR1756,Ashton Doyle,M,11,11B,Roding,Mr H. Zaman,2010-09-08,16.0,White British,English,No,Yes,None,,4.4,15y 3m,Media Studies,English Literature,92.2,0,1,0,0,good,False,False,"Ashton Doyle is reliable in lessons he likes and drifts badly in the ones he doesn't. Currently 4.4 on average - on target in Media Studies, a full two grades off in English Literature. 1 points logged, every one of them for uniform or equipment rather than conduct. 92.2% attendance - enough to trigger a letter home but not a fine. Lives on the Carpenters Estate with mum and three younger siblings. Whoever's home in the morning is doing four school runs, so he's largely left to sort himself out. Spends every break on Leyton Orient."
HAR1757,Reggie Tanner,M,11,11B,Roding,Mr H. Zaman,2011-08-18,15.0,White British,English,No,No,None,,1.0,11y 3m,PE (GCSE),English Language,95.6,2,9,2,0,ok,False,False,"Reggie Tanner is one of the lowest attainers in Year 11 and the department has run out of easy ideas. PE (GCSE) is his best subject by a distance. English Language is the one his tutor has to chase every report. Reading age 11y 3m - well below his actual age of 15y 0m - so he can't access half the exam papers unaided. 9 behaviour points, mostly talking, phones and being late to period one. Attendance sits at 95.6% with no unauthorised absence. Lives on the houses off Green Street with mum, stepdad and a new baby, in a maisonette off the high street. Housing changed twice in the last two years and you can see it in the exercise books. Spends every break on MMA. Off-site alternative provision two days a week."
HAR1758,Aisha Iqbal,F,11,11B,Roding,Mr H. Zaman,2011-05-07,15.3,British Pakistani,Punjabi,No,No,None,,2.7,13y 1m,English Language,Media Studies,94.8,3,1,1,0,good,False,False,"Aisha Iqbal is capable but so far behind that catching up now looks unrealistic without serious intervention. English Language is her best subject by a distance. Media Studies is the one her tutor has to chase every report. Reading age 13y 1m - well below her actual age of 15y 3m - so she can't access half the exam papers unaided. 1 points logged, every one of them for uniform or equipment rather than conduct. Attendance has slipped to 94.8% and there's a pattern of Monday mornings. Lives in a maisonette off the high street with grandmother as main carer. Runs STEM club and takes it more seriously than most of the staff do."
HAR1759,Simone Grant,F,11,11B,Roding,Mr H. Zaman,2011-01-12,15.6,Black Caribbean / Mixed Black Caribbean,English,No,Yes,None,,5.8,15y 6m,English Language,Maths,83.5,4,0,0,0,good,True,False,"Simone Grant is a decent worker who gets by on effort more than natural ability. Working at grade 5.8 on average, with English Language the clear strength and Maths the obvious weak spot. 0 behaviour points and no detentions. Staff use her as the example. Attendance 83.5% and falling. Weeks go by where nobody sees her. Lives above a shop on the parade with mum, dad and four siblings. Money is tight and everyone in the house knows it. Known across the year for doing nails and lashes for cousins."
HAR1760,Hasibur Hoque,M,11,11B,Roding,Mr H. Zaman,2010-12-28,15.7,British Bangladeshi,Sylheti,No,Yes,None,,3.7,14y 2m,Media Studies,English Literature,93.1,2,82,8,0,mixed,False,False,"Hasibur Hoque is quiet to the point of being invisible in some lessons and staff have to make an effort to notice him. Average working grade 3.7. Media Studies is well above the rest; English Literature is dragging the profile down. 82 behaviour points, mostly talking, phones and being late to period one. Attendance 93.1%. Punctuality is the bigger problem: 2 lates this term. Lives with an uncle who is also his named carer above a shop on the parade. Money is tight and everyone in the house knows it. Runs drama club and takes it more seriously than most of the staff do."
HAR1761,Titilayo Nnaji,F,11,11B,Roding,Mr H. Zaman,2011-08-08,15.1,Black African (Nigerian),Yoruba,Yes - developing,Yes,SEN Support (K),ADHD (SEMH/medical),6.3,14y 4m,Maths,English Language,83.6,22,127,20,3,poor,True,False,"Titilayo Nnaji has a temper that goes from nought to shouting in about four seconds. Sits on grade 6.3 overall. Teachers in Maths rate her highly, staff in English Language much less so. 127 behaviour points and 20 detentions. Told a cover teacher to ""fuck off"" in March and got two days internal. Attendance 83.6% and falling. Weeks go by where nobody sees her. Lives on the Aldgate side of the borough with dad, who works two jobs, in a flat with a lift that never works. The commute in is two buses and it shows in the punctuality data. Quietly good at Arsenal, which nobody at school knew until Year 9."
HAR1762,Manisha Shah,F,11,11B,Roding,Mr H. Zaman,2011-07-05,15.2,British Indian,Malayalam,Yes - new to English,Yes,SEN Support (K),"SEMH - Social, Emotional & Mental Health",1.0,10y 1m,Media Studies,English Language,85.6,12,70,12,0,mixed,True,False,"Manisha Shah speaks Malayalam at home and is at the stage where she understands nearly everything and says almost nothing. Sits on grade 1.0 overall. Teachers in Media Studies rate her highly, staff in English Language much less so. 70 behaviour points, mostly talking, phones and being late to period one. Attendance 85.6% - persistently absent and now with the Education Welfare Officer. At home it's both parents and an older brother, in a house with a converted loft room. Quietly good at Leyton Orient, which nobody at school knew until Year 9."
HAR1763,Jamie Doyle,M,11,11B,Roding,Mr H. Zaman,2010-12-22,15.7,White British,English,No,No,EHCP,ASD - Autism Spectrum Condition,1.3,10y 1m,English Literature,Maths,99.3,1,7,0,0,good,False,False,"Jamie Doyle can do the work when someone sits with him, and almost never does it when nobody does. Average of 1.3 across the board, with a big spread between English Literature and Maths. Behaviour record is spotless: 7 points on the system all year. Attendance 99.3%. The only absences are medical and always covered by a note. Lives on the Chrisp Street area with dad and stepmum. One of the leaders in table tennis; it's the one place he's consistently brilliant. EHCP names 12 hours of TA support a week and access arrangements for exams."
HAR1764,Jordan Gallagher,M,11,11B,Roding,Mr H. Zaman,2011-03-18,15.5,White British,English,No,Yes,EHCP,Physical Disability,3.6,12y 2m,English Language,Combined Science,99.4,1,9,4,0,ok,False,False,"Jordan Gallagher has Physical Disability and does far better with structure, warning of changes and a bit of patience. English Language is his best subject by a distance. Combined Science is the one his tutor has to chase every report. Reading age assessed at 12y 2m. Everything else follows from that. 9 points logged - low-level stuff: chatting, out of seat, phone on the desk. Attendance sits at 99.4% with no unauthorised absence. Lives on the Carpenters Estate with an uncle who is also his named carer. Quietly good at MMA, which nobody at school knew until Year 9. EHCP names 20 hours of TA support a week and access arrangements for exams."
HAR1765,Shirin Ali,F,11,11B,Roding,Mr H. Zaman,2011-03-23,15.4,British Bangladeshi,Bengali,No,No,SEN Support (K),ASD - Autism Spectrum Condition,1.8,11y 8m,Maths,English Language,99.8,0,27,4,0,ok,False,False,"Shirin Ali has ASD - Autism Spectrum Condition and does far better with structure, warning of changes and a bit of patience. Sits on grade 1.8 overall. Teachers in Maths rate her highly, staff in English Language much less so. Reading age of 11y 8m against a chronological age of 15y 5m, which is the root of most of it. 27 points. Nothing serious, but the pattern is talking over staff and refusing to move seats. Attendance 99.8%. The only absences are medical and always covered by a note. At home it's an uncle who is also her named carer, in a maisonette off the high street. Supportive at home, but stretched thin. Obsessed with drawing manga to the point of doing homework about it unprompted."
HAR1766,Ebele Afolabi,F,11,11B,Roding,Mr H. Zaman,2011-03-18,15.5,Black African (Nigerian),Nigerian Pidgin,Yes - developing,Yes,None,,2.8,12y 5m,English Literature,Spanish,94.6,3,39,4,0,mixed,False,False,"Ebele Afolabi is significantly behind where she should be and the gap is widening every term. Reports are consistent: strong in English Literature, weak in Spanish, average grade 2.8. Literacy is the bottleneck: reading age 12y 5m and handwriting that she's embarrassed about. 39 behaviour points, mostly talking, phones and being late to period one. Attendance has slipped to 94.6% and there's a pattern of Monday mornings. Lives in a one-bed with the living room as a bedroom with both parents and an older brother. Big into Chelsea."
HAR1767,Alexandru Constantin,M,11,11B,Roding,Mr H. Zaman,2010-10-01,15.9,White Other (Romanian),Romani,Yes - fluent,No,None,,5.6,14y 11m,English Literature,Food Prep & Nutrition,96.3,1,41,8,0,mixed,False,False,"Alexandru Constantin is reliable in lessons he likes and drifts badly in the ones he doesn't. Reports are consistent: strong in English Literature, weak in Food Prep & Nutrition, average grade 5.6. 41 points logged - low-level stuff: chatting, out of seat, phone on the desk. Attendance 96.3%. The only absences are medical and always covered by a note. Lives with mum, stepdad and a new baby in a two-bed flat. Parents' evening attendance is patchy, and it's shift work rather than a lack of interest. One of the leaders in choir; it's the one place he's consistently brilliant."
HAR1768,Devante Beckford,M,11,11B,Roding,Mr H. Zaman,2010-09-23,15.9,Black Caribbean / Mixed Black Caribbean,Jamaican Patois,No,No,None,,5.1,15y 9m,English Literature,French,94.2,4,6,1,0,good,False,False,"Devante Beckford is a grafter. Nothing comes easily but he keeps showing up and keeps trying. English Literature is his best subject by a distance. French is the one his tutor has to chase every report. Nothing on the behaviour log worth reading - 6 points total. 94.2% attendance - enough to trigger a letter home but not a fine. Lives on the Manor Park end with mum and her partner, in temporary accommodation. Parents' evening attendance is patchy, and it's shift work rather than a lack of interest. Goes to rugby every week without fail."
HAR1769,Naima Ali,F,11,11B,Roding,Mr H. Zaman,2011-02-17,15.5,Black African (Somali),Somali,Yes - fluent,No,None,,4.2,14y 5m,Combined Science,English Language,87.4,21,191,39,1,poor,True,False,"Naima Ali is funny, sharp and absolutely exhausting to teach. Combined Science is her best subject by a distance. English Language is the one her tutor has to chase every report. 191 behaviour points, 39 detentions, 1 suspension - the worst being a fight in the DT corridor that took three staff to break up. Attendance 87.4% - persistently absent and now with the Education Welfare Officer. At home it's aunt and uncle and five cousins, in a council flat on the fourth floor. Supportive at home, but stretched thin. One of the leaders in boxercise; it's the one place she's consistently brilliant."
HAR1770,Imtiaz Kabir,M,11,11B,Roding,Mr H. Zaman,2011-04-07,15.4,British Bangladeshi,Sylheti,No,No,None,,5.5,14y 3m,Combined Science,Spanish,90.8,5,12,2,0,ok,False,False,"Imtiaz Kabir is a solid, steady student who does what's asked and not a great deal more. Reports are consistent: strong in Combined Science, weak in Spanish, average grade 5.5. 12 behaviour points and 2 detentions, all for the same three things. Attendance 90.8%, which the year team are keeping an eye on. Lives on the towers on Devons Road with an uncle who is also his named carer, in a house with a converted loft room. Would rather be at Warhammer club than in any lesson and says so openly. Looked-after child, placed with foster carers in the borough since Year 8."
HAR1771,Yasir Qureshi,M,11,11B,Roding,Mr H. Zaman,2011-03-11,15.5,British Pakistani,Urdu,No,No,None,,6.7,16y 1m,Maths,Drama,95.1,2,2,0,0,good,False,False,"Yasir Qureshi has been on the gifted and talented register since Year 7 and has never dropped off it. Currently 6.7 on average - on target in Maths, a full two grades off in Drama. 2 behaviour points and no detentions. Staff use him as the example. Attendance sits at 95.1% with no unauthorised absence. Lives with both parents and twin sisters in a two-bed flat. Spends every break on skateboarding. On the school's Prevent-adjacent watch list only for online content shared in a group chat; resolved, no further concern."
HAR1772,Kyle Mallory,M,11,11B,Roding,Mr H. Zaman,2011-06-24,15.2,White British,English,No,No,EHCP,ASD - Autism Spectrum Condition,3.1,10y 0m,PE (GCSE),English Language,93.6,3,38,12,0,mixed,False,False,"Kyle Mallory is capable but so far behind that catching up now looks unrealistic without serious intervention. Working at grade 3.1 on average, with PE (GCSE) the clear strength and English Language the obvious weak spot. Literacy is the bottleneck: reading age 10y 0m and handwriting that he's embarrassed about. 38 points. Nothing serious, but the pattern is talking over staff and refusing to move seats. Attendance 93.6%. Punctuality is the bigger problem: 3 lates this term. Lives on the Carpenters Estate with both parents, both working in the family business, in a maisonette off the high street. Quietly good at Afrobeats, which nobody at school knew until Year 9. EHCP names 25 hours of TA support a week and access arrangements for exams."
HAR1773,Altin Berisha,M,11,11B,Roding,Mr H. Zaman,2011-01-12,15.6,White Other (Albanian),Albanian,Yes - new to English,No,EHCP,ADHD (SEMH/medical),1.3,10y 10m,Design & Technology,Religious Studies,90.9,14,124,40,1,poor,False,False,"Altin Berisha arrived mid-year from Afghanistan and is still finding his feet. Working at grade 1.3 on average, with Design & Technology the clear strength and Religious Studies the obvious weak spot. Reading age 10y 10m - well below his actual age of 15y 7m - so he can't access half the exam papers unaided. 124 behaviour points and 40 detentions. Told a cover teacher to ""fuck off"" in March and got two days internal. Attendance has slipped to 90.9% and there's a pattern of Monday mornings. Lives on the Plaistow side with mum, stepdad and a new baby, in a two-bed flat. Known across the year for drawing manga. Working with the school counsellor weekly. EHCP names 20 hours of TA support a week and access arrangements for exams."
HAR1774,Zakariya Ibrahim,M,11,11B,Roding,Mr H. Zaman,2010-11-19,15.8,Black African (Somali),Somali,Yes - developing,No,EHCP,"SLCN - Speech, Language & Communication",4.0,14y 3m,Computer Science,English Language,92.0,12,22,4,0,ok,False,False,"Zakariya Ibrahim has SLCN - Speech, Language & Communication, which shapes how he copes with a full timetable in a building this loud. Average working grade 4.0. Computer Science is well above the rest; English Language is dragging the profile down. 22 points. Nothing serious, but the pattern is talking over staff and refusing to move seats. Attendance has slipped to 92.0% and there's a pattern of Monday mornings. Lives in a one-bed with the living room as a bedroom with aunt and uncle and five cousins. English isn't the main language at home, so letters get read by an older sibling. Big into BMX. EHCP names 20 hours of TA support a week and access arrangements for exams."
HAR1775,Katie Turner,F,11,11B,Roding,Mr H. Zaman,2011-02-10,15.6,White British,English,No,Yes,None,,8.1,17y 4m,Maths,PE (GCSE),94.8,1,15,4,0,ok,False,False,"Katie Turner is one of those students who makes a lesson easier just by being in it. Currently 8.1 on average - on target in Maths, a full two grades off in PE (GCSE). 15 points logged - low-level stuff: chatting, out of seat, phone on the desk. 94.8% attendance - enough to trigger a letter home but not a fine. Home is in a house with a converted loft room with both parents and twin sisters. Big into hairdressing."
HAR1776,Shahid Chowdhury,M,11,11B,Roding,Mr H. Zaman,2010-09-06,16.0,British Bangladeshi,Bengali,No,No,None,,4.3,15y 4m,Maths,Religious Studies,100.0,1,12,3,0,ok,False,False,"Shahid Chowdhury is a grafter. Nothing comes easily but he keeps showing up and keeps trying. Average of 4.3 across the board, with a big spread between Maths and Religious Studies. 12 points logged - low-level stuff: chatting, out of seat, phone on the desk. Attendance 100.0%. The only absences are medical and always covered by a note. Lives on the estate off Barking Road with both parents, both working in the family business, above a shop on the parade. Talks about Chelsea constantly, in and out of lesson."
HAR1777,Hamza Sheikh,M,11,11B,Roding,Mr H. Zaman,2010-12-06,15.7,British Pakistani,Pashto,Yes - new to English,Yes,None,,3.7,14y 8m,English Literature,Maths,80.7,14,194,22,1,poor,True,False,"Hamza Sheikh joined Harford two years ago with almost no English and has come a long way, fast. Working at grade 3.7 on average, with English Literature the clear strength and Maths the obvious weak spot. 194 behaviour points and 1 suspension. Refuses to accept a sanction from anyone he hasn't decided he likes. Attendance 80.7% - persistently absent and now with the Education Welfare Officer. Lives with grandmother as main carer in a one-bed with the living room as a bedroom. Housing changed twice in the last two years and you can see it in the exercise books. Talks about drawing manga constantly, in and out of lesson. Free school meals and school-funded uniform; family declined a food bank referral."
HAR1778,Lacey Hollis,F,11,11B,Roding,Mr H. Zaman,2011-03-10,15.5,White British,English,No,Yes,None,,3.5,12y 10m,Combined Science,Drama,98.7,3,63,11,0,mixed,False,False,"Lacey Hollis is a solid, steady student who does what's asked and not a great deal more. Currently 3.5 on average - on target in Combined Science, a full two grades off in Drama. Reading age of 12y 10m against a chronological age of 15y 5m, which is the root of most of it. 63 points logged - low-level stuff: chatting, out of seat, phone on the desk. Attendance 98.7% - never an issue. Lives on the Aldgate side of the borough with dad, who works two jobs. Nobody at home has the confidence to challenge the school, which staff are conscious of. One of the leaders in table tennis; it's the one place she's consistently brilliant."
HAR1779,Mustafa Farah,M,11,11B,Roding,Mr H. Zaman,2011-04-28,15.3,Black African (Somali),Somali,Yes - new to English,No,None,,6.0,15y 11m,Combined Science,Geography,100.0,0,7,0,0,good,False,False,"Mustafa Farah is a new-to-English arrival who is far cleverer than his written work can show yet. Sits on grade 6.0 overall. Teachers in Combined Science rate him highly, staff in Geography much less so. Behaviour record is spotless: 7 points on the system all year. 100.0% attendance and always on time. Home is in a council flat on the fourth floor with dad and stepmum. Money is tight and everyone in the house knows it. Runs drama club and takes it more seriously than most of the staff do."
HAR1780,Waqar Sheikh,M,11,11B,Roding,Mr H. Zaman,2011-06-23,15.2,British Pakistani,Urdu,Yes - developing,Yes,None,,3.8,13y 8m,Media Studies,English Literature,100.0,3,16,2,0,ok,False,False,"Waqar Sheikh is the definition of middle of the road - never in trouble, never top of the class. Working at grade 3.8 on average, with Media Studies the clear strength and English Literature the obvious weak spot. 16 points. Nothing serious, but the pattern is talking over staff and refusing to move seats. 100.0% attendance and always on time. Home is in a two-bed flat with foster carers. The family are on the phone to the office constantly - engaged, if a bit much. Would rather be at football (boys') than in any lesson and says so openly."
HAR1781,Aravinth Rajendran,M,11,11C,Channelsea,Miss O. Delaney,2011-07-13,15.1,Asian Other (Sri Lankan Tamil),Tamil,Yes - fluent,No,SEN Support (K),SpLD - Dyslexia,5.6,14y 7m,English Language,PE (GCSE),95.3,1,2,0,0,good,False,False,"Aravinth Rajendran sits mid-table across the board and is happy there, which frustrates his tutor. Average working grade 5.6. English Language is well above the rest; PE (GCSE) is dragging the profile down. Behaviour record is spotless: 2 points on the system all year. Attendance sits at 95.3% with no unauthorised absence. Lives with both parents and twin sisters in a flat with a lift that never works. Supportive at home, but stretched thin. Would rather be at STEM club than in any lesson and says so openly."
HAR1782,Bradley Beckett,M,11,11C,Channelsea,Miss O. Delaney,2010-12-08,15.7,White British,English,No,No,None,,6.6,16y 8m,Maths,English Language,94.1,1,10,1,0,ok,False,False,"Bradley Beckett has been on the gifted and talented register since Year 7 and has never dropped off it. Average working grade 6.6. Maths is well above the rest; English Language is dragging the profile down. 10 behaviour points, mostly talking, phones and being late to period one. Attendance 94.1%, which the year team are keeping an eye on. Home is in a house with a converted loft room with mum, dad and four siblings. Nobody at home has the confidence to challenge the school, which staff are conscious of. Would rather be at dance troupe than in any lesson and says so openly. Working with the school counsellor weekly."
HAR1783,Nana Appiah,M,11,11C,Channelsea,Miss O. Delaney,2011-08-04,15.1,Black African (Ghanaian),Ewe,Yes - new to English,No,None,,6.7,15y 11m,Combined Science,Computer Science,93.0,1,8,0,0,good,False,False,"Nana Appiah arrived mid-year from Italy (via a Bangladeshi family) and is still finding his feet. Working at grade 6.7 on average, with Combined Science the clear strength and Computer Science the obvious weak spot. 8 points logged, every one of them for uniform or equipment rather than conduct. Attendance has slipped to 93.0% and there's a pattern of Monday mornings. Home is above a shop on the parade with dad and stepmum. English isn't the main language at home, so letters get read by an older sibling. Talks about Leyton Orient constantly, in and out of lesson."
HAR1784,Simone Gordon,F,11,11C,Channelsea,Miss O. Delaney,2010-10-18,15.9,Black Caribbean / Mixed Black Caribbean,Jamaican Patois,No,Yes,SEN Support (K),"SLCN - Speech, Language & Communication",5.9,14y 0m,English Language,Food Prep & Nutrition,94.5,3,69,4,0,mixed,False,False,"Simone Gordon has SLCN - Speech, Language & Communication and does far better with structure, warning of changes and a bit of patience. English Language is her best subject by a distance. Food Prep & Nutrition is the one her tutor has to chase every report. 69 behaviour points, mostly talking, phones and being late to period one. Attendance has slipped to 94.5% and there's a pattern of Monday mornings. Home is in a council flat on the fourth floor with both parents, both working in the family business. English isn't the main language at home, so letters get read by an older sibling. Goes to netball every week without fail."
HAR1785,Aimee Turner,F,11,11C,Channelsea,Miss O. Delaney,2011-03-12,15.5,White British,English,No,Yes,None,,4.8,14y 8m,Maths,English Language,84.1,21,221,21,2,poor,True,False,"Aimee Turner does not walk away from anything, which is most of the problem. Currently 4.8 on average - on target in Maths, a full two grades off in English Language. 221 points, 21 detentions. Told her Head of Year, word for word, that the school could ""do one"" - then apologised properly the next day, which is the frustrating bit. Attendance 84.1%. Two attendance meetings held, one missed by the family. Lives on the houses off Green Street with an older sister who does most of the parenting, in a council flat on the fourth floor. Quietly good at customising trainers, which nobody at school knew until Year 9. Off-site alternative provision two days a week."
HAR1786,Anaya Sekhon,F,11,11C,Channelsea,Miss O. Delaney,2011-08-02,15.1,British Indian,Malayalam,Yes - fluent,Yes,None,,4.0,13y 2m,English Language,Combined Science,90.9,9,89,13,0,mixed,False,False,"Anaya Sekhon is a decent worker who gets by on effort more than natural ability. Average of 4.0 across the board, with a big spread between English Language and Combined Science. 89 behaviour points, mostly talking, phones and being late to period one. 90.9% attendance - enough to trigger a letter home but not a fine. Lives on the Manor Park end with both parents and twin sisters. Supportive at home, but stretched thin. Spends every break on graffiti and lettering."
HAR1787,Sabbir Ali,M,11,11C,Channelsea,Miss O. Delaney,2010-12-24,15.7,British Bangladeshi,Sylheti,No,No,None,,3.1,12y 9m,English Language,Combined Science,93.9,1,62,4,0,mixed,False,False,"Sabbir Ali is significantly behind where he should be and the gap is widening every term. Working at grade 3.1 on average, with English Language the clear strength and Combined Science the obvious weak spot. Reading age of 12y 9m against a chronological age of 15y 8m, which is the root of most of it. 62 behaviour points, mostly talking, phones and being late to period one. Attendance 93.9%. Punctuality is the bigger problem: 1 lates this term. Lives on the towers on Devons Road with both parents, both working in the family business, in a maisonette off the high street. Obsessed with trainspotting to the point of doing homework about it unprompted. Working with the school counsellor weekly."
HAR1788,Stacey Fletcher,F,11,11C,Channelsea,Miss O. Delaney,2010-10-28,15.8,White British,English,No,No,None,,6.0,15y 2m,Design & Technology,Maths,92.5,4,32,4,0,mixed,False,False,"Stacey Fletcher sits mid-table across the board and is happy there, which frustrates her tutor. Working at grade 6.0 on average, with Design & Technology the clear strength and Maths the obvious weak spot. 32 behaviour points, mostly talking, phones and being late to period one. Attendance has slipped to 92.5% and there's a pattern of Monday mornings. Lives on the Bow Common side with dad and stepmum, in a maisonette off the high street. Money is tight and everyone in the house knows it. Talks about pigeons constantly, in and out of lesson."
HAR1789,Erion Krasniqi,M,11,11C,Channelsea,Miss O. Delaney,2010-09-02,16.0,White Other (Albanian),Albanian,No,No,None,,1.9,13y 3m,Maths,History,90.5,10,11,4,0,ok,False,False,"Erion Krasniqi arrived below expectations and, honestly, hasn't closed much ground since. Average of 1.9 across the board, with a big spread between Maths and History. Reading age assessed at 13y 3m. Everything else follows from that. 11 behaviour points, mostly talking, phones and being late to period one. Attendance 90.5%, which the year team are keeping an eye on. At home it's both parents, both working in the family business, in temporary accommodation. Quietly good at West Ham, which nobody at school knew until Year 9."
HAR1790,Farhana Islam,F,11,11C,Channelsea,Miss O. Delaney,2011-06-07,15.2,British Bangladeshi,Sylheti,Yes - developing,No,None,,2.0,12y 7m,Maths,English Language,95.3,1,16,1,0,ok,False,False,"Farhana Islam arrived below expectations and, honestly, hasn't closed much ground since. Reports are consistent: strong in Maths, weak in English Language, average grade 2.0. Literacy is the bottleneck: reading age 12y 7m and handwriting that she's embarrassed about. 16 points. Nothing serious, but the pattern is talking over staff and refusing to move seats. Attendance 95.3% - never an issue. Lives with both parents and twin sisters in temporary accommodation. Money is tight and everyone in the house knows it. Quietly good at football stats and fantasy leagues, which nobody at school knew until Year 9."
HAR1791,Jubayer Miah,M,11,11C,Channelsea,Miss O. Delaney,2011-06-20,15.2,British Bangladeshi,Bengali,Yes - developing,No,SEN Support (K),ASD - Autism Spectrum Condition,3.8,11y 0m,Design & Technology,English Language,99.4,0,6,1,0,good,False,False,"Jubayer Miah is on the SEND register for ASD - Autism Spectrum Condition and has a one-page profile all staff are meant to have read. Design & Technology is his best subject by a distance. English Language is the one his tutor has to chase every report. Reading age assessed at 11y 0m. Everything else follows from that. Behaviour record is spotless: 6 points on the system all year. Attendance 99.4% - never an issue. Lives with dad, who works two jobs in a two-bed flat. Nobody at home has the confidence to challenge the school, which staff are conscious of. Talks about cricket constantly, in and out of lesson."
HAR1792,Rakib Chowdhury,M,11,11C,Channelsea,Miss O. Delaney,2011-02-01,15.6,British Bangladeshi,Sylheti,Yes - fluent,No,None,,7.9,16y 7m,English Literature,English Language,97.2,4,1,0,0,good,False,False,"Rakib Chowdhury sits near the front, works from the second the bell goes, and rarely needs telling twice. Average of 7.9 across the board, with a big spread between English Literature and English Language. 1 behaviour points, which for this school is nothing at all. Attendance sits at 97.2% with no unauthorised absence. Lives with foster carers in a flat with a lift that never works. Spends every break on skateboarding."
HAR1793,Aleksandra Kaminski,F,11,11C,Channelsea,Miss O. Delaney,2011-04-02,15.4,White Other (Polish),Polish,Yes - fluent,Yes,SEN Support (K),MLD - Moderate Learning Difficulty,1.8,10y 1m,Combined Science,English Literature,97.4,0,26,2,0,ok,False,False,"Aleksandra Kaminski can do the work when someone sits with her, and almost never does it when nobody does. Combined Science is her best subject by a distance. English Literature is the one her tutor has to chase every report. Reading age of 10y 1m against a chronological age of 15y 5m, which is the root of most of it. 26 points. Nothing serious, but the pattern is talking over staff and refusing to move seats. 97.4% attendance and always on time. Lives with mum only in a one-bed with the living room as a bedroom. It's a full house and a quiet space to do homework doesn't really exist. Spends every break on cricket."
HAR1794,Elena Barbu,F,11,11C,Channelsea,Miss O. Delaney,2011-03-06,15.5,White Other (Romanian),Romani,No,Yes,None,,7.3,15y 10m,English Literature,English Language,92.8,1,20,3,0,ok,False,False,"Elena Barbu reads well above her age and has an answer for everything, usually the right one. Average of 7.3 across the board, with a big spread between English Literature and English Language. 20 behaviour points, mostly talking, phones and being late to period one. 92.8% attendance - enough to trigger a letter home but not a fine. At home it's mum only, in a terraced house shared with an aunt's family. The family are on the phone to the office constantly - engaged, if a bit much. Would rather be at cheerleading than in any lesson and says so openly."
HAR1795,Yasir Shah,M,11,11C,Channelsea,Miss O. Delaney,2011-08-20,15.0,British Pakistani,Pashto,Yes - fluent,No,None,,1.0,11y 11m,French,English Language,94.4,2,56,5,0,mixed,False,False,"Yasir Shah is one of the lowest attainers in Year 11 and the department has run out of easy ideas. Average working grade 1.0. French is well above the rest; English Language is dragging the profile down. Reading age 11y 11m - well below his actual age of 15y 0m - so he can't access half the exam papers unaided. 56 points. Nothing serious, but the pattern is talking over staff and refusing to move seats. Attendance has slipped to 94.4% and there's a pattern of Monday mornings. Lives with an uncle who is also his named carer in a house with a converted loft room. Older siblings came through Harford as well and staff remember the surname. Talks about streaming on Twitch constantly, in and out of lesson."
HAR1796,Mason Watson,M,11,11C,Channelsea,Miss O. Delaney,2010-09-12,16.0,White British,English,No,No,None,,6.8,16y 10m,English Language,Combined Science,91.1,7,4,0,0,good,False,False,"Mason Watson is quietly brilliant - the sort of student who hands work in early and then asks for more. Sits on grade 6.8 overall. Teachers in English Language rate him highly, staff in Combined Science much less so. 4 behaviour points and no detentions. Staff use him as the example. Attendance has slipped to 91.1% and there's a pattern of Monday mornings. Lives with mum, dad and four siblings in a flat with a lift that never works. Obsessed with anime to the point of doing homework about it unprompted."
HAR1797,Suleiman Abdalla,M,11,11C,Channelsea,Miss O. Delaney,2011-03-25,15.4,Black African (Somali),Somali,Yes - fluent,No,None,,4.1,14y 6m,Maths,English Language,95.1,4,0,0,0,good,False,False,"Suleiman Abdalla is a grafter. Nothing comes easily but he keeps showing up and keeps trying. Currently 4.1 on average - on target in Maths, a full two grades off in English Language. 0 behaviour points, which for this school is nothing at all. Attendance 95.1% - never an issue. Lives on the towers on Devons Road with mum only. English isn't the main language at home, so letters get read by an older sibling. Big into skateboarding."
HAR1798,Tiana Lewis,F,11,11C,Channelsea,Miss O. Delaney,2010-11-14,15.8,Black Caribbean / Mixed Black Caribbean,English,No,Yes,EHCP,ASD - Autism Spectrum Condition,1.7,11y 3m,Media Studies,English Language,88.7,11,162,39,1,poor,True,False,"Tiana Lewis has ASD - Autism Spectrum Condition and works with the SEN team most weeks. Sits on grade 1.7 overall. Teachers in Media Studies rate her highly, staff in English Language much less so. Reading age 11y 3m - well below her actual age of 15y 9m - so she can't access half the exam papers unaided. 162 points and 39 detentions. Walked out of Maths shouting ""this lesson is dead"" and slammed the door hard enough to crack the glass. 88.7% attendance - enough to trigger a letter home but not a fine. Lives on the flats behind the Roman Road with an older sister who does most of the parenting. Spends every break on Tottenham. EHCP names 25 hours of TA support a week and access arrangements for exams."
HAR1799,Alfie Mallory,M,11,11C,Channelsea,Miss O. Delaney,2011-06-13,15.2,White British,English,No,No,None,,4.4,13y 3m,Combined Science,English Language,100.0,1,10,2,0,ok,False,False,"Alfie Mallory is a grafter. Nothing comes easily but he keeps showing up and keeps trying. Reports are consistent: strong in Combined Science, weak in English Language, average grade 4.4. 10 points logged - low-level stuff: chatting, out of seat, phone on the desk. Attendance sits at 100.0% with no unauthorised absence. Lives on the towers on Devons Road with mum, dad and four siblings, in a one-bed with the living room as a bedroom. Would rather be at gym club than in any lesson and says so openly."
HAR1800,Saif Talukder,M,11,11C,Channelsea,Miss O. Delaney,2010-10-18,15.9,British Bangladeshi,Bengali,Yes - developing,No,SEN Support (K),ADHD (SEMH/medical),6.1,15y 5m,Maths,History,98.4,4,5,1,0,good,False,False,"Saif Talukder is the definition of middle of the road - never in trouble, never top of the class. Currently 6.1 on average - on target in Maths, a full two grades off in History. 5 points logged, every one of them for uniform or equipment rather than conduct. Attendance 98.4% - never an issue. Lives with mum and her partner in temporary accommodation. It's a full house and a quiet space to do homework doesn't really exist. Runs gym club and takes it more seriously than most of the staff do."
HAR1801,Liam Wright,M,11,11C,Channelsea,Miss O. Delaney,2011-05-13,15.3,White British,English,No,Yes,None,,1.0,11y 8m,English Language,English Literature,88.7,5,211,15,2,poor,True,False,"Liam Wright has a temper that goes from nought to shouting in about four seconds. Sits on grade 1.0 overall. Teachers in English Language rate him highly, staff in English Literature much less so. Literacy is the bottleneck: reading age 11y 8m and handwriting that he's embarrassed about. 211 points, 15 detentions. Told his Head of Year, word for word, that the school could ""do one"" - then apologised properly the next day, which is the frustrating bit. Attendance 88.7%, which the year team are keeping an eye on. Lives in temporary accommodation with both parents, both working in the family business. Money is tight and everyone in the house knows it. Known across the year for cricket."
HAR1802,Daniela Radu,F,11,11C,Channelsea,Miss O. Delaney,2011-03-05,15.5,White Other (Romanian),Romanian,No,No,None,,7.4,16y 6m,PE (GCSE),English Literature,94.6,0,12,1,0,ok,False,False,"Daniela Radu is one of those students who makes a lesson easier just by being in it. Working at grade 7.4 on average, with PE (GCSE) the clear strength and English Literature the obvious weak spot. 12 behaviour points, mostly talking, phones and being late to period one. Attendance 94.6%, which the year team are keeping an eye on. Lives on the new blocks by the canal with mum, dad and four siblings, in a flat with a lift that never works. Housing changed twice in the last two years and you can see it in the exercise books. Obsessed with MMA to the point of doing homework about it unprompted."
HAR1803,Baran Dogan,M,11,11C,Channelsea,Miss O. Delaney,2011-01-01,15.7,White Other (Turkish / Kurdish),Turkish,Yes - developing,Yes,None,,4.5,13y 9m,Food Prep & Nutrition,Business Studies,88.1,21,5,1,0,good,True,False,"Baran Dogan is a grafter. Nothing comes easily but he keeps showing up and keeps trying. Average of 4.5 across the board, with a big spread between Food Prep & Nutrition and Business Studies. Nothing on the behaviour log worth reading - 5 points total. Attendance 88.1%, which the year team are keeping an eye on. Lives with both parents and twin sisters in a flat with a lift that never works. Supportive at home, but stretched thin. Runs football (boys') and takes it more seriously than most of the staff do."
HAR1804,Katie Stubbs,F,11,11C,Channelsea,Miss O. Delaney,2010-11-22,15.8,White British,English,No,Yes,None,,4.2,14y 10m,English Literature,Maths,96.5,0,8,0,0,good,False,False,"Katie Stubbs sits mid-table across the board and is happy there, which frustrates her tutor. Average working grade 4.2. English Literature is well above the rest; Maths is dragging the profile down. 8 behaviour points and no detentions. Staff use her as the example. Attendance 96.5% - never an issue. Lives above a shop on the parade with dad and stepmum. English isn't the main language at home, so letters get read by an older sibling. Quietly good at customising trainers, which nobody at school knew until Year 9."
HAR1805,Emilija Navickas,F,11,11C,Channelsea,Miss O. Delaney,2010-11-06,15.8,White Other (Lithuanian),Lithuanian,No,No,None,,6.5,16y 3m,English Literature,Maths,91.5,5,23,4,0,ok,False,False,"Emilija Navickas is quietly brilliant - the sort of student who hands work in early and then asks for more. Average working grade 6.5. English Literature is well above the rest; Maths is dragging the profile down. 23 points. Nothing serious, but the pattern is talking over staff and refusing to move seats. Attendance 91.5%, which the year team are keeping an eye on. At home it's an older sister who does most of the parenting, in a maisonette off the high street. Nobody at home has the confidence to challenge the school, which staff are conscious of. Big into Roblox and Minecraft."
HAR1806,Malachi Clarke,M,11,11C,Channelsea,Miss O. Delaney,2010-10-06,15.9,Black Caribbean / Mixed Black Caribbean,Jamaican Patois,No,No,None,,1.1,11y 11m,Food Prep & Nutrition,English Language,91.3,7,38,10,0,mixed,False,False,"Malachi Clarke has been on the intervention list for two years and progress has been slow at best. Sits on grade 1.1 overall. Teachers in Food Prep & Nutrition rate him highly, staff in English Language much less so. Literacy is the bottleneck: reading age 11y 11m and handwriting that he's embarrassed about. 38 behaviour points and 10 detentions, all for the same three things. 91.3% attendance - enough to trigger a letter home but not a fine. At home it's both parents and twin sisters, in a two-bed flat. English isn't the main language at home, so letters get read by an older sibling. Quietly good at drawing manga, which nobody at school knew until Year 9."
HAR1807,Frankie Kemp,F,11,11C,Channelsea,Miss O. Delaney,2010-12-21,15.7,White British,English,No,Yes,None,,2.2,13y 4m,Design & Technology,History,96.9,4,60,9,0,mixed,False,False,"Frankie Kemp has been on the intervention list for two years and progress has been slow at best. Reports are consistent: strong in Design & Technology, weak in History, average grade 2.2. 60 behaviour points, mostly talking, phones and being late to period one. Attendance 96.9%. The only absences are medical and always covered by a note. Lives on the estate off Barking Road with mum, stepdad and a new baby, in a one-bed with the living room as a bedroom. Supportive at home, but stretched thin. Big into swimming."
HAR1808,Georgiana Munteanu,F,11,11C,Channelsea,Miss O. Delaney,2011-03-28,15.4,White Other (Romanian),Romani,Yes - fluent,No,None,,1.0,11y 3m,Combined Science,English Language,95.8,0,9,3,0,ok,False,False,"Georgiana Munteanu struggles across almost every subject and has more or less stopped pretending otherwise. Average working grade 1.0. Combined Science is well above the rest; English Language is dragging the profile down. Reading age 11y 3m - well below her actual age of 15y 5m - so she can't access half the exam papers unaided. 9 points logged - low-level stuff: chatting, out of seat, phone on the desk. 95.8% attendance and always on time. Lives on the Manor Park end with mum and three younger siblings, in a terraced house shared with an aunt's family. Goes to gaming club every week without fail."
HAR1809,Ifrah Diriye,F,11,11C,Channelsea,Miss O. Delaney,2010-09-23,15.9,Black African (Somali),Somali,Yes - developing,No,None,,3.9,14y 1m,Computer Science,Combined Science,91.0,11,83,4,0,mixed,False,False,"Ifrah Diriye is pleasant, chatty and easily distracted, but the work gets done in the end. Working at grade 3.9 on average, with Computer Science the clear strength and Combined Science the obvious weak spot. 83 points logged - low-level stuff: chatting, out of seat, phone on the desk. Attendance 91.0%. Punctuality is the bigger problem: 11 lates this term. Lives in a flat with a lift that never works with grandmother as main carer. English isn't the main language at home, so letters get read by an older sibling. Would rather be at peer mentoring than in any lesson and says so openly."
HAR1810,Sanjida Hoque,F,11,11C,Channelsea,Miss O. Delaney,2010-10-27,15.8,British Bangladeshi,Bengali,No,No,None,,4.9,15y 0m,Combined Science,English Literature,99.3,2,3,0,0,good,False,False,"Sanjida Hoque is a solid, steady student who does what's asked and not a great deal more. Currently 4.9 on average - on target in Combined Science, a full two grades off in English Literature. 3 behaviour points, which for this school is nothing at all. Attendance sits at 99.3% with no unauthorised absence. Home is in a two-bed flat with mum only. Obsessed with hairdressing to the point of doing homework about it unprompted."
HAR1811,Vlad Dumitru,M,11,11D,Ravensbourne,Mr C. Mbeki,2011-06-15,15.2,White Other (Romanian),Romani,No,Yes,None,,4.7,14y 5m,English Language,Drama,96.6,0,6,1,0,good,False,False,"Vlad Dumitru is a decent worker who gets by on effort more than natural ability. English Language is his best subject by a distance. Drama is the one his tutor has to chase every report. 6 behaviour points, which for this school is nothing at all. Attendance 96.6%. The only absences are medical and always covered by a note. Lives with mum and a disabled younger brother above a shop on the parade. The commute in is two buses and it shows in the punctuality data. Goes to Warhammer club every week without fail. Recently bereaved - lost his grandfather last year and it shows."
HAR1812,Ozan Kilic,M,11,11D,Ravensbourne,Mr C. Mbeki,2011-07-23,15.1,White Other (Turkish / Kurdish),Zazaki,Yes - fluent,Yes,None,,4.9,14y 1m,English Language,Combined Science,98.9,2,8,1,0,good,False,False,"Ozan Kilic is pleasant, chatty and easily distracted, but the work gets done in the end. Reports are consistent: strong in English Language, weak in Combined Science, average grade 4.9. 8 points logged, every one of them for uniform or equipment rather than conduct. Attendance sits at 98.9% with no unauthorised absence. Lives on the Bow Common side with mum and her partner. Known across the year for West Ham."
HAR1813,Ebru Arslan,F,11,11D,Ravensbourne,Mr C. Mbeki,2010-12-16,15.7,White Other (Turkish / Kurdish),Turkish,Yes - fluent,Yes,None,,5.5,15y 0m,Sociology,English Language,95.7,3,59,9,0,mixed,False,False,"Ebru Arslan is reliable in lessons she likes and drifts badly in the ones she doesn't. Currently 5.5 on average - on target in Sociology, a full two grades off in English Language. 59 behaviour points and 9 detentions, all for the same three things. 95.7% attendance and always on time. At home it's mum, dad and four siblings, in a two-bed flat. The family are on the phone to the office constantly - engaged, if a bit much. Big into Leyton Orient. Free school meals and school-funded uniform; family declined a food bank referral."
HAR1814,Roxana Dumitru,F,11,11D,Ravensbourne,Mr C. Mbeki,2011-01-15,15.6,White Other (Romanian),Romanian,Yes - new to English,Yes,None,,3.6,13y 11m,Business Studies,English Language,86.6,21,2,0,0,good,True,False,"Roxana Dumitru joined Harford only in January with almost no English and has come a long way, fast. Business Studies is her best subject by a distance. English Language is the one her tutor has to chase every report. Nothing on the behaviour log worth reading - 2 points total. 86.6% attendance. The school has issued a formal warning and a penalty notice is on the table. At home it's mum, dad and four siblings, in a one-bed with the living room as a bedroom. Money is tight and everyone in the house knows it. Spends every break on cooking with her nan."
HAR1815,Saif Kabir,M,11,11D,Ravensbourne,Mr C. Mbeki,2010-09-16,16.0,British Bangladeshi,Sylheti,Yes - fluent,No,None,,6.3,16y 8m,English Language,Maths,100.0,3,8,1,0,good,False,False,"Saif Kabir is a grafter. Nothing comes easily but he keeps showing up and keeps trying. Reports are consistent: strong in English Language, weak in Maths, average grade 6.3. 8 behaviour points and no detentions. Staff use him as the example. Attendance 100.0% - never an issue. At home it's dad and stepmum, in a one-bed with the living room as a bedroom. Parents' evening attendance is patchy, and it's shift work rather than a lack of interest. Goes to boxercise every week without fail."
HAR1816,Rania Younes,F,11,11D,Ravensbourne,Mr C. Mbeki,2010-12-15,15.7,Arab,Arabic (Sudanese),Yes - fluent,No,None,,3.0,13y 10m,English Language,English Literature,98.6,4,90,6,0,mixed,False,False,"Rania Younes struggles across almost every subject and has more or less stopped pretending otherwise. Average working grade 3.0. English Language is well above the rest; English Literature is dragging the profile down. Literacy is the bottleneck: reading age 13y 10m and handwriting that she's embarrassed about. 90 behaviour points, mostly talking, phones and being late to period one. Attendance sits at 98.6% with no unauthorised absence. Lives on the Bow Common side with an uncle who is also her named carer. Supportive at home, but stretched thin. Spends every break on swimming."
HAR1817,Grace Stubbs,F,11,11D,Ravensbourne,Mr C. Mbeki,2011-01-25,15.6,White British,English,No,Yes,None,,7.7,16y 2m,Maths,Combined Science,89.7,17,0,1,0,good,True,False,"Grace Stubbs is bright, organised and slightly obsessive about her grades, which is both a strength and a problem. Working at grade 7.7 on average, with Maths the clear strength and Combined Science the obvious weak spot. 0 behaviour points, which for this school is nothing at all. Attendance 89.7%, which the year team are keeping an eye on. At home it's both parents, both working in the family business, in temporary accommodation. Runs netball and takes it more seriously than most of the staff do."
HAR1818,Jamie Turner,M,11,11D,Ravensbourne,Mr C. Mbeki,2011-04-19,15.4,White British,English,No,No,None,,4.4,13y 11m,French,English Literature,88.7,8,215,31,1,poor,True,False,"Jamie Turner is the loudest voice in every corridor between lessons. French is his best subject by a distance. English Literature is the one his tutor has to chase every report. 215 points, 31 detentions and 1 fixed-term suspension. Last one was for calling a member of SLT a bitch in front of a Year 7 class. Attendance has slipped to 88.7% and there's a pattern of Monday mornings. Home is in a flat with a lift that never works with mum and three younger siblings. Big into graffiti and lettering."
HAR1819,Reece Small,M,11,11D,Ravensbourne,Mr C. Mbeki,2010-10-11,15.9,Black Caribbean / Mixed Black Caribbean,Jamaican Patois,No,No,None,,1.0,11y 5m,Computer Science,English Language,88.2,14,79,6,0,mixed,True,False,"Reece Small arrived below expectations and, honestly, hasn't closed much ground since. Working at grade 1.0 on average, with Computer Science the clear strength and English Language the obvious weak spot. Reading age assessed at 11y 5m. Everything else follows from that. 79 behaviour points and 6 detentions, all for the same three things. Attendance 88.2%, which the year team are keeping an eye on. Lives on the estate off Barking Road with mum only. Money is tight and everyone in the house knows it. Would rather be at rugby than in any lesson and says so openly."
HAR1820,Minh Pham,M,11,11D,Ravensbourne,Mr C. Mbeki,2010-10-10,15.9,Asian Other (Vietnamese),Vietnamese,Yes - developing,No,None,,8.2,16y 10m,Maths,Business Studies,96.9,2,23,2,0,ok,False,False,"Minh Pham is quietly brilliant - the sort of student who hands work in early and then asks for more. Maths is his best subject by a distance. Business Studies is the one his tutor has to chase every report. 23 points logged - low-level stuff: chatting, out of seat, phone on the desk. 96.9% attendance and always on time. Lives above a shop on the parade with mum, stepdad and a new baby. Nobody at home has the confidence to challenge the school, which staff are conscious of. Goes to school production every week without fail."
HAR1821,Kwesi Appiah,M,11,11D,Ravensbourne,Mr C. Mbeki,2011-08-28,15.0,Black African (Ghanaian),Twi,Yes - developing,Yes,SEN Support (K),ADHD (SEMH/medical),1.1,10y 7m,Combined Science,English Literature,91.2,19,137,38,0,poor,False,False,"Kwesi Appiah is well known to every member of staff in the building, and not for the right reasons. Reports are consistent: strong in Combined Science, weak in English Literature, average grade 1.1. Reading age 10y 7m - well below his actual age of 15y 0m - so he can't access half the exam papers unaided. 137 points and 38 detentions. Walked out of Maths shouting ""this lesson is dead"" and slammed the door hard enough to crack the glass. Attendance 91.2%. Punctuality is the bigger problem: 19 lates this term. At home it's aunt and uncle and five cousins, in a flat with a lift that never works. Talks about drawing manga constantly, in and out of lesson."
HAR1822,Anjali Iyer,F,11,11D,Ravensbourne,Mr C. Mbeki,2011-01-15,15.6,British Indian,Tamil,No,No,None,,3.9,14y 6m,Spanish,Combined Science,96.4,2,18,2,0,ok,False,False,"Anjali Iyer is a decent worker who gets by on effort more than natural ability. Average of 3.9 across the board, with a big spread between Spanish and Combined Science. 18 points. Nothing serious, but the pattern is talking over staff and refusing to move seats. 96.4% attendance and always on time. Home is in a two-bed flat with aunt and uncle and five cousins. Obsessed with producing beats on FL Studio to the point of doing homework about it unprompted."
HAR1823,Katie Sparrow,F,11,11D,Ravensbourne,Mr C. Mbeki,2010-12-28,15.7,White British,English,No,Yes,None,,6.3,16y 7m,English Language,French,66.1,17,20,4,0,ok,True,True,"Katie Sparrow has had long spells out of lessons and is being reintegrated slowly. Average of 6.3 across the board, with a big spread between English Language and French. 20 points. Nothing serious, but the pattern is talking over staff and refusing to move seats. 66.1% attendance. The school has issued a formal warning and a penalty notice is on the table. Lives with mum and three younger siblings above a shop on the parade. The commute in is two buses and it shows in the punctuality data. Obsessed with Tottenham to the point of doing homework about it unprompted. Referred to CAMHS, still on the waiting list."
HAR1824,Aarav Chauhan,M,11,11D,Ravensbourne,Mr C. Mbeki,2010-09-23,15.9,British Indian,Malayalam,Yes - fluent,No,SEN Support (K),SpLD - Dyscalculia,5.5,14y 4m,Combined Science,English Language,84.8,7,111,27,1,poor,True,False,"Aarav Chauhan has SpLD - Dyscalculia, which shapes how he copes with a full timetable in a building this loud. Reports are consistent: strong in Combined Science, weak in English Language, average grade 5.5. 111 points, 27 detentions. Told his Head of Year, word for word, that the school could ""do one"" - then apologised properly the next day, which is the frustrating bit. Attendance 84.8%. Two attendance meetings held, one missed by the family. At home it's an uncle who is also his named carer, in temporary accommodation. Housing changed twice in the last two years and you can see it in the exercise books. Quietly good at swimming, which nobody at school knew until Year 9."
HAR1825,Jordan Ward,M,11,11D,Ravensbourne,Mr C. Mbeki,2011-03-01,15.5,White British,English,No,No,None,,3.5,14y 5m,Triple Science,Design & Technology,98.3,1,4,1,0,good,False,False,"Jordan Ward sits mid-table across the board and is happy there, which frustrates his tutor. Currently 3.5 on average - on target in Triple Science, a full two grades off in Design & Technology. 4 points logged, every one of them for uniform or equipment rather than conduct. Attendance sits at 98.3% with no unauthorised absence. Lives in a maisonette off the high street with mum, dad and grandad. Known across the year for cricket."
HAR1826,Ebru Sahin,F,11,11D,Ravensbourne,Mr C. Mbeki,2010-09-12,16.0,White Other (Turkish / Kurdish),Turkish,Yes - fluent,No,None,,6.4,16y 2m,Maths,English Literature,96.1,0,13,4,0,ok,False,False,"Ebru Sahin is quiet to the point of being invisible in some lessons and staff have to make an effort to notice her. Sits on grade 6.4 overall. Teachers in Maths rate her highly, staff in English Literature much less so. 13 behaviour points and 4 detentions, all for the same three things. Attendance 96.1%. The only absences are medical and always covered by a note. Lives on the estate off Barking Road with both parents and twin sisters. Known across the year for K-pop."
HAR1827,Kayleigh Butler,F,11,11D,Ravensbourne,Mr C. Mbeki,2011-05-12,15.3,White British,English,No,No,SEN Support (K),ASD - Autism Spectrum Condition,2.8,12y 6m,English Language,English Literature,99.7,2,92,11,0,mixed,False,False,"Kayleigh Butler has been on the intervention list for two years and progress has been slow at best. Average of 2.8 across the board, with a big spread between English Language and English Literature. Reading age assessed at 12y 6m. Everything else follows from that. 92 points. Nothing serious, but the pattern is talking over staff and refusing to move seats. Attendance sits at 99.7% with no unauthorised absence. Home is in temporary accommodation with both parents and an older brother. Goes to STEM club every week without fail."
HAR1828,Sadaf Butt,F,11,11D,Ravensbourne,Mr C. Mbeki,2011-06-01,15.3,British Pakistani,Punjabi,No,Yes,None,,4.8,14y 0m,English Language,Food Prep & Nutrition,89.0,22,36,12,0,mixed,True,False,"Sadaf Butt is pleasant, chatty and easily distracted, but the work gets done in the end. Sits on grade 4.8 overall. Teachers in English Language rate her highly, staff in Food Prep & Nutrition much less so. 36 behaviour points and 12 detentions, all for the same three things. Attendance 89.0%. Punctuality is the bigger problem: 22 lates this term. Lives on the Chrisp Street area with an uncle who is also her named carer, in a maisonette off the high street. Talks about swimming constantly, in and out of lesson."
HAR1829,Liam Larkin,M,11,11D,Ravensbourne,Mr C. Mbeki,2010-11-26,15.8,White British,English,No,No,None,,6.0,16y 4m,Maths,Combined Science,100.0,4,40,4,0,mixed,False,False,"Liam Larkin sits mid-table across the board and is happy there, which frustrates his tutor. Reports are consistent: strong in Maths, weak in Combined Science, average grade 6.0. 40 behaviour points and 4 detentions, all for the same three things. 100.0% attendance and always on time. Lives on the new blocks by the canal with dad, who works two jobs, in a house with a converted loft room. Supportive at home, but stretched thin. Would rather be at netball than in any lesson and says so openly."
HAR1830,Abdi Gedi,M,11,11D,Ravensbourne,Mr C. Mbeki,2011-08-27,15.0,Black African (Somali),Somali,Yes - fluent,Yes,None,,1.7,11y 11m,Maths,English Language,86.9,19,196,39,2,poor,True,False,"Abdi Gedi is the loudest voice in every corridor between lessons. Currently 1.7 on average - on target in Maths, a full two grades off in English Language. Reading age assessed at 11y 11m. Everything else follows from that. 196 behaviour points and 39 detentions. Told a cover teacher to ""fuck off"" in March and got two days internal. 86.9% attendance. The school has issued a formal warning and a penalty notice is on the table. Home is above a shop on the parade with dad, who works two jobs. It's a full house and a quiet space to do homework doesn't really exist. Talks about drawing manga constantly, in and out of lesson."
HAR1831,Shaniqua Lewis,F,11,11D,Ravensbourne,Mr C. Mbeki,2010-12-26,15.7,Black Caribbean / Mixed Black Caribbean,Jamaican Patois,No,No,None,,6.8,16y 4m,English Literature,Combined Science,100.0,4,18,2,0,ok,False,False,"Shaniqua Lewis sits near the front, works from the second the bell goes, and rarely needs telling twice. Currently 6.8 on average - on target in English Literature, a full two grades off in Combined Science. 18 points logged - low-level stuff: chatting, out of seat, phone on the desk. Attendance sits at 100.0% with no unauthorised absence. Lives in temporary accommodation with mum and a disabled younger brother. Older siblings came through Harford as well and staff remember the surname. Quietly good at cooking with her nan, which nobody at school knew until Year 9."
HAR1832,Shafin Alam,M,11,11D,Ravensbourne,Mr C. Mbeki,2011-06-03,15.2,British Bangladeshi,Bengali,Yes - fluent,Yes,EHCP,ASD - Autism Spectrum Condition,7.3,14y 2m,Sociology,English Language,97.7,3,28,2,0,ok,False,False,"Shafin Alam has ASD - Autism Spectrum Condition, which shapes how he copes with a full timetable in a building this loud. Sociology is his best subject by a distance. English Language is the one his tutor has to chase every report. 28 behaviour points, mostly talking, phones and being late to period one. 97.7% attendance and always on time. Lives on the new blocks by the canal with dad and stepmum. Housing changed twice in the last two years and you can see it in the exercise books. Runs steel pans and takes it more seriously than most of the staff do. Referred to CAMHS, still on the waiting list. EHCP names 8 hours of TA support a week and access arrangements for exams."
HAR1833,Zain Mahmood,M,11,11D,Ravensbourne,Mr C. Mbeki,2011-05-07,15.3,British Pakistani,Pashto,Yes - fluent,No,SEN Support (K),ADHD (SEMH/medical),1.4,10y 6m,Computer Science,Maths,95.9,4,140,26,1,poor,False,False,"Zain Mahmood has ADHD (SEMH/medical) and does far better with structure, warning of changes and a bit of patience. Average of 1.4 across the board, with a big spread between Computer Science and Maths. Reading age assessed at 10y 6m. Everything else follows from that. 140 points, 26 detentions. Told his Head of Year, word for word, that the school could ""do one"" - then apologised properly the next day, which is the frustrating bit. Attendance sits at 95.9% with no unauthorised absence. Lives on the houses off Green Street with an older sister who does most of the parenting. Whoever's home in the morning is doing four school runs, so he's largely left to sort himself out. Quietly good at cars and car spotting, which nobody at school knew until Year 9."
HAR1834,Ruksana Aktar,F,11,11D,Ravensbourne,Mr C. Mbeki,2010-09-25,15.9,British Bangladeshi,Sylheti,No,No,None,,9.0,18y 11m,English Literature,English Language,95.2,2,2,1,0,good,False,False,"Ruksana Aktar sits near the front, works from the second the bell goes, and rarely needs telling twice. Sits on grade 9.0 overall. Teachers in English Literature rate her highly, staff in English Language much less so. 2 behaviour points and no detentions. Staff use her as the example. Attendance sits at 95.2% with no unauthorised absence. Lives on the Aldgate side of the borough with aunt and uncle and five cousins, in a flat with a lift that never works. Whoever's home in the morning is doing four school runs, so she's largely left to sort herself out. Goes to basketball every week without fail."
HAR1835,Folake Ogunleye,F,11,11D,Ravensbourne,Mr C. Mbeki,2010-12-19,15.7,Black African (Nigerian),Yoruba,Yes - developing,No,None,,6.5,16y 3m,English Language,English Literature,98.4,3,28,4,0,ok,False,False,"Folake Ogunleye reads well above her age and has an answer for everything, usually the right one. Average of 6.5 across the board, with a big spread between English Language and English Literature. 28 points logged - low-level stuff: chatting, out of seat, phone on the desk. Attendance 98.4% - never an issue. Lives on the towers on Devons Road with dad, who works two jobs, in a flat with a lift that never works. One of the leaders in cricket in the summer term; it's the one place she's consistently brilliant."
HAR1836,Chiamaka Ibeh,F,11,11D,Ravensbourne,Mr C. Mbeki,2011-01-16,15.6,Black African (Nigerian),Yoruba,Yes - developing,No,None,,1.1,11y 8m,Maths,English Language,92.6,3,98,19,0,poor,False,False,"Chiamaka Ibeh is well known to every member of staff in the building, and not for the right reasons. Currently 1.1 on average - on target in Maths, a full two grades off in English Language. Literacy is the bottleneck: reading age 11y 8m and handwriting that she's embarrassed about. 98 points, 19 detentions. Told her Head of Year, word for word, that the school could ""do one"" - then apologised properly the next day, which is the frustrating bit. 92.6% attendance - enough to trigger a letter home but not a fine. Lives on the Beckton end with both parents and an older brother, in a house with a converted loft room. Nobody at home has the confidence to challenge the school, which staff are conscious of. Big into Leyton Orient."
HAR1837,Ashton Gallagher,M,11,11D,Ravensbourne,Mr C. Mbeki,2011-04-14,15.4,White British,English,No,No,None,,2.0,11y 9m,Religious Studies,English Language,94.2,2,94,10,0,mixed,False,False,"Ashton Gallagher has been on the intervention list for two years and progress has been slow at best. Currently 2.0 on average - on target in Religious Studies, a full two grades off in English Language. Reading age 11y 9m - well below his actual age of 15y 4m - so he can't access half the exam papers unaided. 94 points. Nothing serious, but the pattern is talking over staff and refusing to move seats. Attendance 94.2%. Punctuality is the bigger problem: 2 lates this term. Lives on the flats behind the Roman Road with aunt and uncle and five cousins. Talks about K-pop constantly, in and out of lesson."
HAR1838,Mohamed Samatar,M,11,11D,Ravensbourne,Mr C. Mbeki,2011-08-12,15.1,Black African (Somali),Somali,Yes - fluent,No,None,,2.7,11y 10m,Combined Science,Geography,95.7,4,8,0,0,good,False,False,"Mohamed Samatar is one of the lowest attainers in Year 11 and the department has run out of easy ideas. Sits on grade 2.7 overall. Teachers in Combined Science rate him highly, staff in Geography much less so. Reading age of 11y 10m against a chronological age of 15y 0m, which is the root of most of it. 8 behaviour points, which for this school is nothing at all. Attendance 95.7%. The only absences are medical and always covered by a note. At home it's mum and a disabled younger brother, in a council flat on the fourth floor. Housing changed twice in the last two years and you can see it in the exercise books. Spends every break on boxing."
HAR1839,Kieran Ward,M,11,11D,Ravensbourne,Mr C. Mbeki,2011-08-10,15.1,White British,English,No,No,None,,8.3,17y 4m,English Literature,Combined Science,100.0,0,6,0,0,good,False,False,"Kieran Ward is a high flyer with the kind of exercise books other teachers photocopy as an example. Working at grade 8.3 on average, with English Literature the clear strength and Combined Science the obvious weak spot. 6 points logged, every one of them for uniform or equipment rather than conduct. Attendance sits at 100.0% with no unauthorised absence. Lives with both parents and an older brother above a shop on the parade. Known across the year for fishing on the Lea."
HAR1840,Derya Tas,F,11,11D,Ravensbourne,Mr C. Mbeki,2010-11-22,15.8,White Other (Turkish / Kurdish),Zazaki,No,Yes,None,,5.3,16y 0m,English Language,French,93.6,3,3,0,0,good,False,False,"Derya Tas is pleasant, chatty and easily distracted, but the work gets done in the end. Sits on grade 5.3 overall. Teachers in English Language rate her highly, staff in French much less so. 3 behaviour points and no detentions. Staff use her as the example. Attendance 93.6%. Punctuality is the bigger problem: 3 lates this term. Lives on the Aldgate side of the borough with foster carers, in a terraced house shared with an aunt's family. The family are on the phone to the office constantly - engaged, if a bit much. Obsessed with producing beats on FL Studio to the point of doing homework about it unprompted."
HAR1841,Mateusz Nowak,M,11,11E,Beam,Mrs T. Ivanova,2011-01-23,15.6,White Other (Polish),Polish,No,Yes,None,,5.7,16y 1m,Design & Technology,English Literature,96.2,2,8,0,0,good,False,False,"Mateusz Nowak is a decent worker who gets by on effort more than natural ability. Design & Technology is his best subject by a distance. English Literature is the one his tutor has to chase every report. Nothing on the behaviour log worth reading - 8 points total. 96.2% attendance and always on time. Lives in temporary accommodation with both parents, both working in the family business. Whoever's home in the morning is doing four school runs, so he's largely left to sort himself out. Talks about Afrobeats constantly, in and out of lesson."
HAR1842,Zahid Sarker,M,11,11E,Beam,Mrs T. Ivanova,2011-01-15,15.6,British Bangladeshi,Sylheti,Yes - fluent,Yes,None,,6.2,16y 0m,English Language,Maths,95.3,1,19,4,0,ok,False,False,"Zahid Sarker is a grafter. Nothing comes easily but he keeps showing up and keeps trying. Average working grade 6.2. English Language is well above the rest; Maths is dragging the profile down. 19 points logged - low-level stuff: chatting, out of seat, phone on the desk. 95.3% attendance and always on time. Lives in a council flat on the fourth floor with an older sister who does most of the parenting. Would rather be at netball than in any lesson and says so openly."
HAR1843,Natalia Lewandowska,F,11,11E,Beam,Mrs T. Ivanova,2011-08-24,15.0,White Other (Polish),Polish,Yes - fluent,Yes,None,,1.1,11y 1m,English Literature,English Language,85.8,21,22,3,0,ok,True,False,"Natalia Lewandowska has decided school isn't for her and spends most lessons proving it. Working at grade 1.1 on average, with English Literature the clear strength and English Language the obvious weak spot. Reading age assessed at 11y 1m. Everything else follows from that. 22 behaviour points and 3 detentions, all for the same three things. 85.8% attendance. The school has issued a formal warning and a penalty notice is on the table. Lives with mum only in a house with a converted loft room. Nobody at home has the confidence to challenge the school, which staff are conscious of. Big into skateboarding."
HAR1844,Nkechi Nnaji,F,11,11E,Beam,Mrs T. Ivanova,2011-07-27,15.1,Black African (Nigerian),Igbo,Yes - developing,No,SEN Support (K),MLD - Moderate Learning Difficulty,5.5,14y 8m,Drama,Maths,93.4,0,46,6,0,mixed,False,False,"Nkechi Nnaji has MLD - Moderate Learning Difficulty and does far better with structure, warning of changes and a bit of patience. Reports are consistent: strong in Drama, weak in Maths, average grade 5.5. 46 behaviour points and 6 detentions, all for the same three things. 93.4% attendance - enough to trigger a letter home but not a fine. Lives on the Plaistow side with both parents, both working in the family business. The family are on the phone to the office constantly - engaged, if a bit much. Known across the year for baking."
HAR1845,Tommy Wright,M,11,11E,Beam,Mrs T. Ivanova,2011-07-08,15.2,White British,English,No,Yes,None,,3.6,13y 6m,Maths,Media Studies,92.0,6,233,24,1,poor,False,False,"Tommy Wright runs the room if you let him, and most supply teachers let him. Sits on grade 3.6 overall. Teachers in Maths rate him highly, staff in Media Studies much less so. 233 points, 24 detentions and 1 fixed-term suspension. Last one was for calling a member of SLT a bitch in front of a Year 7 class. Attendance 92.0%, which the year team are keeping an eye on. Lives on the Plaistow side with mum and her partner, in a two-bed flat. Spends every break on Arsenal. Referred to the borough's youth violence reduction team after being robbed for his phone on the way home."
HAR1846,Kashif Mirza,M,11,11E,Beam,Mrs T. Ivanova,2010-09-16,16.0,British Pakistani,Pashto,Yes - developing,Yes,SEN Support (K),ADHD (SEMH/medical),2.2,12y 6m,Drama,English Language,97.2,3,87,5,0,mixed,False,False,"Kashif Mirza arrived below expectations and, honestly, hasn't closed much ground since. Average of 2.2 across the board, with a big spread between Drama and English Language. Reading age assessed at 12y 6m. Everything else follows from that. 87 behaviour points, mostly talking, phones and being late to period one. 97.2% attendance and always on time. Home is in a flat with a lift that never works with an older sister who does most of the parenting. Whoever's home in the morning is doing four school runs, so he's largely left to sort himself out. Would rather be at cheerleading than in any lesson and says so openly."
HAR1847,Rakib Hoque,M,11,11E,Beam,Mrs T. Ivanova,2010-12-03,15.7,British Bangladeshi,Bengali,Yes - fluent,Yes,SEN Support (K),ADHD (SEMH/medical),4.6,12y 8m,English Language,English Literature,96.9,2,16,4,0,ok,False,False,"Rakib Hoque has ADHD (SEMH/medical), which shapes how he copes with a full timetable in a building this loud. Reports are consistent: strong in English Language, weak in English Literature, average grade 4.6. 16 behaviour points, mostly talking, phones and being late to period one. Attendance sits at 96.9% with no unauthorised absence. Lives with aunt and uncle and five cousins above a shop on the parade. Money is tight and everyone in the house knows it. One of the leaders in table tennis; it's the one place he's consistently brilliant."
HAR1848,Yasmin Haddad,F,11,11E,Beam,Mrs T. Ivanova,2011-06-04,15.2,Arab,Arabic (Levantine),Yes - fluent,Yes,None,,2.2,11y 9m,Geography,English Language,87.3,14,34,12,0,mixed,True,False,"Yasmin Haddad is one of the lowest attainers in Year 11 and the department has run out of easy ideas. Working at grade 2.2 on average, with Geography the clear strength and English Language the obvious weak spot. Reading age of 11y 9m against a chronological age of 15y 2m, which is the root of most of it. 34 behaviour points, mostly talking, phones and being late to period one. Attendance 87.3% and falling. Weeks go by where nobody sees her. Lives on the new blocks by the canal with mum, stepdad and a new baby. Parents' evening attendance is patchy, and it's shift work rather than a lack of interest. Obsessed with drill and UK rap to the point of doing homework about it unprompted."
HAR1849,Salman Aslam,M,11,11E,Beam,Mrs T. Ivanova,2010-12-04,15.7,British Pakistani,Pashto,Yes - new to English,No,None,,3.6,14y 6m,English Language,Drama,98.3,1,8,0,0,good,False,False,"Salman Aslam arrived mid-year from Brazil and is still finding his feet. Average of 3.6 across the board, with a big spread between English Language and Drama. 8 points logged, every one of them for uniform or equipment rather than conduct. Attendance sits at 98.3% with no unauthorised absence. Lives in temporary accommodation with an uncle who is also his named carer. Housing changed twice in the last two years and you can see it in the exercise books. Talks about graffiti and lettering constantly, in and out of lesson. Recently bereaved - lost his grandfather last year and it shows."
HAR1850,Samiha Kabir,F,11,11E,Beam,Mrs T. Ivanova,2010-09-27,15.9,British Bangladeshi,Bengali,Yes - developing,No,None,,4.9,14y 7m,Maths,Combined Science,100.0,2,14,4,0,ok,False,False,"Samiha Kabir is a solid, steady student who does what's asked and not a great deal more. Maths is her best subject by a distance. Combined Science is the one her tutor has to chase every report. 14 points. Nothing serious, but the pattern is talking over staff and refusing to move seats. Attendance 100.0%. The only absences are medical and always covered by a note. Lives with both parents and an older brother in temporary accommodation. Whoever's home in the morning is doing four school runs, so she's largely left to sort herself out. Obsessed with cricket to the point of doing homework about it unprompted."
HAR1851,Gurdeep Iyer,M,11,11E,Beam,Mrs T. Ivanova,2011-02-17,15.5,British Indian,Tamil,No,Yes,None,,2.9,12y 6m,English Literature,English Language,91.5,5,6,1,0,good,False,False,"Gurdeep Iyer has been on the intervention list for two years and progress has been slow at best. Average working grade 2.9. English Literature is well above the rest; English Language is dragging the profile down. Literacy is the bottleneck: reading age 12y 6m and handwriting that he's embarrassed about. Behaviour record is spotless: 6 points on the system all year. Attendance 91.5%, which the year team are keeping an eye on. Lives with mum and her partner above a shop on the parade. Goes to boxercise every week without fail."
HAR1852,Guled Barre,M,11,11E,Beam,Mrs T. Ivanova,2010-10-11,15.9,Black African (Somali),Somali,Yes - fluent,Yes,None,,6.0,16y 1m,Triple Science,Combined Science,100.0,1,59,8,0,mixed,False,False,"Guled Barre is a decent worker who gets by on effort more than natural ability. Average working grade 6.0. Triple Science is well above the rest; Combined Science is dragging the profile down. 59 behaviour points, mostly talking, phones and being late to period one. 100.0% attendance and always on time. Lives with dad, who works two jobs in a two-bed flat. Parents' evening attendance is patchy, and it's shift work rather than a lack of interest. Known across the year for doing nails and lashes for cousins."
HAR1853,Harry Vine,M,11,11E,Beam,Mrs T. Ivanova,2011-08-11,15.1,White British,English,No,Yes,None,,2.3,11y 10m,Maths,English Language,94.4,4,27,4,0,ok,False,False,"Harry Vine can do the work when someone sits with him, and almost never does it when nobody does. Average of 2.3 across the board, with a big spread between Maths and English Language. Reading age 11y 10m - well below his actual age of 15y 0m - so he can't access half the exam papers unaided. 27 points. Nothing serious, but the pattern is talking over staff and refusing to move seats. Attendance has slipped to 94.4% and there's a pattern of Monday mornings. Lives on the new blocks by the canal with both parents and twin sisters, above a shop on the parade. The commute in is two buses and it shows in the punctuality data. Known across the year for skateboarding."
HAR1854,Danny Beckett,M,11,11E,Beam,Mrs T. Ivanova,2010-10-17,15.9,White British,English,No,No,None,,5.0,15y 9m,English Language,English Literature,87.4,22,178,25,2,poor,True,False,"Danny Beckett is the reason three departments have moved seating plans this year. Sits on grade 5.0 overall. Teachers in English Language rate him highly, staff in English Literature much less so. 178 behaviour points, 25 detentions, 2 suspensions - the worst being a fight in the DT corridor that took three staff to break up. 87.4% attendance. The school has issued a formal warning and a penalty notice is on the table. Lives on the Beckton end with dad and stepmum. The commute in is two buses and it shows in the punctuality data. Would rather be at STEM club than in any lesson and says so openly."
HAR1855,Adaeze Onyeka,F,11,11E,Beam,Mrs T. Ivanova,2010-12-26,15.7,Black African (Nigerian),Yoruba,Yes - developing,No,None,,2.3,12y 3m,English Literature,Religious Studies,93.7,4,55,9,1,mixed,False,False,"Adaeze Onyeka is significantly behind where she should be and the gap is widening every term. Working at grade 2.3 on average, with English Literature the clear strength and Religious Studies the obvious weak spot. Reading age of 12y 3m against a chronological age of 15y 8m, which is the root of most of it. 55 points logged - low-level stuff: chatting, out of seat, phone on the desk. Attendance 93.7%, which the year team are keeping an eye on. Lives on the estate off Barking Road with grandmother as main carer. Housing changed twice in the last two years and you can see it in the exercise books. Known across the year for pigeons. On the school's Prevent-adjacent watch list only for online content shared in a group chat; resolved, no further concern."
HAR1856,Gentian Krasniqi,M,11,11E,Beam,Mrs T. Ivanova,2010-12-17,15.7,White Other (Albanian),Albanian,Yes - developing,Yes,None,,2.6,12y 7m,English Literature,Computer Science,95.3,4,27,3,0,ok,False,False,"Gentian Krasniqi struggles across almost every subject and has more or less stopped pretending otherwise. Currently 2.6 on average - on target in English Literature, a full two grades off in Computer Science. Literacy is the bottleneck: reading age 12y 7m and handwriting that he's embarrassed about. 27 points. Nothing serious, but the pattern is talking over staff and refusing to move seats. Attendance 95.3%. The only absences are medical and always covered by a note. Lives above a shop on the parade with dad and stepmum. Money is tight and everyone in the house knows it. Runs Duke of Edinburgh Bronze and takes it more seriously than most of the staff do. On the school's Prevent-adjacent watch list only for online content shared in a group chat; resolved, no further concern."
HAR1857,Leanne Nash,F,11,11E,Beam,Mrs T. Ivanova,2011-03-12,15.5,White British,English,No,Yes,None,,1.5,12y 4m,English Literature,English Language,98.1,0,13,1,0,ok,False,False,"Leanne Nash has decided school isn't for her and spends most lessons proving it. English Literature is her best subject by a distance. English Language is the one her tutor has to chase every report. 13 behaviour points and 1 detentions, all for the same three things. Attendance 98.1%. The only absences are medical and always covered by a note. Lives with mum, dad and grandad in a flat with a lift that never works. English isn't the main language at home, so letters get read by an older sibling. Goes to Islamic Society lunchtime prayer every week without fail. Managed move in from another East London secondary at the start of Year 11."
HAR1858,Larisa Munteanu,F,11,11E,Beam,Mrs T. Ivanova,2010-12-16,15.7,White Other (Romanian),Romani,No,No,None,,4.2,14y 2m,Design & Technology,Combined Science,98.6,3,32,4,0,mixed,False,False,"Larisa Munteanu is a decent worker who gets by on effort more than natural ability. Average working grade 4.2. Design & Technology is well above the rest; Combined Science is dragging the profile down. 32 points. Nothing serious, but the pattern is talking over staff and refusing to move seats. 98.6% attendance and always on time. Lives in a two-bed flat with mum and three younger siblings. Would rather be at football (girls') than in any lesson and says so openly."
HAR1859,Reena Sekhon,F,11,11E,Beam,Mrs T. Ivanova,2011-08-24,15.0,British Indian,Gujarati,No,Yes,None,,2.4,12y 11m,English Literature,English Language,90.1,22,116,25,2,poor,False,False,"Reena Sekhon does not walk away from anything, which is most of the problem. Reports are consistent: strong in English Literature, weak in English Language, average grade 2.4. 116 behaviour points, 25 detentions, 2 suspensions - the worst being a fight in the DT corridor that took three staff to break up. Attendance 90.1%. Punctuality is the bigger problem: 22 lates this term. Lives on the Beckton end with both parents, both working in the family business. Money is tight and everyone in the house knows it. One of the leaders in Warhammer club; it's the one place she's consistently brilliant. Managed move in from another East London secondary at the start of Year 11."
HAR1860,Sumaiya Khan,F,11,11E,Beam,Mrs T. Ivanova,2011-04-12,15.4,British Bangladeshi,Bengali,Yes - new to English,No,None,,2.2,12y 9m,Combined Science,English Language,89.4,12,25,2,0,ok,True,False,"Sumaiya Khan is a new-to-English arrival who is far cleverer than her written work can show yet. Combined Science is her best subject by a distance. English Language is the one her tutor has to chase every report. 25 points logged - low-level stuff: chatting, out of seat, phone on the desk. Attendance 89.4%. Punctuality is the bigger problem: 12 lates this term. Lives in a flat with a lift that never works with mum only. Supportive at home, but stretched thin. Known across the year for MMA."
HAR1861,Tahmina Sarker,F,11,11E,Beam,Mrs T. Ivanova,2011-04-24,15.4,British Bangladeshi,Sylheti,No,No,EHCP,"SLCN - Speech, Language & Communication",1.9,10y 7m,English Language,English Literature,100.0,3,29,3,0,ok,False,False,"Tahmina Sarker is one of the lowest attainers in Year 11 and the department has run out of easy ideas. Average working grade 1.9. English Language is well above the rest; English Literature is dragging the profile down. Literacy is the bottleneck: reading age 10y 7m and handwriting that she's embarrassed about. 29 points logged - low-level stuff: chatting, out of seat, phone on the desk. Attendance 100.0%. The only absences are medical and always covered by a note. Lives with mum, stepdad and a new baby in a maisonette off the high street. Spends every break on fishing on the Lea. EHCP names 12 hours of TA support a week and access arrangements for exams."
HAR1862,Melike Aydin,F,11,11E,Beam,Mrs T. Ivanova,2010-12-09,15.7,White Other (Turkish / Kurdish),Turkish,Yes - fluent,No,SEN Support (K),Hearing Impairment,6.0,13y 6m,Combined Science,English Literature,98.4,3,6,1,0,good,False,False,"Melike Aydin has Hearing Impairment, which shapes how she copes with a full timetable in a building this loud. Working at grade 6.0 on average, with Combined Science the clear strength and English Literature the obvious weak spot. Nothing on the behaviour log worth reading - 6 points total. Attendance 98.4% - never an issue. Home is in a one-bed with the living room as a bedroom with foster carers. English isn't the main language at home, so letters get read by an older sibling. Quietly good at drill and UK rap, which nobody at school knew until Year 9."
HAR1863,Frankie Mallory,F,11,11E,Beam,Mrs T. Ivanova,2010-10-02,15.9,White British,English,No,No,SEN Support (K),Tourette's Syndrome,2.7,10y 11m,Combined Science,English Language,100.0,3,26,2,0,ok,False,False,"Frankie Mallory is on the SEND register for Tourette's Syndrome and has a one-page profile all staff are meant to have read. Average of 2.7 across the board, with a big spread between Combined Science and English Language. Reading age assessed at 10y 11m. Everything else follows from that. 26 points. Nothing serious, but the pattern is talking over staff and refusing to move seats. 100.0% attendance and always on time. Lives on the flats behind the Roman Road with foster carers. English isn't the main language at home, so letters get read by an older sibling. Talks about baking constantly, in and out of lesson."
HAR1864,Summer Rowe,F,11,11E,Beam,Mrs T. Ivanova,2011-03-08,15.5,White British,English,No,No,None,,6.8,15y 9m,English Literature,Sociology,95.3,1,19,2,0,ok,False,False,"Summer Rowe is bright, organised and slightly obsessive about her grades, which is both a strength and a problem. Average of 6.8 across the board, with a big spread between English Literature and Sociology. 19 points. Nothing serious, but the pattern is talking over staff and refusing to move seats. 95.3% attendance and always on time. At home it's dad, who works two jobs, in a maisonette off the high street. Older siblings came through Harford as well and staff remember the surname. Goes to drama club every week without fail."
HAR1865,Semere Berhane,M,11,11E,Beam,Mrs T. Ivanova,2010-09-11,16.0,Black African (Horn of Africa),Amharic,Yes - developing,No,None,,5.8,16y 7m,English Language,Combined Science,93.4,3,0,0,0,good,False,False,"Semere Berhane is a solid, steady student who does what's asked and not a great deal more. Sits on grade 5.8 overall. Teachers in English Language rate him highly, staff in Combined Science much less so. 0 behaviour points, which for this school is nothing at all. Attendance 93.4%. Punctuality is the bigger problem: 3 lates this term. Lives on the Carpenters Estate with mum and her partner, in temporary accommodation. Big into sewing and altering clothes."
HAR1866,Abdul Ali,M,11,11E,Beam,Mrs T. Ivanova,2010-10-11,15.9,British Bangladeshi,Bengali,Yes - fluent,Yes,None,,2.9,13y 1m,English Language,English Literature,87.8,20,22,1,0,ok,True,False,"Abdul Ali is one of the lowest attainers in Year 11 and the department has run out of easy ideas. Reports are consistent: strong in English Language, weak in English Literature, average grade 2.9. Reading age assessed at 13y 1m. Everything else follows from that. 22 behaviour points and 1 detentions, all for the same three things. 87.8% attendance. The school has issued a formal warning and a penalty notice is on the table. Lives with mum, dad and four siblings in a flat with a lift that never works. Whoever's home in the morning is doing four school runs, so he's largely left to sort himself out. Spends every break on Millwall."
HAR1867,Freddie Harris,M,11,11E,Beam,Mrs T. Ivanova,2011-02-24,15.5,White British,English,No,Yes,SEN Support (K),Hearing Impairment,1.2,10y 0m,English Literature,English Language,83.6,12,109,34,2,poor,True,False,"Freddie Harris is on the SEND register for Hearing Impairment and has a one-page profile all staff are meant to have read. Reports are consistent: strong in English Literature, weak in English Language, average grade 1.2. Reading age 10y 0m - well below his actual age of 15y 6m - so he can't access half the exam papers unaided. 109 points, 34 detentions and 2 fixed-term suspensions. Last one was for calling a member of SLT a bitch in front of a Year 7 class. Attendance 83.6% and falling. Weeks go by where nobody sees him. Lives with foster carers in a terraced house shared with an aunt's family. Spends every break on boxing."
HAR1868,Reece Whyte,M,11,11E,Beam,Mrs T. Ivanova,2011-08-05,15.1,Black Caribbean / Mixed Black Caribbean,Jamaican Patois,No,Yes,None,,1.0,10y 10m,Sociology,Maths,92.0,13,177,23,1,poor,False,False,"Reece Whyte is well known to every member of staff in the building, and not for the right reasons. Currently 1.0 on average - on target in Sociology, a full two grades off in Maths. Reading age 10y 10m - well below his actual age of 15y 0m - so he can't access half the exam papers unaided. 177 points and 23 detentions. Screamed ""I don't give a shit"" across a full canteen and was removed for the afternoon. 92.0% attendance - enough to trigger a letter home but not a fine. Lives in a council flat on the fourth floor with mum and a disabled younger brother. Runs YouTube/editing club and takes it more seriously than most of the staff do. Referred to the borough's youth violence reduction team after being robbed for his phone on the way home."
HAR1869,Kwabena Frimpong,M,11,11E,Beam,Mrs T. Ivanova,2011-04-21,15.4,Black African (Ghanaian),Twi,Yes - developing,No,None,,1.7,11y 6m,Combined Science,English Literature,80.4,16,240,31,2,poor,True,False,"Kwabena Frimpong does not walk away from anything, which is most of the problem. Average working grade 1.7. Combined Science is well above the rest; English Literature is dragging the profile down. Reading age 11y 6m - well below his actual age of 15y 4m - so he can't access half the exam papers unaided. 240 points and 31 detentions. Screamed ""I don't give a shit"" across a full canteen and was removed for the afternoon. Attendance 80.4% and falling. Weeks go by where nobody sees him. Lives in temporary accommodation with mum, dad and four siblings. Runs gym club and takes it more seriously than most of the staff do."
HAR1870,Maisie Cooper,F,11,11E,Beam,Mrs T. Ivanova,2011-07-09,15.1,White British,English,No,No,SEN Support (K),SpLD - Dyslexia,5.8,12y 9m,Maths,Media Studies,94.1,3,2,1,0,good,False,False,"Maisie Cooper is a grafter. Nothing comes easily but she keeps showing up and keeps trying. Average of 5.8 across the board, with a big spread between Maths and Media Studies. Behaviour record is spotless: 2 points on the system all year. Attendance has slipped to 94.1% and there's a pattern of Monday mornings. Lives with both parents and twin sisters in a two-bed flat. The commute in is two buses and it shows in the punctuality data. Talks about cricket constantly, in and out of lesson."
HAR1871,Sadaf Rashid,F,11,11F,Rom,Mr N. Sharpe,2011-02-20,15.5,British Pakistani,Punjabi,Yes - fluent,No,None,,7.9,16y 6m,English Language,History,82.1,4,6,0,0,good,True,False,"Sadaf Rashid is one of those students who makes a lesson easier just by being in it. Reports are consistent: strong in English Language, weak in History, average grade 7.9. 6 behaviour points and no detentions. Staff use her as the example. Attendance 82.1%. Two attendance meetings held, one missed by the family. Home is in a house with a converted loft room with both parents, both working in the family business. Nobody at home has the confidence to challenge the school, which staff are conscious of. Would rather be at anime and manga club than in any lesson and says so openly."
HAR1872,Diogo Costa,M,11,11F,Rom,Mr N. Sharpe,2011-08-13,15.1,White Other (Portuguese / Brazilian),Portuguese,Yes - fluent,No,None,,8.3,16y 0m,Art & Design,Combined Science,100.0,0,0,0,0,good,False,False,"Diogo Costa is one of those students who makes a lesson easier just by being in it. Average of 8.3 across the board, with a big spread between Art & Design and Combined Science. 0 points logged, every one of them for uniform or equipment rather than conduct. Attendance 100.0%. The only absences are medical and always covered by a note. Home is above a shop on the parade with dad and stepmum. Money is tight and everyone in the house knows it. Talks about baking constantly, in and out of lesson. Young carer - registered with the borough."
HAR1873,Shalini Rajendran,F,11,11F,Rom,Mr N. Sharpe,2011-02-23,15.5,Asian Other (Sri Lankan Tamil),Tamil,Yes - developing,No,None,,8.2,16y 9m,English Literature,Music,92.3,4,3,1,0,good,False,False,"Shalini Rajendran is one of those students who makes a lesson easier just by being in it. Working at grade 8.2 on average, with English Literature the clear strength and Music the obvious weak spot. Behaviour record is spotless: 3 points on the system all year. Attendance has slipped to 92.3% and there's a pattern of Monday mornings. Lives on the new blocks by the canal with both parents, both working in the family business. Known across the year for drill and UK rap."
HAR1874,Tasnim Talukder,F,11,11F,Rom,Mr N. Sharpe,2011-06-25,15.2,British Bangladeshi,Sylheti,No,No,None,,2.3,12y 4m,Drama,English Language,96.8,3,7,0,0,good,False,False,"Tasnim Talukder has been on the intervention list for two years and progress has been slow at best. Drama is her best subject by a distance. English Language is the one her tutor has to chase every report. Reading age assessed at 12y 4m. Everything else follows from that. 7 behaviour points and no detentions. Staff use her as the example. Attendance 96.8%. The only absences are medical and always covered by a note. At home it's foster carers, in a terraced house shared with an aunt's family. Known across the year for Roblox and Minecraft."
HAR1875,Serkan Kaya,M,11,11F,Rom,Mr N. Sharpe,2010-12-19,15.7,White Other (Turkish / Kurdish),Kurdish (Kurmanji),No,No,None,,7.9,17y 5m,English Language,Combined Science,68.9,22,1,0,0,good,True,True,"Serkan Kaya is anxious, capable and constantly convinced he's failing when he isn't. Reports are consistent: strong in English Language, weak in Combined Science, average grade 7.9. 1 behaviour points, which for this school is nothing at all. Attendance 68.9%. Two attendance meetings held, one missed by the family. Lives on the houses off Green Street with mum, dad and grandad, above a shop on the parade. Older siblings came through Harford as well and staff remember the surname. Obsessed with TikTok edits to the point of doing homework about it unprompted."
HAR1876,Jack Crabtree,M,11,11F,Rom,Mr N. Sharpe,2011-01-19,15.6,White British,English,No,Yes,None,,6.2,16y 1m,English Language,History,91.2,8,53,8,0,mixed,False,False,"Jack Crabtree is pleasant, chatty and easily distracted, but the work gets done in the end. Average working grade 6.2. English Language is well above the rest; History is dragging the profile down. 53 points logged - low-level stuff: chatting, out of seat, phone on the desk. Attendance 91.2%, which the year team are keeping an eye on. Lives on the Beckton end with mum, dad and four siblings, in a house with a converted loft room. Nobody at home has the confidence to challenge the school, which staff are conscious of. Obsessed with Arsenal to the point of doing homework about it unprompted."
HAR1877,Talia Anderson,F,11,11F,Rom,Mr N. Sharpe,2010-12-13,15.7,Black Caribbean / Mixed Black Caribbean,English,No,No,SEN Support (K),ASD - Autism Spectrum Condition,4.5,13y 7m,English Language,Maths,92.9,3,3,1,0,good,False,False,"Talia Anderson has ASD - Autism Spectrum Condition, which shapes how she copes with a full timetable in a building this loud. Sits on grade 4.5 overall. Teachers in English Language rate her highly, staff in Maths much less so. Nothing on the behaviour log worth reading - 3 points total. 92.9% attendance - enough to trigger a letter home but not a fine. Lives with an uncle who is also her named carer in a one-bed with the living room as a bedroom. The family are on the phone to the office constantly - engaged, if a bit much. Goes to dance troupe every week without fail."
HAR1878,Ayesha Hussain,F,11,11F,Rom,Mr N. Sharpe,2011-06-23,15.2,British Bangladeshi,Bengali,Yes - fluent,No,None,,5.6,15y 8m,English Literature,Art & Design,94.0,4,16,2,0,ok,False,False,"Ayesha Hussain is a grafter. Nothing comes easily but she keeps showing up and keeps trying. Reports are consistent: strong in English Literature, weak in Art & Design, average grade 5.6. 16 points logged - low-level stuff: chatting, out of seat, phone on the desk. Attendance has slipped to 94.0% and there's a pattern of Monday mornings. Lives with mum, stepdad and a new baby above a shop on the parade. Nobody at home has the confidence to challenge the school, which staff are conscious of. Quietly good at football stats and fantasy leagues, which nobody at school knew until Year 9."
HAR1879,Shohel Sarker,M,11,11F,Rom,Mr N. Sharpe,2011-06-13,15.2,British Bangladeshi,Sylheti,No,No,SEN Support (K),ASD - Autism Spectrum Condition,5.1,13y 11m,English Literature,Music,97.2,4,27,4,0,ok,False,False,"Shohel Sarker is a grafter. Nothing comes easily but he keeps showing up and keeps trying. English Literature is his best subject by a distance. Music is the one his tutor has to chase every report. 27 behaviour points and 4 detentions, all for the same three things. Attendance 97.2% - never an issue. Lives with an older sister who does most of the parenting in a one-bed with the living room as a bedroom. One of the leaders in debate club; it's the one place he's consistently brilliant."
HAR1880,Millie Sparrow,F,11,11F,Rom,Mr N. Sharpe,2011-07-27,15.1,White British,English,No,Yes,None,,6.0,15y 10m,Triple Science,English Language,92.3,1,6,0,0,good,False,False,"Millie Sparrow is a solid, steady student who does what's asked and not a great deal more. Working at grade 6.0 on average, with Triple Science the clear strength and English Language the obvious weak spot. Behaviour record is spotless: 6 points on the system all year. 92.3% attendance - enough to trigger a letter home but not a fine. Lives above a shop on the parade with mum and a disabled younger brother. Money is tight and everyone in the house knows it. Known across the year for trainspotting. Referred to the borough's youth violence reduction team after being robbed for her phone on the way home."
HAR1881,Omar Khalil,M,11,11F,Rom,Mr N. Sharpe,2010-10-28,15.8,Arab,Arabic (Moroccan),Yes - fluent,Yes,None,,3.8,13y 5m,English Language,Maths,98.9,1,1,0,0,good,False,False,"Omar Khalil is quiet to the point of being invisible in some lessons and staff have to make an effort to notice him. Currently 3.8 on average - on target in English Language, a full two grades off in Maths. Literacy is the bottleneck: reading age 13y 5m and handwriting that he's embarrassed about. 1 behaviour points and no detentions. Staff use him as the example. Attendance 98.9%. The only absences are medical and always covered by a note. Lives with an uncle who is also his named carer in a terraced house shared with an aunt's family. Older siblings came through Harford as well and staff remember the surname. Known across the year for baking."
HAR1882,Ionela Nistor,F,11,11F,Rom,Mr N. Sharpe,2011-07-10,15.1,White Other (Romanian),Romani,Yes - fluent,No,None,,3.7,13y 6m,Combined Science,PE (GCSE),100.0,1,5,1,0,good,False,False,"Ionela Nistor sits mid-table across the board and is happy there, which frustrates her tutor. Average working grade 3.7. Combined Science is well above the rest; PE (GCSE) is dragging the profile down. 5 points logged, every one of them for uniform or equipment rather than conduct. Attendance 100.0% - never an issue. Lives on the Manor Park end with mum, stepdad and a new baby, above a shop on the parade. Goes to peer mentoring every week without fail."
HAR1883,Sadaf Sadiq,F,11,11F,Rom,Mr N. Sharpe,2011-01-14,15.6,British Pakistani,Pashto,Yes - fluent,Yes,None,,5.6,16y 1m,English Language,English Literature,83.9,3,160,29,1,poor,True,False,"Sadaf Sadiq is the loudest voice in every corridor between lessons. Average working grade 5.6. English Language is well above the rest; English Literature is dragging the profile down. 160 points, 29 detentions. Told her Head of Year, word for word, that the school could ""do one"" - then apologised properly the next day, which is the frustrating bit. Attendance 83.9% - persistently absent and now with the Education Welfare Officer. Lives with grandmother as main carer in temporary accommodation. Talks about Millwall constantly, in and out of lesson. Referred to the borough's youth violence reduction team after being robbed for her phone on the way home."
HAR1884,Damilola Ibeh,M,11,11F,Rom,Mr N. Sharpe,2011-02-23,15.5,Black African (Nigerian),Yoruba,No,No,None,,7.9,16y 5m,English Language,Combined Science,97.7,2,4,1,0,good,False,False,"Damilola Ibeh is bright, organised and slightly obsessive about his grades, which is both a strength and a problem. Sits on grade 7.9 overall. Teachers in English Language rate him highly, staff in Combined Science much less so. Nothing on the behaviour log worth reading - 4 points total. Attendance 97.7%. The only absences are medical and always covered by a note. Home is in a two-bed flat with mum only. Big into hairdressing."
HAR1885,Jodie Vine,F,11,11F,Rom,Mr N. Sharpe,2011-05-16,15.3,White British,English,No,Yes,None,,8.0,16y 0m,English Literature,English Language,94.7,2,5,1,0,good,False,False,"Jodie Vine is one of those students who makes a lesson easier just by being in it. Sits on grade 8.0 overall. Teachers in English Literature rate her highly, staff in English Language much less so. Behaviour record is spotless: 5 points on the system all year. Attendance 94.7%. Punctuality is the bigger problem: 2 lates this term. Lives on the houses off Green Street with an older sister who does most of the parenting. Goes to dance troupe every week without fail."
HAR1886,Sultan Sahin,F,11,11F,Rom,Mr N. Sharpe,2011-06-16,15.2,White Other (Turkish / Kurdish),Turkish,Yes - fluent,No,None,,4.1,13y 0m,English Language,English Literature,91.6,3,2,0,0,good,False,False,"Sultan Sahin is the definition of middle of the road - never in trouble, never top of the class. Reports are consistent: strong in English Language, weak in English Literature, average grade 4.1. 2 behaviour points and no detentions. Staff use her as the example. Attendance 91.6%. Punctuality is the bigger problem: 3 lates this term. Lives on the new blocks by the canal with mum, dad and four siblings, above a shop on the parade. Nobody at home has the confidence to challenge the school, which staff are conscious of. Big into TikTok edits."
HAR1887,Georgia Kemp,F,11,11F,Rom,Mr N. Sharpe,2011-02-15,15.5,White British,English,No,No,None,,2.6,13y 9m,English Language,English Literature,96.1,2,82,7,0,mixed,False,False,"Georgia Kemp has been on the intervention list for two years and progress has been slow at best. Reports are consistent: strong in English Language, weak in English Literature, average grade 2.6. 82 points logged - low-level stuff: chatting, out of seat, phone on the desk. Attendance 96.1%. The only absences are medical and always covered by a note. Lives on the flats behind the Roman Road with both parents, both working in the family business, in a two-bed flat. The commute in is two buses and it shows in the punctuality data. Runs gospel choir and takes it more seriously than most of the staff do."
HAR1888,Mizanur Rahman,M,11,11F,Rom,Mr N. Sharpe,2011-03-13,15.5,British Bangladeshi,Bengali,No,No,None,,2.8,12y 6m,English Language,English Literature,95.2,4,29,2,0,ok,False,False,"Mizanur Rahman arrived below expectations and, honestly, hasn't closed much ground since. Currently 2.8 on average - on target in English Language, a full two grades off in English Literature. Reading age 12y 6m - well below his actual age of 15y 5m - so he can't access half the exam papers unaided. 29 points logged - low-level stuff: chatting, out of seat, phone on the desk. Attendance 95.2% - never an issue. Lives on the houses off Green Street with mum, dad and four siblings. Nobody at home has the confidence to challenge the school, which staff are conscious of. Would rather be at table tennis than in any lesson and says so openly."
HAR1889,Bartek Kowalski,M,11,11F,Rom,Mr N. Sharpe,2011-08-11,15.1,White Other (Polish),Polish,No,Yes,None,,2.1,11y 8m,English Literature,Maths,88.7,10,204,22,1,poor,True,False,"Bartek Kowalski is bright enough to be doing well and chooses, daily, not to. Working at grade 2.1 on average, with English Literature the clear strength and Maths the obvious weak spot. Literacy is the bottleneck: reading age 11y 8m and handwriting that he's embarrassed about. 204 points, 22 detentions and 1 fixed-term suspension. Last one was for calling a member of SLT a bitch in front of a Year 7 class. Attendance 88.7%, which the year team are keeping an eye on. Lives on the Chrisp Street area with both parents and twin sisters. Nobody at home has the confidence to challenge the school, which staff are conscious of. Obsessed with skateboarding to the point of doing homework about it unprompted. Referred to CAMHS, still on the waiting list."
HAR1890,Amarachi Ogunleye,F,11,11F,Rom,Mr N. Sharpe,2011-02-28,15.5,Black African (Nigerian),Igbo,No,No,SEN Support (K),MLD - Moderate Learning Difficulty,3.1,12y 0m,Maths,English Language,96.7,4,15,2,0,ok,False,False,"Amarachi Ogunleye is on the SEND register for MLD - Moderate Learning Difficulty and has a one-page profile all staff are meant to have read. Currently 3.1 on average - on target in Maths, a full two grades off in English Language. Reading age assessed at 12y 0m. Everything else follows from that. 15 behaviour points and 2 detentions, all for the same three things. Attendance sits at 96.7% with no unauthorised absence. Home is in temporary accommodation with mum and three younger siblings. Supportive at home, but stretched thin. Quietly good at West Ham, which nobody at school knew until Year 9. Recently bereaved - lost her grandfather last year and it shows."
HAR1891,Szymon Wojcik,M,11,11F,Rom,Mr N. Sharpe,2011-06-25,15.2,White Other (Polish),Polish,Yes - developing,Yes,None,,4.5,13y 9m,English Language,Maths,100.0,0,11,1,0,ok,False,False,"Szymon Wojcik is a decent worker who gets by on effort more than natural ability. Sits on grade 4.5 overall. Teachers in English Language rate him highly, staff in Maths much less so. 11 behaviour points, mostly talking, phones and being late to period one. Attendance 100.0%. The only absences are medical and always covered by a note. Lives on the Beckton end with mum, dad and grandad, above a shop on the parade. Housing changed twice in the last two years and you can see it in the exercise books. Would rather be at library monitors than in any lesson and says so openly. Child in Need plan open; social worker attends termly."
HAR1892,Kyle Tanner,M,11,11F,Rom,Mr N. Sharpe,2010-12-26,15.7,White British,English,No,No,SEN Support (K),"SLCN - Speech, Language & Communication",2.7,12y 8m,English Literature,History,100.0,3,36,11,0,mixed,False,False,"Kyle Tanner is on the SEND register for SLCN - Speech, Language & Communication and has a one-page profile all staff are meant to have read. Reports are consistent: strong in English Literature, weak in History, average grade 2.7. 36 points. Nothing serious, but the pattern is talking over staff and refusing to move seats. Attendance 100.0% - never an issue. Home is in a terraced house shared with an aunt's family with mum, stepdad and a new baby. Parents' evening attendance is patchy, and it's shift work rather than a lack of interest. Known across the year for FIFA and Call of Duty."
HAR1893,Sanjida Rahman,F,11,11F,Rom,Mr N. Sharpe,2010-09-20,15.9,British Bangladeshi,Bengali,Yes - fluent,No,None,,2.4,13y 5m,English Language,Food Prep & Nutrition,92.8,1,14,3,0,ok,False,False,"Sanjida Rahman is one of the lowest attainers in Year 11 and the department has run out of easy ideas. English Language is her best subject by a distance. Food Prep & Nutrition is the one her tutor has to chase every report. Reading age 13y 5m - well below her actual age of 15y 11m - so she can't access half the exam papers unaided. 14 behaviour points, mostly talking, phones and being late to period one. Attendance 92.8%. Punctuality is the bigger problem: 1 lates this term. Lives with foster carers in a one-bed with the living room as a bedroom. One of the leaders in drama club; it's the one place she's consistently brilliant."
HAR1894,Faizan Mirza,M,11,11F,Rom,Mr N. Sharpe,2010-09-11,16.0,British Pakistani,Urdu,Yes - developing,No,None,,1.9,13y 2m,Maths,English Language,96.7,1,6,1,0,good,False,False,"Faizan Mirza is significantly behind where he should be and the gap is widening every term. Reports are consistent: strong in Maths, weak in English Language, average grade 1.9. 6 behaviour points, which for this school is nothing at all. Attendance 96.7%. The only absences are medical and always covered by a note. Lives on the houses off Green Street with aunt and uncle and five cousins. Obsessed with TikTok edits to the point of doing homework about it unprompted."
HAR1895,Amber Hughes,F,11,11F,Rom,Mr N. Sharpe,2010-11-19,15.8,White British,English,No,Yes,None,,3.3,13y 0m,English Literature,English Language,91.8,4,26,3,0,ok,False,False,"Amber Hughes has decided school isn't for her and spends most lessons proving it. Average of 3.3 across the board, with a big spread between English Literature and English Language. Literacy is the bottleneck: reading age 13y 0m and handwriting that she's embarrassed about. 26 behaviour points and 3 detentions, all for the same three things. Attendance 91.8%. Punctuality is the bigger problem: 4 lates this term. Lives on the estate off Barking Road with aunt and uncle and five cousins, in a terraced house shared with an aunt's family. Older siblings came through Harford as well and staff remember the surname. Known across the year for karate."
HAR1896,Pooja Joshi,F,11,11F,Rom,Mr N. Sharpe,2011-08-02,15.1,British Indian,Punjabi,Yes - developing,No,None,,5.8,14y 6m,Maths,Combined Science,97.5,4,0,1,0,good,False,False,"Pooja Joshi is a solid, steady student who does what's asked and not a great deal more. Maths is her best subject by a distance. Combined Science is the one her tutor has to chase every report. Behaviour record is spotless: 0 points on the system all year. 97.5% attendance and always on time. At home it's both parents, both working in the family business, in a house with a converted loft room. Spends every break on fishing on the Lea. Recently bereaved - lost her grandfather last year and it shows."
HAR1897,Faizan Malik,M,11,11F,Rom,Mr N. Sharpe,2011-04-13,15.4,British Pakistani,Punjabi,Yes - developing,Yes,SEN Support (K),MLD - Moderate Learning Difficulty,5.3,14y 2m,English Language,Religious Studies,100.0,0,57,11,0,mixed,False,False,"Faizan Malik has MLD - Moderate Learning Difficulty, which shapes how he copes with a full timetable in a building this loud. Currently 5.3 on average - on target in English Language, a full two grades off in Religious Studies. 57 points. Nothing serious, but the pattern is talking over staff and refusing to move seats. 100.0% attendance and always on time. Lives in a terraced house shared with an aunt's family with mum and her partner. Supportive at home, but stretched thin. Quietly good at BMX, which nobody at school knew until Year 9."
HAR1898,Junaid Kabir,M,11,11F,Rom,Mr N. Sharpe,2011-01-22,15.6,British Bangladeshi,Sylheti,Yes - fluent,No,EHCP,"SEMH - Social, Emotional & Mental Health",4.0,13y 6m,Combined Science,English Literature,96.1,1,61,11,0,mixed,False,False,"Junaid Kabir has SEMH - Social, Emotional & Mental Health and works with the SEN team most weeks. Average working grade 4.0. Combined Science is well above the rest; English Literature is dragging the profile down. 61 points logged - low-level stuff: chatting, out of seat, phone on the desk. Attendance 96.1% - never an issue. Lives in temporary accommodation with both parents, both working in the family business. Obsessed with streaming on Twitch to the point of doing homework about it unprompted. EHCP names 5 hours of TA support a week and access arrangements for exams."
HAR1899,Ashraful Kabir,M,11,11F,Rom,Mr N. Sharpe,2011-08-26,15.0,British Bangladeshi,Bengali,Yes - developing,Yes,None,,3.3,12y 4m,English Language,English Literature,96.3,4,8,0,0,good,False,False,"Ashraful Kabir can do the work when someone sits with him, and almost never does it when nobody does. Average of 3.3 across the board, with a big spread between English Language and English Literature. Reading age assessed at 12y 4m. Everything else follows from that. 8 behaviour points, which for this school is nothing at all. Attendance 96.3%. The only absences are medical and always covered by a note. Home is in a terraced house shared with an aunt's family with an uncle who is also his named carer. Obsessed with drawing manga to the point of doing homework about it unprompted. Child in Need plan open; social worker attends termly."
HAR1900,Tomas Petraitis,M,11,11F,Rom,Mr N. Sharpe,2010-11-07,15.8,White Other (Lithuanian),Lithuanian,No,Yes,None,,3.2,13y 0m,Maths,French,94.6,0,80,7,0,mixed,False,False,"Tomas Petraitis has decided school isn't for him and spends most lessons proving it. Average of 3.2 across the board, with a big spread between Maths and French. Reading age of 13y 0m against a chronological age of 15y 9m, which is the root of most of it. 80 behaviour points and 7 detentions, all for the same three things. Attendance 94.6%, which the year team are keeping an eye on. Lives on the Manor Park end with mum only. English isn't the main language at home, so letters get read by an older sibling. Goes to gospel choir every week without fail. On a pastoral support plan after a difficult autumn term."
